n,q,alpha,beta,seed,representation,row_accuracy,perm_accuracy,value_accuracy,raw_matrix_entry_corruption_rate,raw_perm_corruption_rate,raw_value_corruption_rate,elapsed_s
16,5,0.00500000000000000,0.0500000000000000,1,monomial_based,15/16,nan,nan,29/256,nan,nan,0.009296894073486328
16,5,0.00500000000000000,0.0500000000000000,1,list_based,1,1,1,nan,1/8,0,0.0016698837280273438
16,5,0.00500000000000000,0.0500000000000000,2,monomial_based,13/16,nan,nan,5/32,nan,nan,0.006567955017089844
16,5,0.00500000000000000,0.0500000000000000,2,list_based,7/8,1,7/8,nan,1/16,3/16,0.0018019676208496094
16,5,0.00500000000000000,0.0500000000000000,3,monomial_based,13/16,nan,nan,35/256,nan,nan,0.006530046463012695
16,5,0.00500000000000000,0.0500000000000000,3,list_based,13/16,7/8,15/16,nan,1/16,1/8,0.001598358154296875
16,5,0.00500000000000000,0.0500000000000000,4,monomial_based,15/16,nan,nan,13/128,nan,nan,0.0064771175384521484
16,5,0.00500000000000000,0.0500000000000000,4,list_based,7/8,7/8,1,nan,1/16,0,0.001641988754272461
16,5,0.00500000000000000,0.0500000000000000,5,monomial_based,13/16,nan,nan,37/256,nan,nan,0.0065920352935791016
16,5,0.00500000000000000,0.0500000000000000,5,list_based,13/16,7/8,15/16,nan,1/16,1/16,0.0015859603881835938
16,5,0.00500000000000000,0.100000000000000,1,monomial_based,9/16,nan,nan,61/256,nan,nan,0.006906032562255859
16,5,0.00500000000000000,0.100000000000000,1,list_based,7/8,7/8,1,nan,3/16,0,0.0019991397857666016
16,5,0.00500000000000000,0.100000000000000,2,monomial_based,1/4,nan,nan,35/128,nan,nan,0.007314205169677734
16,5,0.00500000000000000,0.100000000000000,2,list_based,7/8,1,7/8,nan,1/8,3/16,0.002009153366088867
16,5,0.00500000000000000,0.100000000000000,3,monomial_based,11/16,nan,nan,57/256,nan,nan,0.011155128479003906
16,5,0.00500000000000000,0.100000000000000,3,list_based,13/16,7/8,15/16,nan,1/16,1/8,0.0016360282897949219
16,5,0.00500000000000000,0.100000000000000,4,monomial_based,3/4,nan,nan,15/64,nan,nan,0.02874016761779785
16,5,0.00500000000000000,0.100000000000000,4,list_based,7/8,7/8,1,nan,1/16,0,0.0016529560089111328
16,5,0.00500000000000000,0.100000000000000,5,monomial_based,5/16,nan,nan,71/256,nan,nan,0.005710124969482422
16,5,0.00500000000000000,0.100000000000000,5,list_based,3/4,7/8,7/8,nan,3/16,1/8,0.0015819072723388672
16,5,0.00500000000000000,0.150000000000000,1,monomial_based,3/8,nan,nan,91/256,nan,nan,0.006014108657836914
16,5,0.00500000000000000,0.150000000000000,1,list_based,11/16,11/16,1,nan,1/4,0,0.0016865730285644531
16,5,0.00500000000000000,0.150000000000000,2,monomial_based,1/2,nan,nan,97/256,nan,nan,0.005581855773925781
16,5,0.00500000000000000,0.150000000000000,2,list_based,9/16,11/16,7/8,nan,1/4,3/16,0.001711130142211914
16,5,0.00500000000000000,0.150000000000000,3,monomial_based,5/16,nan,nan,91/256,nan,nan,0.006582736968994141
16,5,0.00500000000000000,0.150000000000000,3,list_based,7/8,1,7/8,nan,1/4,3/16,0.0016701221466064453
16,5,0.00500000000000000,0.150000000000000,4,monomial_based,9/16,nan,nan,45/128,nan,nan,0.005717039108276367
16,5,0.00500000000000000,0.150000000000000,4,list_based,7/8,7/8,1,nan,1/16,1/16,0.0016970634460449219
16,5,0.00500000000000000,0.150000000000000,5,monomial_based,1/4,nan,nan,25/64,nan,nan,0.005916118621826172
16,5,0.00500000000000000,0.150000000000000,5,list_based,11/16,13/16,7/8,nan,5/16,3/16,0.0017919540405273438
16,5,0.00500000000000000,0.200000000000000,1,monomial_based,3/8,nan,nan,117/256,nan,nan,0.006161212921142578
16,5,0.00500000000000000,0.200000000000000,1,list_based,5/8,11/16,15/16,nan,5/16,1/8,0.0018398761749267578
16,5,0.00500000000000000,0.200000000000000,2,monomial_based,3/16,nan,nan,121/256,nan,nan,0.00687408447265625
16,5,0.00500000000000000,0.200000000000000,2,list_based,7/16,9/16,13/16,nan,3/8,5/16,0.0023889541625976562
16,5,0.00500000000000000,0.200000000000000,3,monomial_based,3/16,nan,nan,117/256,nan,nan,0.007892847061157227
16,5,0.00500000000000000,0.200000000000000,3,list_based,5/16,1/2,13/16,nan,1/4,1/4,0.002897977828979492
16,5,0.00500000000000000,0.200000000000000,4,monomial_based,9/16,nan,nan,57/128,nan,nan,0.0060749053955078125
16,5,0.00500000000000000,0.200000000000000,4,list_based,3/4,7/8,7/8,nan,1/16,7/16,0.0016398429870605469
16,5,0.00500000000000000,0.200000000000000,5,monomial_based,1/4,nan,nan,125/256,nan,nan,0.007591724395751953
16,5,0.00500000000000000,0.200000000000000,5,list_based,1/2,9/16,7/8,nan,3/8,5/16,0.0019669532775878906
16,5,0.0100000000000000,0.0500000000000000,1,monomial_based,15/16,nan,nan,29/256,nan,nan,0.00675201416015625
16,5,0.0100000000000000,0.0500000000000000,1,list_based,1,1,1,nan,1/8,0,0.0016193389892578125
16,5,0.0100000000000000,0.0500000000000000,2,monomial_based,11/16,nan,nan,41/256,nan,nan,0.007853984832763672
16,5,0.0100000000000000,0.0500000000000000,2,list_based,13/16,7/8,15/16,nan,1/8,3/16,0.0016639232635498047
16,5,0.0100000000000000,0.0500000000000000,3,monomial_based,3/4,nan,nan,35/256,nan,nan,0.00656580924987793
16,5,0.0100000000000000,0.0500000000000000,3,list_based,13/16,7/8,15/16,nan,1/16,1/8,0.0018188953399658203
16,5,0.0100000000000000,0.0500000000000000,4,monomial_based,15/16,nan,nan,13/128,nan,nan,0.007280826568603516
16,5,0.0100000000000000,0.0500000000000000,4,list_based,7/8,7/8,1,nan,1/16,0,0.0016529560089111328
16,5,0.0100000000000000,0.0500000000000000,5,monomial_based,11/16,nan,nan,37/256,nan,nan,0.007740020751953125
16,5,0.0100000000000000,0.0500000000000000,5,list_based,13/16,7/8,15/16,nan,1/16,1/16,0.0015759468078613281
16,5,0.0100000000000000,0.100000000000000,1,monomial_based,5/16,nan,nan,61/256,nan,nan,0.006676912307739258
16,5,0.0100000000000000,0.100000000000000,1,list_based,5/8,5/8,1,nan,3/16,0,0.0018002986907958984
16,5,0.0100000000000000,0.100000000000000,2,monomial_based,7/16,nan,nan,71/256,nan,nan,0.00658416748046875
16,5,0.0100000000000000,0.100000000000000,2,list_based,5/8,3/4,7/8,nan,3/16,3/16,0.0019011497497558594
16,5,0.0100000000000000,0.100000000000000,3,monomial_based,5/16,nan,nan,57/256,nan,nan,0.00634002685546875
16,5,0.0100000000000000,0.100000000000000,3,list_based,15/16,1,15/16,nan,1/16,1/8,0.0016207695007324219
16,5,0.0100000000000000,0.100000000000000,4,monomial_based,3/4,nan,nan,15/64,nan,nan,0.005765199661254883
16,5,0.0100000000000000,0.100000000000000,4,list_based,7/8,7/8,1,nan,1/16,0,0.0019178390502929688
16,5,0.0100000000000000,0.100000000000000,5,monomial_based,3/8,nan,nan,71/256,nan,nan,0.0061798095703125
16,5,0.0100000000000000,0.100000000000000,5,list_based,9/16,11/16,7/8,nan,3/16,1/8,0.0016269683837890625
16,5,0.0100000000000000,0.150000000000000,1,monomial_based,3/8,nan,nan,91/256,nan,nan,0.00661921501159668
16,5,0.0100000000000000,0.150000000000000,1,list_based,11/16,11/16,1,nan,1/4,0,0.0016219615936279297
16,5,0.0100000000000000,0.150000000000000,2,monomial_based,5/16,nan,nan,97/256,nan,nan,0.006309986114501953
16,5,0.0100000000000000,0.150000000000000,2,list_based,5/8,11/16,7/8,nan,1/4,3/16,0.0016162395477294922
16,5,0.0100000000000000,0.150000000000000,3,monomial_based,1/4,nan,nan,91/256,nan,nan,0.006354808807373047
16,5,0.0100000000000000,0.150000000000000,3,list_based,3/8,1/2,7/8,nan,1/4,3/16,0.001955747604370117
16,5,0.0100000000000000,0.150000000000000,4,monomial_based,9/16,nan,nan,45/128,nan,nan,0.005776882171630859
16,5,0.0100000000000000,0.150000000000000,4,list_based,7/8,7/8,1,nan,1/16,1/16,0.0018200874328613281
16,5,0.0100000000000000,0.150000000000000,5,monomial_based,1/4,nan,nan,25/64,nan,nan,0.005755901336669922
16,5,0.0100000000000000,0.150000000000000,5,list_based,5/8,11/16,7/8,nan,5/16,3/16,0.0021080970764160156
16,5,0.0100000000000000,0.200000000000000,1,monomial_based,3/16,nan,nan,117/256,nan,nan,0.006154060363769531
16,5,0.0100000000000000,0.200000000000000,1,list_based,11/16,3/4,15/16,nan,5/16,1/8,0.0016028881072998047
16,5,0.0100000000000000,0.200000000000000,2,monomial_based,1/4,nan,nan,121/256,nan,nan,0.005500078201293945
16,5,0.0100000000000000,0.200000000000000,2,list_based,3/8,1/2,13/16,nan,3/8,5/16,0.0017211437225341797
16,5,0.0100000000000000,0.200000000000000,3,monomial_based,1/8,nan,nan,117/256,nan,nan,0.005772113800048828
16,5,0.0100000000000000,0.200000000000000,3,list_based,3/8,9/16,13/16,nan,1/4,1/4,0.0016717910766601562
16,5,0.0100000000000000,0.200000000000000,4,monomial_based,9/16,nan,nan,57/128,nan,nan,0.005921125411987305
16,5,0.0100000000000000,0.200000000000000,4,list_based,3/4,7/8,7/8,nan,1/16,7/16,0.0018339157104492188
16,5,0.0100000000000000,0.200000000000000,5,monomial_based,5/16,nan,nan,125/256,nan,nan,0.00633692741394043
16,5,0.0100000000000000,0.200000000000000,5,list_based,9/16,5/8,7/8,nan,3/8,5/16,0.0017647743225097656
16,5,0.0150000000000000,0.0500000000000000,1,monomial_based,15/16,nan,nan,29/256,nan,nan,0.007628917694091797
16,5,0.0150000000000000,0.0500000000000000,1,list_based,1,1,1,nan,1/8,0,0.0018260478973388672
16,5,0.0150000000000000,0.0500000000000000,2,monomial_based,7/8,nan,nan,41/256,nan,nan,0.009054899215698242
16,5,0.0150000000000000,0.0500000000000000,2,list_based,3/4,7/8,7/8,nan,1/8,3/16,0.001641988754272461
16,5,0.0150000000000000,0.0500000000000000,3,monomial_based,1/2,nan,nan,35/256,nan,nan,0.007030963897705078
16,5,0.0150000000000000,0.0500000000000000,3,list_based,13/16,7/8,15/16,nan,1/16,1/8,0.0016460418701171875
16,5,0.0150000000000000,0.0500000000000000,4,monomial_based,15/16,nan,nan,13/128,nan,nan,0.005987882614135742
16,5,0.0150000000000000,0.0500000000000000,4,list_based,7/8,7/8,1,nan,1/16,0,0.0016942024230957031
16,5,0.0150000000000000,0.0500000000000000,5,monomial_based,1/2,nan,nan,37/256,nan,nan,0.006753683090209961
16,5,0.0150000000000000,0.0500000000000000,5,list_based,13/16,7/8,15/16,nan,1/16,1/16,0.0016088485717773438
16,5,0.0150000000000000,0.100000000000000,1,monomial_based,3/4,nan,nan,61/256,nan,nan,0.006047964096069336
16,5,0.0150000000000000,0.100000000000000,1,list_based,7/8,7/8,1,nan,3/16,0,0.0016412734985351562
16,5,0.0150000000000000,0.100000000000000,2,monomial_based,3/8,nan,nan,71/256,nan,nan,0.0064449310302734375
16,5,0.0150000000000000,0.100000000000000,2,list_based,3/4,7/8,7/8,nan,3/16,3/16,0.0019068717956542969
16,5,0.0150000000000000,0.100000000000000,3,monomial_based,11/16,nan,nan,57/256,nan,nan,0.006109952926635742
16,5,0.0150000000000000,0.100000000000000,3,list_based,13/16,7/8,15/16,nan,1/16,1/8,0.0017747879028320312
16,5,0.0150000000000000,0.100000000000000,4,monomial_based,3/4,nan,nan,15/64,nan,nan,0.007092952728271484
16,5,0.0150000000000000,0.100000000000000,4,list_based,7/8,7/8,1,nan,1/16,0,0.001628875732421875
16,5,0.0150000000000000,0.100000000000000,5,monomial_based,5/16,nan,nan,71/256,nan,nan,0.007104158401489258
16,5,0.0150000000000000,0.100000000000000,5,list_based,5/8,3/4,7/8,nan,3/16,1/8,0.0015938282012939453
16,5,0.0150000000000000,0.150000000000000,1,monomial_based,5/16,nan,nan,91/256,nan,nan,0.0059740543365478516
16,5,0.0150000000000000,0.150000000000000,1,list_based,11/16,11/16,1,nan,1/4,0,0.0018358230590820312
16,5,0.0150000000000000,0.150000000000000,2,monomial_based,1/4,nan,nan,97/256,nan,nan,0.0045168399810791016
16,5,0.0150000000000000,0.150000000000000,2,list_based,1/2,9/16,7/8,nan,1/4,3/16,0.0017750263214111328
16,5,0.0150000000000000,0.150000000000000,3,monomial_based,1/4,nan,nan,91/256,nan,nan,0.005291938781738281
16,5,0.0150000000000000,0.150000000000000,3,list_based,7/16,9/16,7/8,nan,1/4,3/16,0.0017960071563720703
16,5,0.0150000000000000,0.150000000000000,4,monomial_based,9/16,nan,nan,45/128,nan,nan,0.0044710636138916016
16,5,0.0150000000000000,0.150000000000000,4,list_based,7/8,7/8,1,nan,1/16,1/16,0.0019230842590332031
16,5,0.0150000000000000,0.150000000000000,5,monomial_based,3/16,nan,nan,25/64,nan,nan,0.004900693893432617
16,5,0.0150000000000000,0.150000000000000,5,list_based,11/16,13/16,7/8,nan,5/16,3/16,0.001895904541015625
16,5,0.0150000000000000,0.200000000000000,1,monomial_based,5/16,nan,nan,117/256,nan,nan,0.005528926849365234
16,5,0.0150000000000000,0.200000000000000,1,list_based,11/16,3/4,15/16,nan,5/16,1/8,0.002434968948364258
16,5,0.0150000000000000,0.200000000000000,2,monomial_based,1/4,nan,nan,121/256,nan,nan,0.006071805953979492
16,5,0.0150000000000000,0.200000000000000,2,list_based,5/16,1/2,13/16,nan,3/8,5/16,0.0022618770599365234
16,5,0.0150000000000000,0.200000000000000,3,monomial_based,3/16,nan,nan,117/256,nan,nan,0.006494998931884766
16,5,0.0150000000000000,0.200000000000000,3,list_based,9/16,3/4,13/16,nan,1/4,1/4,0.0016376972198486328
16,5,0.0150000000000000,0.200000000000000,4,monomial_based,9/16,nan,nan,57/128,nan,nan,0.007058143615722656
16,5,0.0150000000000000,0.200000000000000,4,list_based,7/8,1,7/8,nan,1/16,7/16,0.0016121864318847656
16,5,0.0150000000000000,0.200000000000000,5,monomial_based,3/8,nan,nan,125/256,nan,nan,0.006841897964477539
16,5,0.0150000000000000,0.200000000000000,5,list_based,1/2,9/16,7/8,nan,3/8,5/16,0.0016798973083496094
16,5,0.0200000000000000,0.0500000000000000,1,monomial_based,15/16,nan,nan,29/256,nan,nan,0.007566213607788086
16,5,0.0200000000000000,0.0500000000000000,1,list_based,1,1,1,nan,1/8,0,0.0015950202941894531
16,5,0.0200000000000000,0.0500000000000000,2,monomial_based,7/8,nan,nan,41/256,nan,nan,0.00590205192565918
16,5,0.0200000000000000,0.0500000000000000,2,list_based,3/4,7/8,13/16,nan,1/8,3/16,0.0015859603881835938
16,5,0.0200000000000000,0.0500000000000000,3,monomial_based,3/8,nan,nan,35/256,nan,nan,0.0062220096588134766
16,5,0.0200000000000000,0.0500000000000000,3,list_based,13/16,7/8,15/16,nan,1/16,1/8,0.0017910003662109375
16,5,0.0200000000000000,0.0500000000000000,4,monomial_based,15/16,nan,nan,13/128,nan,nan,0.006075143814086914
16,5,0.0200000000000000,0.0500000000000000,4,list_based,7/8,7/8,1,nan,1/16,0,0.0015916824340820312
16,5,0.0200000000000000,0.0500000000000000,5,monomial_based,1,nan,nan,37/256,nan,nan,0.006429195404052734
16,5,0.0200000000000000,0.0500000000000000,5,list_based,13/16,7/8,15/16,nan,1/16,1/16,0.0016982555389404297
16,5,0.0200000000000000,0.100000000000000,1,monomial_based,7/16,nan,nan,61/256,nan,nan,0.004448890686035156
16,5,0.0200000000000000,0.100000000000000,1,list_based,7/8,7/8,1,nan,3/16,0,0.0016188621520996094
16,5,0.0200000000000000,0.100000000000000,2,monomial_based,3/8,nan,nan,71/256,nan,nan,0.004641056060791016
16,5,0.0200000000000000,0.100000000000000,2,list_based,3/4,7/8,13/16,nan,3/16,3/16,0.0020287036895751953
16,5,0.0200000000000000,0.100000000000000,3,monomial_based,5/16,nan,nan,57/256,nan,nan,0.004457950592041016
16,5,0.0200000000000000,0.100000000000000,3,list_based,13/16,7/8,15/16,nan,1/16,1/8,0.0016698837280273438
16,5,0.0200000000000000,0.100000000000000,4,monomial_based,3/4,nan,nan,15/64,nan,nan,0.004673004150390625
16,5,0.0200000000000000,0.100000000000000,4,list_based,7/8,7/8,1,nan,1/16,0,0.0017499923706054688
16,5,0.0200000000000000,0.100000000000000,5,monomial_based,1/4,nan,nan,71/256,nan,nan,0.005176067352294922
16,5,0.0200000000000000,0.100000000000000,5,list_based,5/8,11/16,7/8,nan,3/16,1/8,0.0017600059509277344
16,5,0.0200000000000000,0.150000000000000,1,monomial_based,5/16,nan,nan,91/256,nan,nan,0.004928112030029297
16,5,0.0200000000000000,0.150000000000000,1,list_based,11/16,11/16,1,nan,1/4,0,0.0019292831420898438
16,5,0.0200000000000000,0.150000000000000,2,monomial_based,3/8,nan,nan,97/256,nan,nan,0.005368947982788086
16,5,0.0200000000000000,0.150000000000000,2,list_based,1/2,9/16,13/16,nan,1/4,3/16,0.0018689632415771484
16,5,0.0200000000000000,0.150000000000000,3,monomial_based,1/4,nan,nan,91/256,nan,nan,0.0044841766357421875
16,5,0.0200000000000000,0.150000000000000,3,list_based,7/16,9/16,7/8,nan,1/4,3/16,0.0015838146209716797
16,5,0.0200000000000000,0.150000000000000,4,monomial_based,9/16,nan,nan,45/128,nan,nan,0.00457000732421875
16,5,0.0200000000000000,0.150000000000000,4,list_based,7/8,7/8,1,nan,1/16,1/16,0.0017380714416503906
16,5,0.0200000000000000,0.150000000000000,5,monomial_based,3/16,nan,nan,25/64,nan,nan,0.004812955856323242
16,5,0.0200000000000000,0.150000000000000,5,list_based,11/16,13/16,7/8,nan,5/16,3/16,0.001631021499633789
16,5,0.0200000000000000,0.200000000000000,1,monomial_based,3/16,nan,nan,117/256,nan,nan,0.006088972091674805
16,5,0.0200000000000000,0.200000000000000,1,list_based,11/16,3/4,15/16,nan,5/16,1/8,0.0016138553619384766
16,5,0.0200000000000000,0.200000000000000,2,monomial_based,1/4,nan,nan,121/256,nan,nan,0.005969047546386719
16,5,0.0200000000000000,0.200000000000000,2,list_based,3/16,3/8,3/4,nan,3/8,5/16,0.0017626285552978516
16,5,0.0200000000000000,0.200000000000000,3,monomial_based,3/16,nan,nan,117/256,nan,nan,0.00597691535949707
16,5,0.0200000000000000,0.200000000000000,3,list_based,5/16,1/2,13/16,nan,1/4,1/4,0.0018360614776611328
16,5,0.0200000000000000,0.200000000000000,4,monomial_based,9/16,nan,nan,57/128,nan,nan,0.006450176239013672
16,5,0.0200000000000000,0.200000000000000,4,list_based,3/4,7/8,7/8,nan,1/16,7/16,0.0017771720886230469
16,5,0.0200000000000000,0.200000000000000,5,monomial_based,1/4,nan,nan,125/256,nan,nan,0.005913972854614258
16,5,0.0200000000000000,0.200000000000000,5,list_based,3/8,7/16,7/8,nan,3/8,5/16,0.0018711090087890625
16,11,0.00500000000000000,0.0500000000000000,1,monomial_based,1,nan,nan,35/256,nan,nan,0.010011672973632812
16,11,0.00500000000000000,0.0500000000000000,1,list_based,11/16,3/4,15/16,nan,1/4,1/16,0.003085613250732422
16,11,0.00500000000000000,0.0500000000000000,2,monomial_based,7/8,nan,nan,43/256,nan,nan,0.009795904159545898
16,11,0.00500000000000000,0.0500000000000000,2,list_based,15/16,1,15/16,nan,0,1/16,0.002070903778076172
16,11,0.00500000000000000,0.0500000000000000,3,monomial_based,15/16,nan,nan,43/256,nan,nan,0.0080718994140625
16,11,0.00500000000000000,0.0500000000000000,3,list_based,11/16,7/8,3/4,nan,1/8,1/4,0.0032308101654052734
16,11,0.00500000000000000,0.0500000000000000,4,monomial_based,13/16,nan,nan,49/256,nan,nan,0.009228944778442383
16,11,0.00500000000000000,0.0500000000000000,4,list_based,15/16,1,15/16,nan,0,1/16,0.002124786376953125
16,11,0.00500000000000000,0.0500000000000000,5,monomial_based,13/16,nan,nan,55/256,nan,nan,0.00879216194152832
16,11,0.00500000000000000,0.0500000000000000,5,list_based,15/16,1,15/16,nan,1/8,1/16,0.0019519329071044922
16,11,0.00500000000000000,0.100000000000000,1,monomial_based,5/8,nan,nan,41/128,nan,nan,0.008792877197265625
16,11,0.00500000000000000,0.100000000000000,1,list_based,9/16,3/4,13/16,nan,3/8,1/4,0.0021839141845703125
16,11,0.00500000000000000,0.100000000000000,2,monomial_based,1/2,nan,nan,77/256,nan,nan,0.00865316390991211
16,11,0.00500000000000000,0.100000000000000,2,list_based,5/8,3/4,7/8,nan,1/4,3/16,0.0024390220642089844
16,11,0.00500000000000000,0.100000000000000,3,monomial_based,3/4,nan,nan,21/64,nan,nan,0.008924007415771484
16,11,0.00500000000000000,0.100000000000000,3,list_based,9/16,3/4,11/16,nan,3/16,3/8,0.002052783966064453
16,11,0.00500000000000000,0.100000000000000,4,monomial_based,3/8,nan,nan,93/256,nan,nan,0.008497238159179688
16,11,0.00500000000000000,0.100000000000000,4,list_based,11/16,7/8,3/4,nan,1/8,3/8,0.002006053924560547
16,11,0.00500000000000000,0.100000000000000,5,monomial_based,3/4,nan,nan,47/128,nan,nan,0.009039878845214844
16,11,0.00500000000000000,0.100000000000000,5,list_based,15/16,1,15/16,nan,1/8,3/16,0.0022377967834472656
16,11,0.00500000000000000,0.150000000000000,1,monomial_based,7/16,nan,nan,115/256,nan,nan,0.008203983306884766
16,11,0.00500000000000000,0.150000000000000,1,list_based,7/16,5/8,3/4,nan,3/8,3/8,0.0025238990783691406
16,11,0.00500000000000000,0.150000000000000,2,monomial_based,1/2,nan,nan,115/256,nan,nan,0.008604049682617188
16,11,0.00500000000000000,0.150000000000000,2,list_based,1/2,9/16,13/16,nan,5/16,3/8,0.0020270347595214844
16,11,0.00500000000000000,0.150000000000000,3,monomial_based,3/8,nan,nan,111/256,nan,nan,0.008793115615844727
16,11,0.00500000000000000,0.150000000000000,3,list_based,5/8,3/4,3/4,nan,3/16,3/8,0.0020742416381835938
16,11,0.00500000000000000,0.150000000000000,4,monomial_based,3/8,nan,nan,63/128,nan,nan,0.007829904556274414
16,11,0.00500000000000000,0.150000000000000,4,list_based,3/8,13/16,9/16,nan,1/4,1/2,0.002063751220703125
16,11,0.00500000000000000,0.150000000000000,5,monomial_based,7/16,nan,nan,133/256,nan,nan,0.008480072021484375
16,11,0.00500000000000000,0.150000000000000,5,list_based,11/16,3/4,7/8,nan,1/4,3/16,0.0021457672119140625
16,11,0.00500000000000000,0.200000000000000,1,monomial_based,1/4,nan,nan,147/256,nan,nan,0.008026838302612305
16,11,0.00500000000000000,0.200000000000000,1,list_based,7/16,9/16,11/16,nan,7/16,7/16,0.003111124038696289
16,11,0.00500000000000000,0.200000000000000,2,monomial_based,5/16,nan,nan,37/64,nan,nan,0.016721248626708984
16,11,0.00500000000000000,0.200000000000000,2,list_based,1/2,11/16,11/16,nan,5/16,3/8,0.005383729934692383
16,11,0.00500000000000000,0.200000000000000,3,monomial_based,5/16,nan,nan,139/256,nan,nan,0.014938116073608398
16,11,0.00500000000000000,0.200000000000000,3,list_based,3/8,1/2,11/16,nan,3/8,3/8,0.0020890235900878906
16,11,0.00500000000000000,0.200000000000000,4,monomial_based,3/8,nan,nan,151/256,nan,nan,0.008013725280761719
16,11,0.00500000000000000,0.200000000000000,4,list_based,3/8,5/8,9/16,nan,1/4,9/16,0.002427816390991211
16,11,0.00500000000000000,0.200000000000000,5,monomial_based,5/16,nan,nan,39/64,nan,nan,0.007596015930175781
16,11,0.00500000000000000,0.200000000000000,5,list_based,9/16,9/16,15/16,nan,3/8,3/8,0.0022699832916259766
16,11,0.0100000000000000,0.0500000000000000,1,monomial_based,1,nan,nan,35/256,nan,nan,0.009852170944213867
16,11,0.0100000000000000,0.0500000000000000,1,list_based,9/16,5/8,15/16,nan,1/4,1/16,0.0021800994873046875
16,11,0.0100000000000000,0.0500000000000000,2,monomial_based,7/8,nan,nan,43/256,nan,nan,0.010101079940795898
16,11,0.0100000000000000,0.0500000000000000,2,list_based,7/8,1,7/8,nan,0,1/8,0.0019910335540771484
16,11,0.0100000000000000,0.0500000000000000,3,monomial_based,15/16,nan,nan,43/256,nan,nan,0.010509014129638672
16,11,0.0100000000000000,0.0500000000000000,3,list_based,11/16,7/8,3/4,nan,1/8,1/4,0.0019769668579101562
16,11,0.0100000000000000,0.0500000000000000,4,monomial_based,13/16,nan,nan,49/256,nan,nan,0.010319948196411133
16,11,0.0100000000000000,0.0500000000000000,4,list_based,13/16,7/8,15/16,nan,1/16,1/16,0.0025980472564697266
16,11,0.0100000000000000,0.0500000000000000,5,monomial_based,3/4,nan,nan,55/256,nan,nan,0.009574174880981445
16,11,0.0100000000000000,0.0500000000000000,5,list_based,15/16,1,15/16,nan,3/16,1/16,0.0020639896392822266
16,11,0.0100000000000000,0.100000000000000,1,monomial_based,5/8,nan,nan,41/128,nan,nan,0.009675025939941406
16,11,0.0100000000000000,0.100000000000000,1,list_based,9/16,3/4,13/16,nan,3/8,1/4,0.0024199485778808594
16,11,0.0100000000000000,0.100000000000000,2,monomial_based,5/8,nan,nan,77/256,nan,nan,0.033149003982543945
16,11,0.0100000000000000,0.100000000000000,2,list_based,9/16,3/4,13/16,nan,1/4,1/4,0.0032198429107666016
16,11,0.0100000000000000,0.100000000000000,3,monomial_based,5/8,nan,nan,21/64,nan,nan,0.010387897491455078
16,11,0.0100000000000000,0.100000000000000,3,list_based,9/16,3/4,11/16,nan,3/16,3/8,0.002140045166015625
16,11,0.0100000000000000,0.100000000000000,4,monomial_based,13/16,nan,nan,93/256,nan,nan,0.008886098861694336
16,11,0.0100000000000000,0.100000000000000,4,list_based,1/2,11/16,3/4,nan,3/16,3/8,0.0028159618377685547
16,11,0.0100000000000000,0.100000000000000,5,monomial_based,1/2,nan,nan,47/128,nan,nan,0.008003950119018555
16,11,0.0100000000000000,0.100000000000000,5,list_based,3/4,13/16,15/16,nan,3/16,3/16,0.0019450187683105469
16,11,0.0100000000000000,0.150000000000000,1,monomial_based,1/2,nan,nan,115/256,nan,nan,0.009276866912841797
16,11,0.0100000000000000,0.150000000000000,1,list_based,3/8,1/2,3/4,nan,3/8,3/8,0.0024399757385253906
16,11,0.0100000000000000,0.150000000000000,2,monomial_based,7/16,nan,nan,115/256,nan,nan,0.00920414924621582
16,11,0.0100000000000000,0.150000000000000,2,list_based,3/8,1/2,5/8,nan,5/16,7/16,0.002185821533203125
16,11,0.0100000000000000,0.150000000000000,3,monomial_based,7/16,nan,nan,111/256,nan,nan,0.00829315185546875
16,11,0.0100000000000000,0.150000000000000,3,list_based,9/16,11/16,11/16,nan,3/16,3/8,0.0021371841430664062
16,11,0.0100000000000000,0.150000000000000,4,monomial_based,5/16,nan,nan,63/128,nan,nan,0.008720159530639648
16,11,0.0100000000000000,0.150000000000000,4,list_based,7/16,11/16,5/8,nan,5/16,1/2,0.002275228500366211
16,11,0.0100000000000000,0.150000000000000,5,monomial_based,5/16,nan,nan,133/256,nan,nan,0.009174108505249023
16,11,0.0100000000000000,0.150000000000000,5,list_based,11/16,3/4,15/16,nan,5/16,3/16,0.002026081085205078
16,11,0.0100000000000000,0.200000000000000,1,monomial_based,5/16,nan,nan,147/256,nan,nan,0.008240938186645508
16,11,0.0100000000000000,0.200000000000000,1,list_based,7/16,5/8,11/16,nan,7/16,7/16,0.0022308826446533203
16,11,0.0100000000000000,0.200000000000000,2,monomial_based,5/16,nan,nan,37/64,nan,nan,0.007339954376220703
16,11,0.0100000000000000,0.200000000000000,2,list_based,7/16,11/16,5/8,nan,5/16,7/16,0.0020859241485595703
16,11,0.0100000000000000,0.200000000000000,3,monomial_based,5/16,nan,nan,139/256,nan,nan,0.007857084274291992
16,11,0.0100000000000000,0.200000000000000,3,list_based,7/16,9/16,11/16,nan,3/8,3/8,0.0025360584259033203
16,11,0.0100000000000000,0.200000000000000,4,monomial_based,3/8,nan,nan,151/256,nan,nan,0.007529020309448242
16,11,0.0100000000000000,0.200000000000000,4,list_based,3/8,11/16,9/16,nan,5/16,9/16,0.002256155014038086
16,11,0.0100000000000000,0.200000000000000,5,monomial_based,3/16,nan,nan,39/64,nan,nan,0.00877690315246582
16,11,0.0100000000000000,0.200000000000000,5,list_based,11/16,11/16,15/16,nan,7/16,3/8,0.002178192138671875
16,11,0.0150000000000000,0.0500000000000000,1,monomial_based,1,nan,nan,35/256,nan,nan,0.009109973907470703
16,11,0.0150000000000000,0.0500000000000000,1,list_based,5/8,3/4,7/8,nan,1/4,1/8,0.0019888877868652344
16,11,0.0150000000000000,0.0500000000000000,2,monomial_based,7/8,nan,nan,43/256,nan,nan,0.011358022689819336
16,11,0.0150000000000000,0.0500000000000000,2,list_based,7/8,1,7/8,nan,0,1/8,0.0027420520782470703
16,11,0.0150000000000000,0.0500000000000000,3,monomial_based,3/4,nan,nan,45/256,nan,nan,0.009073972702026367
16,11,0.0150000000000000,0.0500000000000000,3,list_based,9/16,3/4,3/4,nan,1/8,1/4,0.0027048587799072266
16,11,0.0150000000000000,0.0500000000000000,4,monomial_based,13/16,nan,nan,49/256,nan,nan,0.00892496109008789
16,11,0.0150000000000000,0.0500000000000000,4,list_based,13/16,7/8,15/16,nan,1/8,1/16,0.0027551651000976562
16,11,0.0150000000000000,0.0500000000000000,5,monomial_based,3/4,nan,nan,55/256,nan,nan,0.009910821914672852
16,11,0.0150000000000000,0.0500000000000000,5,list_based,15/16,1,15/16,nan,3/16,1/16,0.002613067626953125
16,11,0.0150000000000000,0.100000000000000,1,monomial_based,11/16,nan,nan,41/128,nan,nan,0.01004791259765625
16,11,0.0150000000000000,0.100000000000000,1,list_based,7/16,11/16,3/4,nan,3/8,5/16,0.002051115036010742
16,11,0.0150000000000000,0.100000000000000,2,monomial_based,1/2,nan,nan,77/256,nan,nan,0.010074853897094727
16,11,0.0150000000000000,0.100000000000000,2,list_based,1/2,11/16,13/16,nan,1/4,1/4,0.002382040023803711
16,11,0.0150000000000000,0.100000000000000,3,monomial_based,5/8,nan,nan,43/128,nan,nan,0.009320259094238281
16,11,0.0150000000000000,0.100000000000000,3,list_based,9/16,3/4,11/16,nan,3/16,3/8,0.0019659996032714844
16,11,0.0150000000000000,0.100000000000000,4,monomial_based,11/16,nan,nan,93/256,nan,nan,0.008521080017089844
16,11,0.0150000000000000,0.100000000000000,4,list_based,3/8,9/16,3/4,nan,1/4,3/8,0.0019991397857666016
16,11,0.0150000000000000,0.100000000000000,5,monomial_based,5/16,nan,nan,47/128,nan,nan,0.008349895477294922
16,11,0.0150000000000000,0.100000000000000,5,list_based,15/16,1,15/16,nan,3/16,3/16,0.0020859241485595703
16,11,0.0150000000000000,0.150000000000000,1,monomial_based,1/2,nan,nan,115/256,nan,nan,0.008781194686889648
16,11,0.0150000000000000,0.150000000000000,1,list_based,9/16,7/8,11/16,nan,3/8,3/8,0.0019741058349609375
16,11,0.0150000000000000,0.150000000000000,2,monomial_based,5/16,nan,nan,115/256,nan,nan,0.008558988571166992
16,11,0.0150000000000000,0.150000000000000,2,list_based,3/8,9/16,5/8,nan,5/16,7/16,0.002435922622680664
16,11,0.0150000000000000,0.150000000000000,3,monomial_based,5/16,nan,nan,7/16,nan,nan,0.008526086807250977
16,11,0.0150000000000000,0.150000000000000,3,list_based,1/2,5/8,11/16,nan,3/16,3/8,0.002087831497192383
16,11,0.0150000000000000,0.150000000000000,4,monomial_based,3/8,nan,nan,63/128,nan,nan,0.008452177047729492
16,11,0.0150000000000000,0.150000000000000,4,list_based,5/16,9/16,5/8,nan,5/16,1/2,0.002168893814086914
16,11,0.0150000000000000,0.150000000000000,5,monomial_based,1/8,nan,nan,133/256,nan,nan,0.009071111679077148
16,11,0.0150000000000000,0.150000000000000,5,list_based,9/16,5/8,15/16,nan,5/16,3/16,0.002096891403198242
16,11,0.0150000000000000,0.200000000000000,1,monomial_based,5/16,nan,nan,147/256,nan,nan,0.0075910091400146484
16,11,0.0150000000000000,0.200000000000000,1,list_based,5/16,1/2,11/16,nan,7/16,7/16,0.0028061866760253906
16,11,0.0150000000000000,0.200000000000000,2,monomial_based,5/16,nan,nan,37/64,nan,nan,0.008828878402709961
16,11,0.0150000000000000,0.200000000000000,2,list_based,1/2,3/4,5/8,nan,5/16,7/16,0.001989126205444336
16,11,0.0150000000000000,0.200000000000000,3,monomial_based,1/4,nan,nan,35/64,nan,nan,0.007856130599975586
16,11,0.0150000000000000,0.200000000000000,3,list_based,3/8,7/16,11/16,nan,3/8,3/8,0.0019702911376953125
16,11,0.0150000000000000,0.200000000000000,4,monomial_based,5/16,nan,nan,151/256,nan,nan,0.00723719596862793
16,11,0.0150000000000000,0.200000000000000,4,list_based,3/8,3/4,9/16,nan,5/16,9/16,0.002155780792236328
16,11,0.0150000000000000,0.200000000000000,5,monomial_based,5/16,nan,nan,39/64,nan,nan,0.0073490142822265625
16,11,0.0150000000000000,0.200000000000000,5,list_based,9/16,9/16,15/16,nan,7/16,3/8,0.001984834671020508
16,11,0.0200000000000000,0.0500000000000000,1,monomial_based,1,nan,nan,35/256,nan,nan,0.009660959243774414
16,11,0.0200000000000000,0.0500000000000000,1,list_based,5/8,3/4,7/8,nan,5/16,1/8,0.0024611949920654297
16,11,0.0200000000000000,0.0500000000000000,2,monomial_based,7/8,nan,nan,43/256,nan,nan,0.009037017822265625
16,11,0.0200000000000000,0.0500000000000000,2,list_based,7/8,1,7/8,nan,0,1/8,0.002321004867553711
16,11,0.0200000000000000,0.0500000000000000,3,monomial_based,3/4,nan,nan,45/256,nan,nan,0.008519887924194336
16,11,0.0200000000000000,0.0500000000000000,3,list_based,11/16,7/8,3/4,nan,3/16,1/4,0.002137899398803711
16,11,0.0200000000000000,0.0500000000000000,4,monomial_based,13/16,nan,nan,49/256,nan,nan,0.009047985076904297
16,11,0.0200000000000000,0.0500000000000000,4,list_based,13/16,7/8,15/16,nan,1/8,1/16,0.0022001266479492188
16,11,0.0200000000000000,0.0500000000000000,5,monomial_based,3/4,nan,nan,55/256,nan,nan,0.008887052536010742
16,11,0.0200000000000000,0.0500000000000000,5,list_based,13/16,7/8,15/16,nan,3/16,1/16,0.0025777816772460938
16,11,0.0200000000000000,0.100000000000000,1,monomial_based,9/16,nan,nan,41/128,nan,nan,0.0071620941162109375
16,11,0.0200000000000000,0.100000000000000,1,list_based,7/16,11/16,3/4,nan,7/16,5/16,0.002385854721069336
16,11,0.0200000000000000,0.100000000000000,2,monomial_based,11/16,nan,nan,77/256,nan,nan,0.0071489810943603516
16,11,0.0200000000000000,0.100000000000000,2,list_based,9/16,3/4,13/16,nan,1/4,1/4,0.002063274383544922
16,11,0.0200000000000000,0.100000000000000,3,monomial_based,5/8,nan,nan,43/128,nan,nan,0.007511138916015625
16,11,0.0200000000000000,0.100000000000000,3,list_based,5/8,13/16,11/16,nan,1/4,3/8,0.0019228458404541016
16,11,0.0200000000000000,0.100000000000000,4,monomial_based,9/16,nan,nan,93/256,nan,nan,0.008224964141845703
16,11,0.0200000000000000,0.100000000000000,4,list_based,1/2,11/16,3/4,nan,1/4,3/8,0.0020041465759277344
16,11,0.0200000000000000,0.100000000000000,5,monomial_based,7/16,nan,nan,47/128,nan,nan,0.0074999332427978516
16,11,0.0200000000000000,0.100000000000000,5,list_based,15/16,1,15/16,nan,3/16,3/16,0.002226114273071289
16,11,0.0200000000000000,0.150000000000000,1,monomial_based,1/2,nan,nan,115/256,nan,nan,0.007586002349853516
16,11,0.0200000000000000,0.150000000000000,1,list_based,7/16,11/16,11/16,nan,7/16,3/8,0.0021750926971435547
16,11,0.0200000000000000,0.150000000000000,2,monomial_based,3/8,nan,nan,115/256,nan,nan,0.008266925811767578
16,11,0.0200000000000000,0.150000000000000,2,list_based,3/8,1/2,5/8,nan,5/16,7/16,0.0021538734436035156
16,11,0.0200000000000000,0.150000000000000,3,monomial_based,1/2,nan,nan,7/16,nan,nan,0.00837397575378418
16,11,0.0200000000000000,0.150000000000000,3,list_based,9/16,11/16,11/16,nan,1/4,3/8,0.0023441314697265625
16,11,0.0200000000000000,0.150000000000000,4,monomial_based,7/16,nan,nan,63/128,nan,nan,0.00815892219543457
16,11,0.0200000000000000,0.150000000000000,4,list_based,7/16,11/16,5/8,nan,5/16,1/2,0.0022268295288085938
16,11,0.0200000000000000,0.150000000000000,5,monomial_based,1/8,nan,nan,133/256,nan,nan,0.008181333541870117
16,11,0.0200000000000000,0.150000000000000,5,list_based,15/16,1,15/16,nan,5/16,3/16,0.0019850730895996094
16,11,0.0200000000000000,0.200000000000000,1,monomial_based,1/4,nan,nan,147/256,nan,nan,0.006445884704589844
16,11,0.0200000000000000,0.200000000000000,1,list_based,3/8,9/16,11/16,nan,7/16,7/16,0.0022346973419189453
16,11,0.0200000000000000,0.200000000000000,2,monomial_based,5/16,nan,nan,37/64,nan,nan,0.00732874870300293
16,11,0.0200000000000000,0.200000000000000,2,list_based,3/8,1/2,5/8,nan,5/16,7/16,0.0023779869079589844
16,11,0.0200000000000000,0.200000000000000,3,monomial_based,5/16,nan,nan,35/64,nan,nan,0.0069310665130615234
16,11,0.0200000000000000,0.200000000000000,3,list_based,7/16,1/2,11/16,nan,7/16,3/8,0.002758026123046875
16,11,0.0200000000000000,0.200000000000000,4,monomial_based,5/16,nan,nan,151/256,nan,nan,0.007256746292114258
16,11,0.0200000000000000,0.200000000000000,4,list_based,5/16,9/16,9/16,nan,5/16,9/16,0.0025169849395751953
16,11,0.0200000000000000,0.200000000000000,5,monomial_based,3/16,nan,nan,39/64,nan,nan,0.007513284683227539
16,11,0.0200000000000000,0.200000000000000,5,list_based,1/2,1/2,15/16,nan,7/16,3/8,0.002801179885864258
16,31,0.00500000000000000,0.0500000000000000,1,monomial_based,15/16,nan,nan,41/256,nan,nan,0.017950057983398438
16,31,0.00500000000000000,0.0500000000000000,1,list_based,13/16,7/8,15/16,nan,1/16,1/16,0.004955768585205078
16,31,0.00500000000000000,0.0500000000000000,2,monomial_based,13/16,nan,nan,55/256,nan,nan,0.01921391487121582
16,31,0.00500000000000000,0.0500000000000000,2,list_based,7/8,1,7/8,nan,1/16,1/8,0.005085945129394531
16,31,0.00500000000000000,0.0500000000000000,3,monomial_based,3/4,nan,nan,29/128,nan,nan,0.01829385757446289
16,31,0.00500000000000000,0.0500000000000000,3,list_based,3/4,7/8,7/8,nan,1/8,1/8,0.004720211029052734
16,31,0.00500000000000000,0.0500000000000000,4,monomial_based,7/8,nan,nan,7/32,nan,nan,0.039868831634521484
16,31,0.00500000000000000,0.0500000000000000,4,list_based,15/16,1,15/16,nan,1/16,1/8,0.006561994552612305
16,31,0.00500000000000000,0.0500000000000000,5,monomial_based,7/8,nan,nan,63/256,nan,nan,0.01878666877746582
16,31,0.00500000000000000,0.0500000000000000,5,list_based,15/16,1,15/16,nan,1/16,1/16,0.0053708553314208984
16,31,0.00500000000000000,0.100000000000000,1,monomial_based,11/16,nan,nan,91/256,nan,nan,0.01617717742919922
16,31,0.00500000000000000,0.100000000000000,1,list_based,3/4,7/8,7/8,nan,1/16,1/8,0.004818916320800781
16,31,0.00500000000000000,0.100000000000000,2,monomial_based,5/8,nan,nan,13/32,nan,nan,0.017825841903686523
16,31,0.00500000000000000,0.100000000000000,2,list_based,3/4,1,3/4,nan,1/8,1/4,0.005163908004760742
16,31,0.00500000000000000,0.100000000000000,3,monomial_based,9/16,nan,nan,13/32,nan,nan,0.01686692237854004
16,31,0.00500000000000000,0.100000000000000,3,list_based,7/16,1/2,3/4,nan,3/8,1/4,0.005852937698364258
16,31,0.00500000000000000,0.100000000000000,4,monomial_based,3/4,nan,nan,111/256,nan,nan,0.015737056732177734
16,31,0.00500000000000000,0.100000000000000,4,list_based,3/4,7/8,13/16,nan,1/16,1/4,0.0052700042724609375
16,31,0.00500000000000000,0.100000000000000,5,monomial_based,5/8,nan,nan,113/256,nan,nan,0.015777587890625
16,31,0.00500000000000000,0.100000000000000,5,list_based,7/8,1,7/8,nan,1/8,1/8,0.00518798828125
16,31,0.00500000000000000,0.150000000000000,1,monomial_based,9/16,nan,nan,133/256,nan,nan,0.015717029571533203
16,31,0.00500000000000000,0.150000000000000,1,list_based,1/2,5/8,13/16,nan,3/16,3/16,0.0049550533294677734
16,31,0.00500000000000000,0.150000000000000,2,monomial_based,1/8,nan,nan,35/64,nan,nan,0.016141891479492188
16,31,0.00500000000000000,0.150000000000000,2,list_based,1/2,1,1/2,nan,1/8,1/2,0.006060600280761719
16,31,0.00500000000000000,0.150000000000000,3,monomial_based,3/8,nan,nan,141/256,nan,nan,0.01814413070678711
16,31,0.00500000000000000,0.150000000000000,3,list_based,3/8,1/2,11/16,nan,3/8,5/16,0.0049571990966796875
16,31,0.00500000000000000,0.150000000000000,4,monomial_based,9/16,nan,nan,149/256,nan,nan,0.017647981643676758
16,31,0.00500000000000000,0.150000000000000,4,list_based,9/16,7/8,11/16,nan,1/4,3/8,0.004661083221435547
16,31,0.00500000000000000,0.150000000000000,5,monomial_based,5/16,nan,nan,77/128,nan,nan,0.01700305938720703
16,31,0.00500000000000000,0.150000000000000,5,list_based,7/16,5/8,11/16,nan,5/16,5/16,0.0048520565032958984
16,31,0.00500000000000000,0.200000000000000,1,monomial_based,3/8,nan,nan,83/128,nan,nan,0.01566791534423828
16,31,0.00500000000000000,0.200000000000000,1,list_based,3/8,5/8,11/16,nan,5/16,5/16,0.0049936771392822266
16,31,0.00500000000000000,0.200000000000000,2,monomial_based,3/16,nan,nan,173/256,nan,nan,0.015358209609985352
16,31,0.00500000000000000,0.200000000000000,2,list_based,3/16,5/8,3/8,nan,3/16,5/8,0.005048990249633789
16,31,0.00500000000000000,0.200000000000000,3,monomial_based,1/4,nan,nan,169/256,nan,nan,0.014985084533691406
16,31,0.00500000000000000,0.200000000000000,3,list_based,3/8,9/16,5/8,nan,3/8,3/8,0.0058743953704833984
16,31,0.00500000000000000,0.200000000000000,4,monomial_based,1/2,nan,nan,43/64,nan,nan,0.015681028366088867
16,31,0.00500000000000000,0.200000000000000,4,list_based,1/2,3/4,11/16,nan,5/16,3/8,0.004938840866088867
16,31,0.00500000000000000,0.200000000000000,5,monomial_based,3/16,nan,nan,91/128,nan,nan,0.015845775604248047
16,31,0.00500000000000000,0.200000000000000,5,list_based,7/16,9/16,5/8,nan,5/16,3/8,0.005434751510620117
16,31,0.0100000000000000,0.0500000000000000,1,monomial_based,15/16,nan,nan,41/256,nan,nan,0.016071081161499023
16,31,0.0100000000000000,0.0500000000000000,1,list_based,3/4,7/8,7/8,nan,1/16,1/8,0.004427909851074219
16,31,0.0100000000000000,0.0500000000000000,2,monomial_based,13/16,nan,nan,55/256,nan,nan,0.017063140869140625
16,31,0.0100000000000000,0.0500000000000000,2,list_based,3/4,7/8,7/8,nan,1/8,1/8,0.004292011260986328
16,31,0.0100000000000000,0.0500000000000000,3,monomial_based,11/16,nan,nan,59/256,nan,nan,0.01668405532836914
16,31,0.0100000000000000,0.0500000000000000,3,list_based,7/8,1,7/8,nan,1/8,1/8,0.005097150802612305
16,31,0.0100000000000000,0.0500000000000000,4,monomial_based,13/16,nan,nan,57/256,nan,nan,0.01619100570678711
16,31,0.0100000000000000,0.0500000000000000,4,list_based,15/16,1,15/16,nan,1/16,1/8,0.004274129867553711
16,31,0.0100000000000000,0.0500000000000000,5,monomial_based,13/16,nan,nan,1/4,nan,nan,0.017477035522460938
16,31,0.0100000000000000,0.0500000000000000,5,list_based,15/16,1,15/16,nan,1/16,1/16,0.0042629241943359375
16,31,0.0100000000000000,0.100000000000000,1,monomial_based,11/16,nan,nan,91/256,nan,nan,0.015614986419677734
16,31,0.0100000000000000,0.100000000000000,1,list_based,11/16,7/8,13/16,nan,1/16,3/16,0.0048160552978515625
16,31,0.0100000000000000,0.100000000000000,2,monomial_based,5/8,nan,nan,13/32,nan,nan,0.015630722045898438
16,31,0.0100000000000000,0.100000000000000,2,list_based,5/8,7/8,3/4,nan,3/16,1/4,0.005138874053955078
16,31,0.0100000000000000,0.100000000000000,3,monomial_based,1/2,nan,nan,105/256,nan,nan,0.01851511001586914
16,31,0.0100000000000000,0.100000000000000,3,list_based,1/2,5/8,3/4,nan,3/8,1/4,0.00491023063659668
16,31,0.0100000000000000,0.100000000000000,4,monomial_based,11/16,nan,nan,7/16,nan,nan,0.01776909828186035
16,31,0.0100000000000000,0.100000000000000,4,list_based,13/16,1,13/16,nan,1/16,1/4,0.0054438114166259766
16,31,0.0100000000000000,0.100000000000000,5,monomial_based,9/16,nan,nan,57/128,nan,nan,0.03762102127075195
16,31,0.0100000000000000,0.100000000000000,5,list_based,3/4,13/16,7/8,nan,1/8,1/8,0.004391908645629883
16,31,0.0100000000000000,0.150000000000000,1,monomial_based,9/16,nan,nan,133/256,nan,nan,0.015890121459960938
16,31,0.0100000000000000,0.150000000000000,1,list_based,5/8,7/8,3/4,nan,3/16,1/4,0.004346132278442383
16,31,0.0100000000000000,0.150000000000000,2,monomial_based,3/16,nan,nan,35/64,nan,nan,0.016544580459594727
16,31,0.0100000000000000,0.150000000000000,2,list_based,3/8,7/8,1/2,nan,3/16,1/2,0.004820108413696289
16,31,0.0100000000000000,0.150000000000000,3,monomial_based,3/8,nan,nan,71/128,nan,nan,0.01665019989013672
16,31,0.0100000000000000,0.150000000000000,3,list_based,1/2,5/8,11/16,nan,3/8,5/16,0.0046558380126953125
16,31,0.0100000000000000,0.150000000000000,4,monomial_based,5/16,nan,nan,149/256,nan,nan,0.01910090446472168
16,31,0.0100000000000000,0.150000000000000,4,list_based,5/8,1,5/8,nan,1/4,3/8,0.006824970245361328
16,31,0.0100000000000000,0.150000000000000,5,monomial_based,3/16,nan,nan,155/256,nan,nan,0.017062902450561523
16,31,0.0100000000000000,0.150000000000000,5,list_based,5/8,7/8,11/16,nan,5/16,5/16,0.00511479377746582
16,31,0.0100000000000000,0.200000000000000,1,monomial_based,3/8,nan,nan,83/128,nan,nan,0.016767024993896484
16,31,0.0100000000000000,0.200000000000000,1,list_based,3/8,5/8,5/8,nan,5/16,3/8,0.0044231414794921875
16,31,0.0100000000000000,0.200000000000000,2,monomial_based,1/4,nan,nan,173/256,nan,nan,0.016366004943847656
16,31,0.0100000000000000,0.200000000000000,2,list_based,1/4,13/16,3/8,nan,3/16,5/8,0.005086183547973633
16,31,0.0100000000000000,0.200000000000000,3,monomial_based,1/4,nan,nan,85/128,nan,nan,0.01615428924560547
16,31,0.0100000000000000,0.200000000000000,3,list_based,5/16,1/2,5/8,nan,3/8,3/8,0.004747867584228516
16,31,0.0100000000000000,0.200000000000000,4,monomial_based,3/8,nan,nan,43/64,nan,nan,0.01677107810974121
16,31,0.0100000000000000,0.200000000000000,4,list_based,7/16,3/4,11/16,nan,5/16,3/8,0.00516200065612793
16,31,0.0100000000000000,0.200000000000000,5,monomial_based,3/16,nan,nan,183/256,nan,nan,0.01579904556274414
16,31,0.0100000000000000,0.200000000000000,5,list_based,3/8,1/2,5/8,nan,5/16,3/8,0.0051538944244384766
16,31,0.0150000000000000,0.0500000000000000,1,monomial_based,15/16,nan,nan,41/256,nan,nan,0.016175031661987305
16,31,0.0150000000000000,0.0500000000000000,1,list_based,3/4,7/8,7/8,nan,1/16,1/8,0.004646778106689453
16,31,0.0150000000000000,0.0500000000000000,2,monomial_based,7/8,nan,nan,55/256,nan,nan,0.016344070434570312
16,31,0.0150000000000000,0.0500000000000000,2,list_based,3/4,7/8,7/8,nan,1/8,1/8,0.004728794097900391
16,31,0.0150000000000000,0.0500000000000000,3,monomial_based,3/4,nan,nan,59/256,nan,nan,0.01686406135559082
16,31,0.0150000000000000,0.0500000000000000,3,list_based,3/4,7/8,7/8,nan,1/8,1/8,0.004844188690185547
16,31,0.0150000000000000,0.0500000000000000,4,monomial_based,13/16,nan,nan,57/256,nan,nan,0.016182899475097656
16,31,0.0150000000000000,0.0500000000000000,4,list_based,7/8,1,7/8,nan,1/16,1/8,0.005145072937011719
16,31,0.0150000000000000,0.0500000000000000,5,monomial_based,3/4,nan,nan,65/256,nan,nan,0.016698122024536133
16,31,0.0150000000000000,0.0500000000000000,5,list_based,15/16,1,15/16,nan,1/8,1/16,0.004598140716552734
16,31,0.0150000000000000,0.100000000000000,1,monomial_based,11/16,nan,nan,91/256,nan,nan,0.01676487922668457
16,31,0.0150000000000000,0.100000000000000,1,list_based,11/16,7/8,13/16,nan,1/16,3/16,0.005002021789550781
16,31,0.0150000000000000,0.100000000000000,2,monomial_based,11/16,nan,nan,13/32,nan,nan,0.016569137573242188
16,31,0.0150000000000000,0.100000000000000,2,list_based,5/8,7/8,3/4,nan,3/16,1/4,0.004822731018066406
16,31,0.0150000000000000,0.100000000000000,3,monomial_based,9/16,nan,nan,105/256,nan,nan,0.01678180694580078
16,31,0.0150000000000000,0.100000000000000,3,list_based,1/2,9/16,3/4,nan,3/8,1/4,0.005457162857055664
16,31,0.0150000000000000,0.100000000000000,4,monomial_based,11/16,nan,nan,7/16,nan,nan,0.016207218170166016
16,31,0.0150000000000000,0.100000000000000,4,list_based,3/4,1,3/4,nan,1/16,1/4,0.00527501106262207
16,31,0.0150000000000000,0.100000000000000,5,monomial_based,1/2,nan,nan,115/256,nan,nan,0.017139911651611328
16,31,0.0150000000000000,0.100000000000000,5,list_based,11/16,3/4,7/8,nan,3/16,1/8,0.004320859909057617
16,31,0.0150000000000000,0.150000000000000,1,monomial_based,9/16,nan,nan,133/256,nan,nan,0.01745009422302246
16,31,0.0150000000000000,0.150000000000000,1,list_based,5/8,7/8,3/4,nan,3/16,1/4,0.004503965377807617
16,31,0.0150000000000000,0.150000000000000,2,monomial_based,3/16,nan,nan,35/64,nan,nan,0.016338825225830078
16,31,0.0150000000000000,0.150000000000000,2,list_based,3/8,7/8,1/2,nan,3/16,1/2,0.004712104797363281
16,31,0.0150000000000000,0.150000000000000,3,monomial_based,5/16,nan,nan,71/128,nan,nan,0.019526004791259766
16,31,0.0150000000000000,0.150000000000000,3,list_based,7/16,9/16,11/16,nan,3/8,5/16,0.005202770233154297
16,31,0.0150000000000000,0.150000000000000,4,monomial_based,5/16,nan,nan,149/256,nan,nan,0.017477035522460938
16,31,0.0150000000000000,0.150000000000000,4,list_based,1/2,13/16,5/8,nan,1/4,3/8,0.005407810211181641
16,31,0.0150000000000000,0.150000000000000,5,monomial_based,3/16,nan,nan,39/64,nan,nan,0.0397639274597168
16,31,0.0150000000000000,0.150000000000000,5,list_based,1/2,11/16,11/16,nan,3/8,5/16,0.004398822784423828
16,31,0.0150000000000000,0.200000000000000,1,monomial_based,3/8,nan,nan,83/128,nan,nan,0.016793251037597656
16,31,0.0150000000000000,0.200000000000000,1,list_based,3/8,5/8,5/8,nan,5/16,3/8,0.00444793701171875
16,31,0.0150000000000000,0.200000000000000,2,monomial_based,3/16,nan,nan,173/256,nan,nan,0.015810012817382812
16,31,0.0150000000000000,0.200000000000000,2,list_based,1/4,3/4,7/16,nan,3/16,5/8,0.004830121994018555
16,31,0.0150000000000000,0.200000000000000,3,monomial_based,1/4,nan,nan,85/128,nan,nan,0.015398740768432617
16,31,0.0150000000000000,0.200000000000000,3,list_based,5/16,1/2,5/8,nan,3/8,3/8,0.004637956619262695
16,31,0.0150000000000000,0.200000000000000,4,monomial_based,7/16,nan,nan,43/64,nan,nan,0.016483068466186523
16,31,0.0150000000000000,0.200000000000000,4,list_based,3/8,3/4,5/8,nan,5/16,3/8,0.0047452449798583984
16,31,0.0150000000000000,0.200000000000000,5,monomial_based,3/16,nan,nan,23/32,nan,nan,0.016319990158081055
16,31,0.0150000000000000,0.200000000000000,5,list_based,3/8,1/2,5/8,nan,3/8,3/8,0.004659891128540039
16,31,0.0200000000000000,0.0500000000000000,1,monomial_based,7/8,nan,nan,21/128,nan,nan,0.01619100570678711
16,31,0.0200000000000000,0.0500000000000000,1,list_based,3/4,7/8,7/8,nan,1/16,1/8,0.004509925842285156
16,31,0.0200000000000000,0.0500000000000000,2,monomial_based,13/16,nan,nan,55/256,nan,nan,0.01700878143310547
16,31,0.0200000000000000,0.0500000000000000,2,list_based,3/4,7/8,7/8,nan,1/8,1/8,0.004842996597290039
16,31,0.0200000000000000,0.0500000000000000,3,monomial_based,9/16,nan,nan,15/64,nan,nan,0.017853975296020508
16,31,0.0200000000000000,0.0500000000000000,3,list_based,3/4,7/8,7/8,nan,1/8,1/8,0.005250215530395508
16,31,0.0200000000000000,0.0500000000000000,4,monomial_based,13/16,nan,nan,57/256,nan,nan,0.01750779151916504
16,31,0.0200000000000000,0.0500000000000000,4,list_based,15/16,1,15/16,nan,1/8,1/8,0.005178928375244141
16,31,0.0200000000000000,0.0500000000000000,5,monomial_based,3/4,nan,nan,65/256,nan,nan,0.016722917556762695
16,31,0.0200000000000000,0.0500000000000000,5,list_based,15/16,1,15/16,nan,1/8,1/16,0.004817962646484375
16,31,0.0200000000000000,0.100000000000000,1,monomial_based,5/8,nan,nan,23/64,nan,nan,0.01544189453125
16,31,0.0200000000000000,0.100000000000000,1,list_based,11/16,7/8,13/16,nan,1/16,3/16,0.00589299201965332
16,31,0.0200000000000000,0.100000000000000,2,monomial_based,5/8,nan,nan,13/32,nan,nan,0.016046762466430664
16,31,0.0200000000000000,0.100000000000000,2,list_based,5/8,7/8,3/4,nan,3/16,1/4,0.004728078842163086
16,31,0.0200000000000000,0.100000000000000,3,monomial_based,7/16,nan,nan,53/128,nan,nan,0.015954256057739258
16,31,0.0200000000000000,0.100000000000000,3,list_based,3/8,7/16,3/4,nan,3/8,1/4,0.004771232604980469
16,31,0.0200000000000000,0.100000000000000,4,monomial_based,11/16,nan,nan,7/16,nan,nan,0.015928030014038086
16,31,0.0200000000000000,0.100000000000000,4,list_based,5/8,13/16,13/16,nan,1/8,1/4,0.005148887634277344
16,31,0.0200000000000000,0.100000000000000,5,monomial_based,1/2,nan,nan,115/256,nan,nan,0.01724410057067871
16,31,0.0200000000000000,0.100000000000000,5,list_based,5/8,11/16,7/8,nan,3/16,1/8,0.005132198333740234
16,31,0.0200000000000000,0.150000000000000,1,monomial_based,1/2,nan,nan,67/128,nan,nan,0.016067981719970703
16,31,0.0200000000000000,0.150000000000000,1,list_based,9/16,3/4,3/4,nan,3/16,1/4,0.004573822021484375
16,31,0.0200000000000000,0.150000000000000,2,monomial_based,3/16,nan,nan,35/64,nan,nan,0.015980958938598633
16,31,0.0200000000000000,0.150000000000000,2,list_based,3/8,7/8,1/2,nan,3/16,1/2,0.004924774169921875
16,31,0.0200000000000000,0.150000000000000,3,monomial_based,1/4,nan,nan,143/256,nan,nan,0.015890121459960938
16,31,0.0200000000000000,0.150000000000000,3,list_based,1/2,11/16,11/16,nan,3/8,5/16,0.004664897918701172
16,31,0.0200000000000000,0.150000000000000,4,monomial_based,3/8,nan,nan,149/256,nan,nan,0.015811920166015625
16,31,0.0200000000000000,0.150000000000000,4,list_based,1/2,13/16,11/16,nan,5/16,3/8,0.0049419403076171875
16,31,0.0200000000000000,0.150000000000000,5,monomial_based,3/16,nan,nan,39/64,nan,nan,0.0227658748626709
16,31,0.0200000000000000,0.150000000000000,5,list_based,1/2,11/16,11/16,nan,3/8,5/16,0.005136251449584961
16,31,0.0200000000000000,0.200000000000000,1,monomial_based,5/16,nan,nan,167/256,nan,nan,0.034616947174072266
16,31,0.0200000000000000,0.200000000000000,1,list_based,3/8,11/16,5/8,nan,5/16,3/8,0.00491786003112793
16,31,0.0200000000000000,0.200000000000000,2,monomial_based,1/8,nan,nan,173/256,nan,nan,0.01752781867980957
16,31,0.0200000000000000,0.200000000000000,2,list_based,1/4,13/16,3/8,nan,3/16,5/8,0.00499725341796875
16,31,0.0200000000000000,0.200000000000000,3,monomial_based,3/16,nan,nan,171/256,nan,nan,0.017760753631591797
16,31,0.0200000000000000,0.200000000000000,3,list_based,1/2,3/4,5/8,nan,3/8,3/8,0.0052149295806884766
16,31,0.0200000000000000,0.200000000000000,4,monomial_based,1/2,nan,nan,43/64,nan,nan,0.018997907638549805
16,31,0.0200000000000000,0.200000000000000,4,list_based,3/8,5/8,11/16,nan,3/8,3/8,0.005606174468994141
16,31,0.0200000000000000,0.200000000000000,5,monomial_based,1/8,nan,nan,23/32,nan,nan,0.01844501495361328
16,31,0.0200000000000000,0.200000000000000,5,list_based,3/8,1/2,5/8,nan,3/8,3/8,0.00485992431640625
16,127,0.00500000000000000,0.0500000000000000,1,monomial_based,7/8,nan,nan,73/256,nan,nan,0.12731194496154785
16,127,0.00500000000000000,0.0500000000000000,1,list_based,13/16,7/8,7/8,nan,1/16,1/8,0.06592488288879395
16,127,0.00500000000000000,0.0500000000000000,2,monomial_based,13/16,nan,nan,39/128,nan,nan,0.10251998901367188
16,127,0.00500000000000000,0.0500000000000000,2,list_based,11/16,1,11/16,nan,0,5/16,0.06939697265625
16,127,0.00500000000000000,0.0500000000000000,3,monomial_based,15/16,nan,nan,83/256,nan,nan,0.11554098129272461
16,127,0.00500000000000000,0.0500000000000000,3,list_based,3/4,1,3/4,nan,0,1/4,0.13134980201721191
16,127,0.00500000000000000,0.0500000000000000,4,monomial_based,11/16,nan,nan,77/256,nan,nan,0.19568109512329102
16,127,0.00500000000000000,0.0500000000000000,4,list_based,3/4,7/8,7/8,nan,1/4,1/8,0.07714605331420898
16,127,0.00500000000000000,0.0500000000000000,5,monomial_based,13/16,nan,nan,85/256,nan,nan,0.10746121406555176
16,127,0.00500000000000000,0.0500000000000000,5,list_based,13/16,1,13/16,nan,0,3/16,0.07187294960021973
16,127,0.00500000000000000,0.100000000000000,1,monomial_based,3/4,nan,nan,133/256,nan,nan,0.10080170631408691
16,127,0.00500000000000000,0.100000000000000,1,list_based,1/2,7/8,9/16,nan,1/16,7/16,0.07195687294006348
16,127,0.00500000000000000,0.100000000000000,2,monomial_based,11/16,nan,nan,137/256,nan,nan,0.10360193252563477
16,127,0.00500000000000000,0.100000000000000,2,list_based,3/8,7/8,1/2,nan,1/8,1/2,0.06703400611877441
16,127,0.00500000000000000,0.100000000000000,3,monomial_based,7/8,nan,nan,71/128,nan,nan,0.13238310813903809
16,127,0.00500000000000000,0.100000000000000,3,list_based,3/4,7/8,3/4,nan,1/16,1/4,0.06483817100524902
16,127,0.00500000000000000,0.100000000000000,4,monomial_based,9/16,nan,nan,9/16,nan,nan,0.10375499725341797
16,127,0.00500000000000000,0.100000000000000,4,list_based,9/16,3/4,11/16,nan,5/16,5/16,0.06775712966918945
16,127,0.00500000000000000,0.100000000000000,5,monomial_based,5/8,nan,nan,17/32,nan,nan,0.11407685279846191
16,127,0.00500000000000000,0.100000000000000,5,list_based,7/16,3/4,9/16,nan,1/4,7/16,0.08149886131286621
16,127,0.00500000000000000,0.150000000000000,1,monomial_based,1/2,nan,nan,11/16,nan,nan,0.1054840087890625
16,127,0.00500000000000000,0.150000000000000,1,list_based,1/2,7/8,1/2,nan,1/4,1/2,0.06796908378601074
16,127,0.00500000000000000,0.150000000000000,2,monomial_based,3/8,nan,nan,177/256,nan,nan,0.10823822021484375
16,127,0.00500000000000000,0.150000000000000,2,list_based,1/4,3/4,3/8,nan,1/4,5/8,0.09202718734741211
16,127,0.00500000000000000,0.150000000000000,3,monomial_based,1/2,nan,nan,171/256,nan,nan,0.10487914085388184
16,127,0.00500000000000000,0.150000000000000,3,list_based,11/16,1,11/16,nan,1/8,5/16,0.06785082817077637
16,127,0.00500000000000000,0.150000000000000,4,monomial_based,7/16,nan,nan,89/128,nan,nan,0.1040639877319336
16,127,0.00500000000000000,0.150000000000000,4,list_based,1/4,3/8,11/16,nan,7/16,5/16,0.06759810447692871
16,127,0.00500000000000000,0.150000000000000,5,monomial_based,1/2,nan,nan,187/256,nan,nan,0.1060788631439209
16,127,0.00500000000000000,0.150000000000000,5,list_based,5/16,3/4,3/8,nan,5/16,5/8,0.07053899765014648
16,127,0.00500000000000000,0.200000000000000,1,monomial_based,7/16,nan,nan,209/256,nan,nan,0.10640597343444824
16,127,0.00500000000000000,0.200000000000000,1,list_based,3/16,5/8,5/16,nan,1/4,11/16,0.09087920188903809
16,127,0.00500000000000000,0.200000000000000,2,monomial_based,3/8,nan,nan,13/16,nan,nan,0.10558891296386719
16,127,0.00500000000000000,0.200000000000000,2,list_based,1/16,3/4,1/4,nan,3/8,3/4,0.07569408416748047
16,127,0.00500000000000000,0.200000000000000,3,monomial_based,3/8,nan,nan,49/64,nan,nan,0.1140127182006836
16,127,0.00500000000000000,0.200000000000000,3,list_based,5/16,1/2,1/2,nan,3/8,1/2,0.07364702224731445
16,127,0.00500000000000000,0.200000000000000,4,monomial_based,5/16,nan,nan,101/128,nan,nan,0.11394309997558594
16,127,0.00500000000000000,0.200000000000000,4,list_based,1/4,1/4,9/16,nan,9/16,7/16,0.07148075103759766
16,127,0.00500000000000000,0.200000000000000,5,monomial_based,3/8,nan,nan,207/256,nan,nan,0.11537384986877441
16,127,0.00500000000000000,0.200000000000000,5,list_based,1/8,1/2,5/16,nan,3/8,11/16,0.07549333572387695
16,127,0.0100000000000000,0.0500000000000000,1,monomial_based,7/8,nan,nan,73/256,nan,nan,0.13788580894470215
16,127,0.0100000000000000,0.0500000000000000,1,list_based,7/8,1,7/8,nan,1/16,1/8,0.0698251724243164
16,127,0.0100000000000000,0.0500000000000000,2,monomial_based,13/16,nan,nan,39/128,nan,nan,0.10551595687866211
16,127,0.0100000000000000,0.0500000000000000,2,list_based,11/16,1,11/16,nan,0,5/16,0.07306599617004395
16,127,0.0100000000000000,0.0500000000000000,3,monomial_based,7/8,nan,nan,21/64,nan,nan,0.12995409965515137
16,127,0.0100000000000000,0.0500000000000000,3,list_based,3/4,1,3/4,nan,0,1/4,0.06886076927185059
16,127,0.0100000000000000,0.0500000000000000,4,monomial_based,11/16,nan,nan,77/256,nan,nan,0.10549497604370117
16,127,0.0100000000000000,0.0500000000000000,4,list_based,11/16,7/8,13/16,nan,1/4,3/16,0.06980109214782715
16,127,0.0100000000000000,0.0500000000000000,5,monomial_based,13/16,nan,nan,85/256,nan,nan,0.1308727264404297
16,127,0.0100000000000000,0.0500000000000000,5,list_based,13/16,1,13/16,nan,0,3/16,0.06741523742675781
16,127,0.0100000000000000,0.100000000000000,1,monomial_based,3/4,nan,nan,133/256,nan,nan,0.10572290420532227
16,127,0.0100000000000000,0.100000000000000,1,list_based,1/2,7/8,9/16,nan,1/16,7/16,0.06957006454467773
16,127,0.0100000000000000,0.100000000000000,2,monomial_based,11/16,nan,nan,137/256,nan,nan,0.10048675537109375
16,127,0.0100000000000000,0.100000000000000,2,list_based,3/8,7/8,1/2,nan,1/8,1/2,0.061766862869262695
16,127,0.0100000000000000,0.100000000000000,3,monomial_based,13/16,nan,nan,143/256,nan,nan,0.09696412086486816
16,127,0.0100000000000000,0.100000000000000,3,list_based,3/4,1,3/4,nan,1/16,1/4,0.060900211334228516
16,127,0.0100000000000000,0.100000000000000,4,monomial_based,9/16,nan,nan,9/16,nan,nan,0.13376188278198242
16,127,0.0100000000000000,0.100000000000000,4,list_based,3/8,5/8,5/8,nan,5/16,3/8,0.06846022605895996
16,127,0.0100000000000000,0.100000000000000,5,monomial_based,5/8,nan,nan,17/32,nan,nan,0.10450887680053711
16,127,0.0100000000000000,0.100000000000000,5,list_based,7/16,3/4,9/16,nan,1/4,7/16,0.06801509857177734
16,127,0.0100000000000000,0.150000000000000,1,monomial_based,1/2,nan,nan,11/16,nan,nan,0.10914111137390137
16,127,0.0100000000000000,0.150000000000000,1,list_based,5/16,5/8,1/2,nan,1/4,1/2,0.06698179244995117
16,127,0.0100000000000000,0.150000000000000,2,monomial_based,3/8,nan,nan,177/256,nan,nan,0.10512018203735352
16,127,0.0100000000000000,0.150000000000000,2,list_based,1/4,13/16,3/8,nan,1/4,5/8,0.06653308868408203
16,127,0.0100000000000000,0.150000000000000,3,monomial_based,7/16,nan,nan,43/64,nan,nan,0.1359851360321045
16,127,0.0100000000000000,0.150000000000000,3,list_based,5/8,3/4,11/16,nan,1/8,5/16,0.06738615036010742
16,127,0.0100000000000000,0.150000000000000,4,monomial_based,7/16,nan,nan,89/128,nan,nan,0.10333085060119629
16,127,0.0100000000000000,0.150000000000000,4,list_based,1/2,3/4,5/8,nan,7/16,3/8,0.07187104225158691
16,127,0.0100000000000000,0.150000000000000,5,monomial_based,1/2,nan,nan,187/256,nan,nan,0.131882905960083
16,127,0.0100000000000000,0.150000000000000,5,list_based,1/4,3/4,3/8,nan,5/16,5/8,0.08671307563781738
16,127,0.0100000000000000,0.200000000000000,1,monomial_based,7/16,nan,nan,209/256,nan,nan,0.15304088592529297
16,127,0.0100000000000000,0.200000000000000,1,list_based,5/16,3/4,5/16,nan,1/4,11/16,0.0720977783203125
16,127,0.0100000000000000,0.200000000000000,2,monomial_based,3/8,nan,nan,13/16,nan,nan,0.1444387435913086
16,127,0.0100000000000000,0.200000000000000,2,list_based,1/16,5/8,1/4,nan,3/8,3/4,0.07005906105041504
16,127,0.0100000000000000,0.200000000000000,3,monomial_based,5/16,nan,nan,197/256,nan,nan,0.10541176795959473
16,127,0.0100000000000000,0.200000000000000,3,list_based,5/16,1/2,1/2,nan,3/8,1/2,0.06984996795654297
16,127,0.0100000000000000,0.200000000000000,4,monomial_based,5/16,nan,nan,101/128,nan,nan,0.10871601104736328
16,127,0.0100000000000000,0.200000000000000,4,list_based,3/16,3/16,9/16,nan,9/16,7/16,0.07115292549133301
16,127,0.0100000000000000,0.200000000000000,5,monomial_based,5/16,nan,nan,207/256,nan,nan,0.11328411102294922
16,127,0.0100000000000000,0.200000000000000,5,list_based,3/16,3/4,5/16,nan,3/8,11/16,0.0733180046081543
16,127,0.0150000000000000,0.0500000000000000,1,monomial_based,7/8,nan,nan,73/256,nan,nan,0.13642501831054688
16,127,0.0150000000000000,0.0500000000000000,1,list_based,3/4,7/8,13/16,nan,1/16,3/16,0.08863615989685059
16,127,0.0150000000000000,0.0500000000000000,2,monomial_based,13/16,nan,nan,39/128,nan,nan,0.10827803611755371
16,127,0.0150000000000000,0.0500000000000000,2,list_based,11/16,1,11/16,nan,0,5/16,0.06989622116088867
16,127,0.0150000000000000,0.0500000000000000,3,monomial_based,7/8,nan,nan,21/64,nan,nan,0.10910892486572266
16,127,0.0150000000000000,0.0500000000000000,3,list_based,3/4,1,3/4,nan,0,1/4,0.06855297088623047
16,127,0.0150000000000000,0.0500000000000000,4,monomial_based,11/16,nan,nan,77/256,nan,nan,0.10888123512268066
16,127,0.0150000000000000,0.0500000000000000,4,list_based,5/8,3/4,13/16,nan,1/4,3/16,0.06753206253051758
16,127,0.0150000000000000,0.0500000000000000,5,monomial_based,13/16,nan,nan,85/256,nan,nan,0.1300044059753418
16,127,0.0150000000000000,0.0500000000000000,5,list_based,13/16,1,13/16,nan,0,3/16,0.07351303100585938
16,127,0.0150000000000000,0.100000000000000,1,monomial_based,3/4,nan,nan,133/256,nan,nan,0.10800409317016602
16,127,0.0150000000000000,0.100000000000000,1,list_based,1/2,7/8,9/16,nan,1/16,7/16,0.0706031322479248
16,127,0.0150000000000000,0.100000000000000,2,monomial_based,11/16,nan,nan,137/256,nan,nan,0.11674880981445312
16,127,0.0150000000000000,0.100000000000000,2,list_based,3/8,7/8,1/2,nan,1/8,1/2,0.07773399353027344
16,127,0.0150000000000000,0.100000000000000,3,monomial_based,13/16,nan,nan,143/256,nan,nan,0.11192727088928223
16,127,0.0150000000000000,0.100000000000000,3,list_based,3/4,7/8,3/4,nan,1/16,1/4,0.07417798042297363
16,127,0.0150000000000000,0.100000000000000,4,monomial_based,9/16,nan,nan,9/16,nan,nan,0.1334848403930664
16,127,0.0150000000000000,0.100000000000000,4,list_based,5/8,1,5/8,nan,5/16,3/8,0.06722879409790039
16,127,0.0150000000000000,0.100000000000000,5,monomial_based,5/8,nan,nan,17/32,nan,nan,0.10983920097351074
16,127,0.0150000000000000,0.100000000000000,5,list_based,7/16,3/4,9/16,nan,1/4,7/16,0.06478095054626465
16,127,0.0150000000000000,0.150000000000000,1,monomial_based,1/2,nan,nan,11/16,nan,nan,0.12120795249938965
16,127,0.0150000000000000,0.150000000000000,1,list_based,5/16,5/8,1/2,nan,1/4,1/2,0.07184100151062012
16,127,0.0150000000000000,0.150000000000000,2,monomial_based,3/8,nan,nan,177/256,nan,nan,0.10824441909790039
16,127,0.0150000000000000,0.150000000000000,2,list_based,5/16,7/8,3/8,nan,1/4,5/8,0.06952023506164551
16,127,0.0150000000000000,0.150000000000000,3,monomial_based,7/16,nan,nan,43/64,nan,nan,0.1307539939880371
16,127,0.0150000000000000,0.150000000000000,3,list_based,5/8,3/4,11/16,nan,1/8,5/16,0.06557893753051758
16,127,0.0150000000000000,0.150000000000000,4,monomial_based,7/16,nan,nan,89/128,nan,nan,0.11040496826171875
16,127,0.0150000000000000,0.150000000000000,4,list_based,1/4,7/16,5/8,nan,7/16,3/8,0.06647300720214844
16,127,0.0150000000000000,0.150000000000000,5,monomial_based,1/2,nan,nan,187/256,nan,nan,0.10592198371887207
16,127,0.0150000000000000,0.150000000000000,5,list_based,1/4,5/8,3/8,nan,5/16,5/8,0.06577515602111816
16,127,0.0150000000000000,0.200000000000000,1,monomial_based,7/16,nan,nan,209/256,nan,nan,0.10946297645568848
16,127,0.0150000000000000,0.200000000000000,1,list_based,5/16,7/8,5/16,nan,1/4,11/16,0.07154202461242676
16,127,0.0150000000000000,0.200000000000000,2,monomial_based,1/2,nan,nan,13/16,nan,nan,0.1337568759918213
16,127,0.0150000000000000,0.200000000000000,2,list_based,3/16,7/8,1/4,nan,3/8,3/4,0.07053804397583008
16,127,0.0150000000000000,0.200000000000000,3,monomial_based,5/16,nan,nan,197/256,nan,nan,0.10156512260437012
16,127,0.0150000000000000,0.200000000000000,3,list_based,5/16,1/2,1/2,nan,3/8,1/2,0.06466007232666016
16,127,0.0150000000000000,0.200000000000000,4,monomial_based,5/16,nan,nan,101/128,nan,nan,0.10771894454956055
16,127,0.0150000000000000,0.200000000000000,4,list_based,5/16,7/16,9/16,nan,9/16,7/16,0.06988024711608887
16,127,0.0150000000000000,0.200000000000000,5,monomial_based,5/16,nan,nan,207/256,nan,nan,0.1043081283569336
16,127,0.0150000000000000,0.200000000000000,5,list_based,1/8,9/16,5/16,nan,3/8,11/16,0.07085490226745605
16,127,0.0200000000000000,0.0500000000000000,1,monomial_based,7/8,nan,nan,73/256,nan,nan,0.13267898559570312
16,127,0.0200000000000000,0.0500000000000000,1,list_based,11/16,7/8,3/4,nan,1/16,1/4,0.0630648136138916
16,127,0.0200000000000000,0.0500000000000000,2,monomial_based,13/16,nan,nan,39/128,nan,nan,0.10869193077087402
16,127,0.0200000000000000,0.0500000000000000,2,list_based,11/16,1,11/16,nan,0,5/16,0.07866907119750977
16,127,0.0200000000000000,0.0500000000000000,3,monomial_based,7/8,nan,nan,21/64,nan,nan,0.11052203178405762
16,127,0.0200000000000000,0.0500000000000000,3,list_based,11/16,1,11/16,nan,0,5/16,0.06777715682983398
16,127,0.0200000000000000,0.0500000000000000,4,monomial_based,11/16,nan,nan,77/256,nan,nan,0.1073312759399414
16,127,0.0200000000000000,0.0500000000000000,4,list_based,11/16,7/8,13/16,nan,1/4,3/16,0.07281804084777832
16,127,0.0200000000000000,0.0500000000000000,5,monomial_based,13/16,nan,nan,85/256,nan,nan,0.129058837890625
16,127,0.0200000000000000,0.0500000000000000,5,list_based,13/16,1,13/16,nan,0,3/16,0.06948399543762207
16,127,0.0200000000000000,0.100000000000000,1,monomial_based,3/4,nan,nan,133/256,nan,nan,0.10655808448791504
16,127,0.0200000000000000,0.100000000000000,1,list_based,7/16,7/8,1/2,nan,1/16,1/2,0.07451605796813965
16,127,0.0200000000000000,0.100000000000000,2,monomial_based,11/16,nan,nan,137/256,nan,nan,0.11306595802307129
16,127,0.0200000000000000,0.100000000000000,2,list_based,3/8,7/8,1/2,nan,1/8,1/2,0.07262516021728516
16,127,0.0200000000000000,0.100000000000000,3,monomial_based,13/16,nan,nan,143/256,nan,nan,0.10785293579101562
16,127,0.0200000000000000,0.100000000000000,3,list_based,11/16,7/8,11/16,nan,1/16,5/16,0.0656580924987793
16,127,0.0200000000000000,0.100000000000000,4,monomial_based,9/16,nan,nan,9/16,nan,nan,0.13434600830078125
16,127,0.0200000000000000,0.100000000000000,4,list_based,5/16,1/2,5/8,nan,5/16,3/8,0.06654524803161621
16,127,0.0200000000000000,0.100000000000000,5,monomial_based,5/8,nan,nan,17/32,nan,nan,0.10444211959838867
16,127,0.0200000000000000,0.100000000000000,5,list_based,7/16,3/4,9/16,nan,1/4,7/16,0.07413911819458008
16,127,0.0200000000000000,0.150000000000000,1,monomial_based,1/2,nan,nan,11/16,nan,nan,0.1050717830657959
16,127,0.0200000000000000,0.150000000000000,1,list_based,5/16,5/8,7/16,nan,1/4,9/16,0.06401276588439941
16,127,0.0200000000000000,0.150000000000000,2,monomial_based,3/8,nan,nan,177/256,nan,nan,0.10437417030334473
16,127,0.0200000000000000,0.150000000000000,2,list_based,1/4,13/16,3/8,nan,1/4,5/8,0.06664800643920898
16,127,0.0200000000000000,0.150000000000000,3,monomial_based,1/2,nan,nan,43/64,nan,nan,0.12865090370178223
16,127,0.0200000000000000,0.150000000000000,3,list_based,9/16,3/4,5/8,nan,1/8,3/8,0.06900501251220703
16,127,0.0200000000000000,0.150000000000000,4,monomial_based,7/16,nan,nan,89/128,nan,nan,0.10399007797241211
16,127,0.0200000000000000,0.150000000000000,4,list_based,1/4,7/16,5/8,nan,7/16,3/8,0.06810307502746582
16,127,0.0200000000000000,0.150000000000000,5,monomial_based,1/2,nan,nan,187/256,nan,nan,0.104248046875
16,127,0.0200000000000000,0.150000000000000,5,list_based,3/16,9/16,3/8,nan,5/16,5/8,0.07015800476074219
16,127,0.0200000000000000,0.200000000000000,1,monomial_based,7/16,nan,nan,209/256,nan,nan,0.10361695289611816
16,127,0.0200000000000000,0.200000000000000,1,list_based,3/16,3/4,1/4,nan,1/4,3/4,0.06694698333740234
16,127,0.0200000000000000,0.200000000000000,2,monomial_based,3/8,nan,nan,13/16,nan,nan,0.1294870376586914
16,127,0.0200000000000000,0.200000000000000,2,list_based,3/16,7/8,1/4,nan,3/8,3/4,0.0655820369720459
16,127,0.0200000000000000,0.200000000000000,3,monomial_based,5/16,nan,nan,197/256,nan,nan,0.10828590393066406
16,127,0.0200000000000000,0.200000000000000,3,list_based,1/4,7/16,7/16,nan,3/8,9/16,0.08720993995666504
16,127,0.0200000000000000,0.200000000000000,4,monomial_based,5/16,nan,nan,101/128,nan,nan,0.12157416343688965
16,127,0.0200000000000000,0.200000000000000,4,list_based,3/16,5/16,9/16,nan,9/16,7/16,0.075836181640625
16,127,0.0200000000000000,0.200000000000000,5,monomial_based,3/8,nan,nan,207/256,nan,nan,0.11532115936279297
16,127,0.0200000000000000,0.200000000000000,5,list_based,3/16,3/4,5/16,nan,3/8,11/16,0.07844924926757812
32,5,0.00500000000000000,0.0500000000000000,1,monomial_based,13/32,nan,nan,127/1024,nan,nan,0.03711295127868652
32,5,0.00500000000000000,0.0500000000000000,1,list_based,25/32,13/16,31/32,nan,3/32,1/16,0.008168935775756836
32,5,0.00500000000000000,0.0500000000000000,2,monomial_based,13/32,nan,nan,145/1024,nan,nan,0.030655860900878906
32,5,0.00500000000000000,0.0500000000000000,2,list_based,11/16,3/4,15/16,nan,3/16,1/16,0.011798620223999023
32,5,0.00500000000000000,0.0500000000000000,3,monomial_based,9/32,nan,nan,79/512,nan,nan,0.0531618595123291
32,5,0.00500000000000000,0.0500000000000000,3,list_based,7/8,7/8,1,nan,3/16,1/32,0.008339166641235352
32,5,0.00500000000000000,0.0500000000000000,4,monomial_based,15/32,nan,nan,129/1024,nan,nan,0.03088212013244629
32,5,0.00500000000000000,0.0500000000000000,4,list_based,3/4,13/16,29/32,nan,1/8,1/8,0.0078012943267822266
32,5,0.00500000000000000,0.0500000000000000,5,monomial_based,1/2,nan,nan,135/1024,nan,nan,0.028641223907470703
32,5,0.00500000000000000,0.0500000000000000,5,list_based,3/4,13/16,7/8,nan,5/32,1/8,0.007493019104003906
32,5,0.00500000000000000,0.100000000000000,1,monomial_based,1/4,nan,nan,65/256,nan,nan,0.0389859676361084
32,5,0.00500000000000000,0.100000000000000,1,list_based,23/32,3/4,15/16,nan,5/32,1/8,0.007311105728149414
32,5,0.00500000000000000,0.100000000000000,2,monomial_based,9/32,nan,nan,35/128,nan,nan,0.028751850128173828
32,5,0.00500000000000000,0.100000000000000,2,list_based,13/32,15/32,29/32,nan,11/32,3/32,0.008040904998779297
32,5,0.00500000000000000,0.100000000000000,3,monomial_based,7/32,nan,nan,277/1024,nan,nan,0.03325176239013672
32,5,0.00500000000000000,0.100000000000000,3,list_based,9/16,5/8,29/32,nan,9/32,1/8,0.009224891662597656
32,5,0.00500000000000000,0.100000000000000,4,monomial_based,9/32,nan,nan,265/1024,nan,nan,0.03133702278137207
32,5,0.00500000000000000,0.100000000000000,4,list_based,21/32,3/4,27/32,nan,1/8,7/32,0.007668972015380859
32,5,0.00500000000000000,0.100000000000000,5,monomial_based,7/32,nan,nan,139/512,nan,nan,0.026201963424682617
32,5,0.00500000000000000,0.100000000000000,5,list_based,21/32,3/4,13/16,nan,7/32,7/32,0.0071980953216552734
32,5,0.00500000000000000,0.150000000000000,1,monomial_based,5/32,nan,nan,3/8,nan,nan,0.02535104751586914
32,5,0.00500000000000000,0.150000000000000,1,list_based,23/32,13/16,29/32,nan,1/4,3/16,0.007406711578369141
32,5,0.00500000000000000,0.150000000000000,2,monomial_based,1/4,nan,nan,191/512,nan,nan,0.02644038200378418
32,5,0.00500000000000000,0.150000000000000,2,list_based,5/16,11/32,29/32,nan,15/32,1/8,0.00803828239440918
32,5,0.00500000000000000,0.150000000000000,3,monomial_based,5/32,nan,nan,387/1024,nan,nan,0.02606797218322754
32,5,0.00500000000000000,0.150000000000000,3,list_based,5/8,11/16,27/32,nan,11/32,1/4,0.0072858333587646484
32,5,0.00500000000000000,0.150000000000000,4,monomial_based,7/32,nan,nan,191/512,nan,nan,0.024758577346801758
32,5,0.00500000000000000,0.150000000000000,4,list_based,1/2,5/8,13/16,nan,7/32,5/16,0.007169961929321289
32,5,0.00500000000000000,0.150000000000000,5,monomial_based,7/32,nan,nan,397/1024,nan,nan,0.02537083625793457
32,5,0.00500000000000000,0.150000000000000,5,list_based,15/32,9/16,25/32,nan,5/16,9/32,0.00708317756652832
32,5,0.00500000000000000,0.200000000000000,1,monomial_based,3/16,nan,nan,61/128,nan,nan,0.02619194984436035
32,5,0.00500000000000000,0.200000000000000,1,list_based,15/32,9/16,27/32,nan,9/32,1/4,0.00859379768371582
32,5,0.00500000000000000,0.200000000000000,2,monomial_based,5/32,nan,nan,489/1024,nan,nan,0.02723407745361328
32,5,0.00500000000000000,0.200000000000000,2,list_based,7/32,9/32,13/16,nan,1/2,1/4,0.007683753967285156
32,5,0.00500000000000000,0.200000000000000,3,monomial_based,3/32,nan,nan,15/32,nan,nan,0.02515411376953125
32,5,0.00500000000000000,0.200000000000000,3,list_based,3/8,1/2,13/16,nan,13/32,11/32,0.007803201675415039
32,5,0.00500000000000000,0.200000000000000,4,monomial_based,5/32,nan,nan,241/512,nan,nan,0.0242156982421875
32,5,0.00500000000000000,0.200000000000000,4,list_based,11/32,15/32,13/16,nan,13/32,11/32,0.007100820541381836
32,5,0.00500000000000000,0.200000000000000,5,monomial_based,3/16,nan,nan,253/512,nan,nan,0.023045063018798828
32,5,0.00500000000000000,0.200000000000000,5,list_based,17/32,5/8,25/32,nan,3/8,9/32,0.0070400238037109375
32,5,0.0100000000000000,0.0500000000000000,1,monomial_based,11/32,nan,nan,1/8,nan,nan,0.026160240173339844
32,5,0.0100000000000000,0.0500000000000000,1,list_based,13/16,13/16,1,nan,3/32,1/16,0.0071451663970947266
32,5,0.0100000000000000,0.0500000000000000,2,monomial_based,17/32,nan,nan,145/1024,nan,nan,0.026482820510864258
32,5,0.0100000000000000,0.0500000000000000,2,list_based,21/32,21/32,15/16,nan,7/32,1/16,0.01720595359802246
32,5,0.0100000000000000,0.0500000000000000,3,monomial_based,9/32,nan,nan,79/512,nan,nan,0.04120612144470215
32,5,0.0100000000000000,0.0500000000000000,3,list_based,23/32,23/32,1,nan,3/16,1/32,0.007890939712524414
32,5,0.0100000000000000,0.0500000000000000,4,monomial_based,15/32,nan,nan,129/1024,nan,nan,0.04876995086669922
32,5,0.0100000000000000,0.0500000000000000,4,list_based,3/4,13/16,29/32,nan,1/8,1/8,0.007071018218994141
32,5,0.0100000000000000,0.0500000000000000,5,monomial_based,7/16,nan,nan,135/1024,nan,nan,0.0271298885345459
32,5,0.0100000000000000,0.0500000000000000,5,list_based,25/32,25/32,29/32,nan,5/32,1/8,0.00807809829711914
32,5,0.0100000000000000,0.100000000000000,1,monomial_based,5/16,nan,nan,261/1024,nan,nan,0.026916027069091797
32,5,0.0100000000000000,0.100000000000000,1,list_based,23/32,3/4,15/16,nan,5/32,1/8,0.0070648193359375
32,5,0.0100000000000000,0.100000000000000,2,monomial_based,5/16,nan,nan,35/128,nan,nan,0.026613950729370117
32,5,0.0100000000000000,0.100000000000000,2,list_based,13/32,15/32,29/32,nan,3/8,3/32,0.007692813873291016
32,5,0.0100000000000000,0.100000000000000,3,monomial_based,7/32,nan,nan,277/1024,nan,nan,0.027076244354248047
32,5,0.0100000000000000,0.100000000000000,3,list_based,9/16,19/32,29/32,nan,9/32,1/8,0.006994009017944336
32,5,0.0100000000000000,0.100000000000000,4,monomial_based,5/16,nan,nan,265/1024,nan,nan,0.026714801788330078
32,5,0.0100000000000000,0.100000000000000,4,list_based,21/32,3/4,27/32,nan,1/8,7/32,0.006855964660644531
32,5,0.0100000000000000,0.100000000000000,5,monomial_based,3/16,nan,nan,139/512,nan,nan,0.025349140167236328
32,5,0.0100000000000000,0.100000000000000,5,list_based,5/8,11/16,13/16,nan,7/32,7/32,0.0076982975006103516
32,5,0.0100000000000000,0.150000000000000,1,monomial_based,3/16,nan,nan,385/1024,nan,nan,0.025156021118164062
32,5,0.0100000000000000,0.150000000000000,1,list_based,21/32,3/4,29/32,nan,1/4,3/16,0.007009983062744141
32,5,0.0100000000000000,0.150000000000000,2,monomial_based,5/16,nan,nan,191/512,nan,nan,0.024400949478149414
32,5,0.0100000000000000,0.150000000000000,2,list_based,5/16,11/32,29/32,nan,1/2,1/8,0.006946086883544922
32,5,0.0100000000000000,0.150000000000000,3,monomial_based,5/32,nan,nan,387/1024,nan,nan,0.024221181869506836
32,5,0.0100000000000000,0.150000000000000,3,list_based,9/16,5/8,27/32,nan,11/32,1/4,0.006916046142578125
32,5,0.0100000000000000,0.150000000000000,4,monomial_based,1/4,nan,nan,191/512,nan,nan,0.02472090721130371
32,5,0.0100000000000000,0.150000000000000,4,list_based,17/32,11/16,13/16,nan,7/32,5/16,0.006978034973144531
32,5,0.0100000000000000,0.150000000000000,5,monomial_based,1/4,nan,nan,397/1024,nan,nan,0.02448892593383789
32,5,0.0100000000000000,0.150000000000000,5,list_based,15/32,17/32,25/32,nan,5/16,9/32,0.007483005523681641
32,5,0.0100000000000000,0.200000000000000,1,monomial_based,7/32,nan,nan,489/1024,nan,nan,0.02532815933227539
32,5,0.0100000000000000,0.200000000000000,1,list_based,15/32,9/16,27/32,nan,9/32,1/4,0.007086038589477539
32,5,0.0100000000000000,0.200000000000000,2,monomial_based,3/32,nan,nan,489/1024,nan,nan,0.025468111038208008
32,5,0.0100000000000000,0.200000000000000,2,list_based,1/4,9/32,13/16,nan,17/32,1/4,0.007072925567626953
32,5,0.0100000000000000,0.200000000000000,3,monomial_based,1/16,nan,nan,15/32,nan,nan,0.025532245635986328
32,5,0.0100000000000000,0.200000000000000,3,list_based,11/32,3/8,13/16,nan,13/32,11/32,0.007092952728271484
32,5,0.0100000000000000,0.200000000000000,4,monomial_based,5/32,nan,nan,241/512,nan,nan,0.02491307258605957
32,5,0.0100000000000000,0.200000000000000,4,list_based,11/32,1/2,13/16,nan,13/32,11/32,0.0071599483489990234
32,5,0.0100000000000000,0.200000000000000,5,monomial_based,3/16,nan,nan,253/512,nan,nan,0.025058269500732422
32,5,0.0100000000000000,0.200000000000000,5,list_based,15/32,9/16,25/32,nan,3/8,9/32,0.007068157196044922
32,5,0.0150000000000000,0.0500000000000000,1,monomial_based,1/2,nan,nan,1/8,nan,nan,0.028333187103271484
32,5,0.0150000000000000,0.0500000000000000,1,list_based,25/32,13/16,31/32,nan,1/8,1/16,0.007082939147949219
32,5,0.0150000000000000,0.0500000000000000,2,monomial_based,7/16,nan,nan,145/1024,nan,nan,0.02832198143005371
32,5,0.0150000000000000,0.0500000000000000,2,list_based,21/32,11/16,15/16,nan,7/32,1/16,0.007072925567626953
32,5,0.0150000000000000,0.0500000000000000,3,monomial_based,13/32,nan,nan,79/512,nan,nan,0.02822113037109375
32,5,0.0150000000000000,0.0500000000000000,3,list_based,3/4,3/4,1,nan,7/32,1/32,0.010497093200683594
32,5,0.0150000000000000,0.0500000000000000,4,monomial_based,15/32,nan,nan,129/1024,nan,nan,0.03342008590698242
32,5,0.0150000000000000,0.0500000000000000,4,list_based,13/16,7/8,29/32,nan,1/8,1/8,0.007827997207641602
32,5,0.0150000000000000,0.0500000000000000,5,monomial_based,1/2,nan,nan,135/1024,nan,nan,0.03225421905517578
32,5,0.0150000000000000,0.0500000000000000,5,list_based,23/32,25/32,7/8,nan,3/16,1/8,0.008749008178710938
32,5,0.0150000000000000,0.100000000000000,1,monomial_based,11/32,nan,nan,261/1024,nan,nan,0.03599429130554199
32,5,0.0150000000000000,0.100000000000000,1,list_based,23/32,3/4,15/16,nan,3/16,1/8,0.00869894027709961
32,5,0.0150000000000000,0.100000000000000,2,monomial_based,9/32,nan,nan,35/128,nan,nan,0.07482409477233887
32,5,0.0150000000000000,0.100000000000000,2,list_based,13/32,15/32,29/32,nan,3/8,3/32,0.008695125579833984
32,5,0.0150000000000000,0.100000000000000,3,monomial_based,3/16,nan,nan,277/1024,nan,nan,0.03136420249938965
32,5,0.0150000000000000,0.100000000000000,3,list_based,17/32,19/32,29/32,nan,5/16,1/8,0.007740020751953125
32,5,0.0150000000000000,0.100000000000000,4,monomial_based,13/32,nan,nan,265/1024,nan,nan,0.029521942138671875
32,5,0.0150000000000000,0.100000000000000,4,list_based,5/8,23/32,27/32,nan,1/8,7/32,0.0077130794525146484
32,5,0.0150000000000000,0.100000000000000,5,monomial_based,7/32,nan,nan,139/512,nan,nan,0.028730154037475586
32,5,0.0150000000000000,0.100000000000000,5,list_based,17/32,19/32,13/16,nan,1/4,7/32,0.00818014144897461
32,5,0.0150000000000000,0.150000000000000,1,monomial_based,5/16,nan,nan,385/1024,nan,nan,0.026041030883789062
32,5,0.0150000000000000,0.150000000000000,1,list_based,19/32,21/32,29/32,nan,9/32,3/16,0.008124828338623047
32,5,0.0150000000000000,0.150000000000000,2,monomial_based,7/32,nan,nan,191/512,nan,nan,0.02935624122619629
32,5,0.0150000000000000,0.150000000000000,2,list_based,9/32,11/32,29/32,nan,1/2,1/8,0.008405208587646484
32,5,0.0150000000000000,0.150000000000000,3,monomial_based,1/8,nan,nan,387/1024,nan,nan,0.0283658504486084
32,5,0.0150000000000000,0.150000000000000,3,list_based,19/32,21/32,27/32,nan,3/8,1/4,0.007607936859130859
32,5,0.0150000000000000,0.150000000000000,4,monomial_based,1/4,nan,nan,191/512,nan,nan,0.028752803802490234
32,5,0.0150000000000000,0.150000000000000,4,list_based,1/2,5/8,13/16,nan,7/32,5/16,0.008195877075195312
32,5,0.0150000000000000,0.150000000000000,5,monomial_based,7/32,nan,nan,397/1024,nan,nan,0.027563095092773438
32,5,0.0150000000000000,0.150000000000000,5,list_based,7/16,1/2,25/32,nan,11/32,9/32,0.008619070053100586
32,5,0.0150000000000000,0.200000000000000,1,monomial_based,7/32,nan,nan,489/1024,nan,nan,0.026588916778564453
32,5,0.0150000000000000,0.200000000000000,1,list_based,17/32,5/8,27/32,nan,5/16,1/4,0.008265972137451172
32,5,0.0150000000000000,0.200000000000000,2,monomial_based,7/32,nan,nan,489/1024,nan,nan,0.02736186981201172
32,5,0.0150000000000000,0.200000000000000,2,list_based,5/16,3/8,13/16,nan,17/32,1/4,0.007420063018798828
32,5,0.0150000000000000,0.200000000000000,3,monomial_based,1/32,nan,nan,15/32,nan,nan,0.0276491641998291
32,5,0.0150000000000000,0.200000000000000,3,list_based,11/32,7/16,13/16,nan,7/16,11/32,0.0076639652252197266
32,5,0.0150000000000000,0.200000000000000,4,monomial_based,3/32,nan,nan,241/512,nan,nan,0.02804422378540039
32,5,0.0150000000000000,0.200000000000000,4,list_based,11/32,1/2,13/16,nan,13/32,11/32,0.007699012756347656
32,5,0.0150000000000000,0.200000000000000,5,monomial_based,5/32,nan,nan,253/512,nan,nan,0.027065753936767578
32,5,0.0150000000000000,0.200000000000000,5,list_based,15/32,19/32,25/32,nan,13/32,9/32,0.008442878723144531
32,5,0.0200000000000000,0.0500000000000000,1,monomial_based,13/32,nan,nan,1/8,nan,nan,0.02974700927734375
32,5,0.0200000000000000,0.0500000000000000,1,list_based,3/4,13/16,15/16,nan,5/32,3/32,0.0082550048828125
32,5,0.0200000000000000,0.0500000000000000,2,monomial_based,15/32,nan,nan,145/1024,nan,nan,0.02923417091369629
32,5,0.0200000000000000,0.0500000000000000,2,list_based,5/8,21/32,15/16,nan,1/4,1/16,0.007323026657104492
32,5,0.0200000000000000,0.0500000000000000,3,monomial_based,11/32,nan,nan,79/512,nan,nan,0.028191089630126953
32,5,0.0200000000000000,0.0500000000000000,3,list_based,23/32,23/32,1,nan,7/32,1/32,0.007412910461425781
32,5,0.0200000000000000,0.0500000000000000,4,monomial_based,19/32,nan,nan,65/512,nan,nan,0.029671907424926758
32,5,0.0200000000000000,0.0500000000000000,4,list_based,3/4,13/16,29/32,nan,1/8,1/8,0.008856058120727539
32,5,0.0200000000000000,0.0500000000000000,5,monomial_based,15/32,nan,nan,135/1024,nan,nan,0.029736995697021484
32,5,0.0200000000000000,0.0500000000000000,5,list_based,11/16,3/4,7/8,nan,1/4,1/8,0.008064985275268555
32,5,0.0200000000000000,0.100000000000000,1,monomial_based,5/16,nan,nan,261/1024,nan,nan,0.03187990188598633
32,5,0.0200000000000000,0.100000000000000,1,list_based,11/16,3/4,29/32,nan,7/32,5/32,0.009254932403564453
32,5,0.0200000000000000,0.100000000000000,2,monomial_based,5/16,nan,nan,35/128,nan,nan,0.03241920471191406
32,5,0.0200000000000000,0.100000000000000,2,list_based,11/32,13/32,29/32,nan,13/32,3/32,0.011258125305175781
32,5,0.0200000000000000,0.100000000000000,3,monomial_based,3/16,nan,nan,277/1024,nan,nan,0.04968094825744629
32,5,0.0200000000000000,0.100000000000000,3,list_based,9/16,19/32,29/32,nan,5/16,1/8,0.008306026458740234
32,5,0.0200000000000000,0.100000000000000,4,monomial_based,1/4,nan,nan,133/512,nan,nan,0.028326988220214844
32,5,0.0200000000000000,0.100000000000000,4,list_based,5/8,23/32,27/32,nan,1/8,7/32,0.00808405876159668
32,5,0.0200000000000000,0.100000000000000,5,monomial_based,9/32,nan,nan,139/512,nan,nan,0.029428958892822266
32,5,0.0200000000000000,0.100000000000000,5,list_based,17/32,19/32,13/16,nan,5/16,7/32,0.007595062255859375
32,5,0.0200000000000000,0.150000000000000,1,monomial_based,1/8,nan,nan,385/1024,nan,nan,0.021944046020507812
32,5,0.0200000000000000,0.150000000000000,1,list_based,17/32,5/8,7/8,nan,5/16,7/32,0.007818937301635742
32,5,0.0200000000000000,0.150000000000000,2,monomial_based,5/16,nan,nan,191/512,nan,nan,0.022162199020385742
32,5,0.0200000000000000,0.150000000000000,2,list_based,11/32,3/8,29/32,nan,17/32,1/8,0.008170127868652344
32,5,0.0200000000000000,0.150000000000000,3,monomial_based,1/8,nan,nan,387/1024,nan,nan,0.021765947341918945
32,5,0.0200000000000000,0.150000000000000,3,list_based,9/16,5/8,27/32,nan,3/8,1/4,0.008432865142822266
32,5,0.0200000000000000,0.150000000000000,4,monomial_based,3/16,nan,nan,383/1024,nan,nan,0.021558046340942383
32,5,0.0200000000000000,0.150000000000000,4,list_based,17/32,21/32,13/16,nan,7/32,5/16,0.009549140930175781
32,5,0.0200000000000000,0.150000000000000,5,monomial_based,1/4,nan,nan,397/1024,nan,nan,0.024801969528198242
32,5,0.0200000000000000,0.150000000000000,5,list_based,13/32,15/32,25/32,nan,13/32,9/32,0.00884103775024414
32,5,0.0200000000000000,0.200000000000000,1,monomial_based,1/8,nan,nan,489/1024,nan,nan,0.022596120834350586
32,5,0.0200000000000000,0.200000000000000,1,list_based,19/32,3/4,13/16,nan,11/32,9/32,0.008307933807373047
32,5,0.0200000000000000,0.200000000000000,2,monomial_based,3/16,nan,nan,489/1024,nan,nan,0.022836923599243164
32,5,0.0200000000000000,0.200000000000000,2,list_based,5/16,7/16,13/16,nan,9/16,1/4,0.008726119995117188
32,5,0.0200000000000000,0.200000000000000,3,monomial_based,1/16,nan,nan,15/32,nan,nan,0.02254796028137207
32,5,0.0200000000000000,0.200000000000000,3,list_based,11/32,1/2,13/16,nan,7/16,11/32,0.008564949035644531
32,5,0.0200000000000000,0.200000000000000,4,monomial_based,5/32,nan,nan,483/1024,nan,nan,0.039697885513305664
32,5,0.0200000000000000,0.200000000000000,4,list_based,11/32,15/32,13/16,nan,13/32,11/32,0.015819072723388672
32,5,0.0200000000000000,0.200000000000000,5,monomial_based,3/16,nan,nan,253/512,nan,nan,0.023625850677490234
32,5,0.0200000000000000,0.200000000000000,5,list_based,5/16,3/8,25/32,nan,15/32,9/32,0.008954763412475586
32,11,0.00500000000000000,0.0500000000000000,1,monomial_based,19/32,nan,nan,41/256,nan,nan,0.04255318641662598
32,11,0.00500000000000000,0.0500000000000000,1,list_based,5/8,23/32,29/32,nan,7/32,3/32,0.008750200271606445
32,11,0.00500000000000000,0.0500000000000000,2,monomial_based,21/32,nan,nan,201/1024,nan,nan,0.041527748107910156
32,11,0.00500000000000000,0.0500000000000000,2,list_based,13/16,7/8,15/16,nan,1/8,1/16,0.009131193161010742
32,11,0.00500000000000000,0.0500000000000000,3,monomial_based,17/32,nan,nan,107/512,nan,nan,0.04120922088623047
32,11,0.00500000000000000,0.0500000000000000,3,list_based,3/4,25/32,7/8,nan,1/8,3/16,0.010445117950439453
32,11,0.00500000000000000,0.0500000000000000,4,monomial_based,19/32,nan,nan,157/1024,nan,nan,0.04195976257324219
32,11,0.00500000000000000,0.0500000000000000,4,list_based,11/16,3/4,29/32,nan,5/32,3/16,0.009813070297241211
32,11,0.00500000000000000,0.0500000000000000,5,monomial_based,19/32,nan,nan,103/512,nan,nan,0.04585003852844238
32,11,0.00500000000000000,0.0500000000000000,5,list_based,3/4,25/32,31/32,nan,7/32,1/32,0.009907007217407227
32,11,0.00500000000000000,0.100000000000000,1,monomial_based,7/16,nan,nan,325/1024,nan,nan,0.06799006462097168
32,11,0.00500000000000000,0.100000000000000,1,list_based,13/32,9/16,23/32,nan,13/32,9/32,0.008819103240966797
32,11,0.00500000000000000,0.100000000000000,2,monomial_based,7/16,nan,nan,177/512,nan,nan,0.03806591033935547
32,11,0.00500000000000000,0.100000000000000,2,list_based,19/32,23/32,27/32,nan,7/32,5/32,0.008898019790649414
32,11,0.00500000000000000,0.100000000000000,3,monomial_based,13/32,nan,nan,377/1024,nan,nan,0.038826942443847656
32,11,0.00500000000000000,0.100000000000000,3,list_based,19/32,11/16,25/32,nan,7/32,9/32,0.009463071823120117
32,11,0.00500000000000000,0.100000000000000,4,monomial_based,3/8,nan,nan,325/1024,nan,nan,0.03961896896362305
32,11,0.00500000000000000,0.100000000000000,4,list_based,1/2,9/16,27/32,nan,11/32,9/32,0.009626150131225586
32,11,0.00500000000000000,0.100000000000000,5,monomial_based,11/32,nan,nan,183/512,nan,nan,0.03907012939453125
32,11,0.00500000000000000,0.100000000000000,5,list_based,21/32,23/32,27/32,nan,7/32,3/16,0.009689092636108398
32,11,0.00500000000000000,0.150000000000000,1,monomial_based,5/32,nan,nan,29/64,nan,nan,0.037955284118652344
32,11,0.00500000000000000,0.150000000000000,1,list_based,13/32,15/32,23/32,nan,15/32,5/16,0.009321928024291992
32,11,0.00500000000000000,0.150000000000000,2,monomial_based,7/32,nan,nan,479/1024,nan,nan,0.03678274154663086
32,11,0.00500000000000000,0.150000000000000,2,list_based,1/2,5/8,27/32,nan,15/32,5/32,0.008945703506469727
32,11,0.00500000000000000,0.150000000000000,3,monomial_based,9/32,nan,nan,505/1024,nan,nan,0.03794097900390625
32,11,0.00500000000000000,0.150000000000000,3,list_based,1/2,5/8,23/32,nan,5/16,5/16,0.008675098419189453
32,11,0.00500000000000000,0.150000000000000,4,monomial_based,11/32,nan,nan,223/512,nan,nan,0.03897595405578613
32,11,0.00500000000000000,0.150000000000000,4,list_based,5/16,13/32,3/4,nan,13/32,3/8,0.008867979049682617
32,11,0.00500000000000000,0.150000000000000,5,monomial_based,1/8,nan,nan,255/512,nan,nan,0.03926491737365723
32,11,0.00500000000000000,0.150000000000000,5,list_based,7/16,1/2,13/16,nan,11/32,7/32,0.009226083755493164
32,11,0.00500000000000000,0.200000000000000,1,monomial_based,1/16,nan,nan,581/1024,nan,nan,0.040216684341430664
32,11,0.00500000000000000,0.200000000000000,1,list_based,1/4,15/32,19/32,nan,9/16,7/16,0.00882577896118164
32,11,0.00500000000000000,0.200000000000000,2,monomial_based,1/8,nan,nan,151/256,nan,nan,0.038358211517333984
32,11,0.00500000000000000,0.200000000000000,2,list_based,3/8,7/16,13/16,nan,9/16,7/32,0.008784770965576172
32,11,0.00500000000000000,0.200000000000000,3,monomial_based,1/4,nan,nan,623/1024,nan,nan,0.037344932556152344
32,11,0.00500000000000000,0.200000000000000,3,list_based,15/32,17/32,23/32,nan,7/16,13/32,0.009222984313964844
32,11,0.00500000000000000,0.200000000000000,4,monomial_based,1/4,nan,nan,141/256,nan,nan,0.03850698471069336
32,11,0.00500000000000000,0.200000000000000,4,list_based,7/32,13/32,11/16,nan,15/32,7/16,0.009251117706298828
32,11,0.00500000000000000,0.200000000000000,5,monomial_based,1/16,nan,nan,155/256,nan,nan,0.04133200645446777
32,11,0.00500000000000000,0.200000000000000,5,list_based,5/16,3/8,11/16,nan,15/32,3/8,0.009038686752319336
32,11,0.0100000000000000,0.0500000000000000,1,monomial_based,21/32,nan,nan,41/256,nan,nan,0.06542801856994629
32,11,0.0100000000000000,0.0500000000000000,1,list_based,5/8,23/32,29/32,nan,7/32,3/32,0.009232044219970703
32,11,0.0100000000000000,0.0500000000000000,2,monomial_based,5/8,nan,nan,201/1024,nan,nan,0.03938913345336914
32,11,0.0100000000000000,0.0500000000000000,2,list_based,3/4,13/16,15/16,nan,1/8,1/16,0.008858203887939453
32,11,0.0100000000000000,0.0500000000000000,3,monomial_based,7/16,nan,nan,107/512,nan,nan,0.03780698776245117
32,11,0.0100000000000000,0.0500000000000000,3,list_based,21/32,25/32,13/16,nan,1/8,3/16,0.008569955825805664
32,11,0.0100000000000000,0.0500000000000000,4,monomial_based,19/32,nan,nan,157/1024,nan,nan,0.03944087028503418
32,11,0.0100000000000000,0.0500000000000000,4,list_based,11/16,3/4,29/32,nan,5/32,3/16,0.008284807205200195
32,11,0.0100000000000000,0.0500000000000000,5,monomial_based,17/32,nan,nan,103/512,nan,nan,0.03820395469665527
32,11,0.0100000000000000,0.0500000000000000,5,list_based,11/16,23/32,31/32,nan,7/32,1/32,0.008178949356079102
32,11,0.0100000000000000,0.100000000000000,1,monomial_based,13/32,nan,nan,325/1024,nan,nan,0.037148237228393555
32,11,0.0100000000000000,0.100000000000000,1,list_based,13/32,15/32,23/32,nan,13/32,9/32,0.008227109909057617
32,11,0.0100000000000000,0.100000000000000,2,monomial_based,1/2,nan,nan,177/512,nan,nan,0.036798954010009766
32,11,0.0100000000000000,0.100000000000000,2,list_based,19/32,23/32,27/32,nan,7/32,5/32,0.008856058120727539
32,11,0.0100000000000000,0.100000000000000,3,monomial_based,5/16,nan,nan,377/1024,nan,nan,0.03691601753234863
32,11,0.0100000000000000,0.100000000000000,3,list_based,17/32,5/8,25/32,nan,7/32,9/32,0.008645772933959961
32,11,0.0100000000000000,0.100000000000000,4,monomial_based,13/32,nan,nan,325/1024,nan,nan,0.03717684745788574
32,11,0.0100000000000000,0.100000000000000,4,list_based,15/32,17/32,27/32,nan,11/32,9/32,0.008697986602783203
32,11,0.0100000000000000,0.100000000000000,5,monomial_based,5/16,nan,nan,183/512,nan,nan,0.0388941764831543
32,11,0.0100000000000000,0.100000000000000,5,list_based,21/32,3/4,27/32,nan,7/32,3/16,0.011722087860107422
32,11,0.0100000000000000,0.150000000000000,1,monomial_based,5/32,nan,nan,29/64,nan,nan,0.039726972579956055
32,11,0.0100000000000000,0.150000000000000,1,list_based,5/16,13/32,11/16,nan,15/32,5/16,0.009960174560546875
32,11,0.0100000000000000,0.150000000000000,2,monomial_based,9/32,nan,nan,479/1024,nan,nan,0.05280733108520508
32,11,0.0100000000000000,0.150000000000000,2,list_based,11/32,13/32,27/32,nan,15/32,5/32,0.009626150131225586
32,11,0.0100000000000000,0.150000000000000,3,monomial_based,11/32,nan,nan,505/1024,nan,nan,0.039954185485839844
32,11,0.0100000000000000,0.150000000000000,3,list_based,5/8,3/4,25/32,nan,5/16,5/16,0.011289119720458984
32,11,0.0100000000000000,0.150000000000000,4,monomial_based,3/8,nan,nan,223/512,nan,nan,0.04431891441345215
32,11,0.0100000000000000,0.150000000000000,4,list_based,11/32,7/16,3/4,nan,13/32,3/8,0.0113067626953125
32,11,0.0100000000000000,0.150000000000000,5,monomial_based,1/8,nan,nan,255/512,nan,nan,0.04876232147216797
32,11,0.0100000000000000,0.150000000000000,5,list_based,13/32,1/2,13/16,nan,11/32,7/32,0.03748130798339844
32,11,0.0100000000000000,0.200000000000000,1,monomial_based,1/16,nan,nan,581/1024,nan,nan,0.039938926696777344
32,11,0.0100000000000000,0.200000000000000,1,list_based,3/16,1/4,19/32,nan,9/16,7/16,0.00939798355102539
32,11,0.0100000000000000,0.200000000000000,2,monomial_based,1/8,nan,nan,151/256,nan,nan,0.03710508346557617
32,11,0.0100000000000000,0.200000000000000,2,list_based,1/8,5/32,13/16,nan,9/16,7/32,0.008770942687988281
32,11,0.0100000000000000,0.200000000000000,3,monomial_based,7/32,nan,nan,623/1024,nan,nan,0.037045955657958984
32,11,0.0100000000000000,0.200000000000000,3,list_based,13/32,9/16,23/32,nan,7/16,13/32,0.008620977401733398
32,11,0.0100000000000000,0.200000000000000,4,monomial_based,1/4,nan,nan,141/256,nan,nan,0.03694796562194824
32,11,0.0100000000000000,0.200000000000000,4,list_based,7/32,3/8,11/16,nan,15/32,7/16,0.009301900863647461
32,11,0.0100000000000000,0.200000000000000,5,monomial_based,0,nan,nan,155/256,nan,nan,0.03599715232849121
32,11,0.0100000000000000,0.200000000000000,5,list_based,9/32,11/32,11/16,nan,15/32,3/8,0.009149789810180664
32,11,0.0150000000000000,0.0500000000000000,1,monomial_based,19/32,nan,nan,41/256,nan,nan,0.04022979736328125
32,11,0.0150000000000000,0.0500000000000000,1,list_based,5/8,23/32,29/32,nan,1/4,3/32,0.009317874908447266
32,11,0.0150000000000000,0.0500000000000000,2,monomial_based,19/32,nan,nan,101/512,nan,nan,0.039649009704589844
32,11,0.0150000000000000,0.0500000000000000,2,list_based,3/4,13/16,15/16,nan,1/8,1/16,0.00908207893371582
32,11,0.0150000000000000,0.0500000000000000,3,monomial_based,1/2,nan,nan,107/512,nan,nan,0.03882122039794922
32,11,0.0150000000000000,0.0500000000000000,3,list_based,25/32,27/32,7/8,nan,1/8,3/16,0.008870840072631836
32,11,0.0150000000000000,0.0500000000000000,4,monomial_based,9/16,nan,nan,157/1024,nan,nan,0.038500308990478516
32,11,0.0150000000000000,0.0500000000000000,4,list_based,11/16,3/4,29/32,nan,5/32,3/16,0.008985042572021484
32,11,0.0150000000000000,0.0500000000000000,5,monomial_based,5/8,nan,nan,103/512,nan,nan,0.03852105140686035
32,11,0.0150000000000000,0.0500000000000000,5,list_based,21/32,11/16,31/32,nan,7/32,1/32,0.008983850479125977
32,11,0.0150000000000000,0.100000000000000,1,monomial_based,1/2,nan,nan,325/1024,nan,nan,0.0371088981628418
32,11,0.0150000000000000,0.100000000000000,1,list_based,5/16,13/32,23/32,nan,7/16,9/32,0.007977008819580078
32,11,0.0150000000000000,0.100000000000000,2,monomial_based,13/32,nan,nan,355/1024,nan,nan,0.03703880310058594
32,11,0.0150000000000000,0.100000000000000,2,list_based,19/32,23/32,27/32,nan,7/32,5/32,0.008202075958251953
32,11,0.0150000000000000,0.100000000000000,3,monomial_based,3/8,nan,nan,377/1024,nan,nan,0.036477088928222656
32,11,0.0150000000000000,0.100000000000000,3,list_based,21/32,25/32,25/32,nan,7/32,9/32,0.008802175521850586
32,11,0.0150000000000000,0.100000000000000,4,monomial_based,17/32,nan,nan,325/1024,nan,nan,0.03894805908203125
32,11,0.0150000000000000,0.100000000000000,4,list_based,15/32,17/32,27/32,nan,11/32,9/32,0.009295940399169922
32,11,0.0150000000000000,0.100000000000000,5,monomial_based,3/8,nan,nan,183/512,nan,nan,0.0602879524230957
32,11,0.0150000000000000,0.100000000000000,5,list_based,5/8,11/16,27/32,nan,7/32,3/16,0.008154153823852539
32,11,0.0150000000000000,0.150000000000000,1,monomial_based,3/16,nan,nan,29/64,nan,nan,0.03508305549621582
32,11,0.0150000000000000,0.150000000000000,1,list_based,11/32,7/16,11/16,nan,1/2,5/16,0.008723020553588867
32,11,0.0150000000000000,0.150000000000000,2,monomial_based,9/32,nan,nan,15/32,nan,nan,0.03496289253234863
32,11,0.0150000000000000,0.150000000000000,2,list_based,13/32,1/2,27/32,nan,15/32,5/32,0.008192062377929688
32,11,0.0150000000000000,0.150000000000000,3,monomial_based,11/32,nan,nan,505/1024,nan,nan,0.0350649356842041
32,11,0.0150000000000000,0.150000000000000,3,list_based,19/32,21/32,25/32,nan,5/16,5/16,0.008178949356079102
32,11,0.0150000000000000,0.150000000000000,4,monomial_based,11/32,nan,nan,223/512,nan,nan,0.03432798385620117
32,11,0.0150000000000000,0.150000000000000,4,list_based,7/16,9/16,3/4,nan,13/32,3/8,0.008320808410644531
32,11,0.0150000000000000,0.150000000000000,5,monomial_based,3/16,nan,nan,255/512,nan,nan,0.03381919860839844
32,11,0.0150000000000000,0.150000000000000,5,list_based,11/32,7/16,13/16,nan,11/32,7/32,0.008201122283935547
32,11,0.0150000000000000,0.200000000000000,1,monomial_based,1/8,nan,nan,581/1024,nan,nan,0.033590078353881836
32,11,0.0150000000000000,0.200000000000000,1,list_based,9/32,13/32,19/32,nan,19/32,7/16,0.008287906646728516
32,11,0.0150000000000000,0.200000000000000,2,monomial_based,7/32,nan,nan,605/1024,nan,nan,0.033535003662109375
32,11,0.0150000000000000,0.200000000000000,2,list_based,11/32,13/32,13/16,nan,9/16,7/32,0.008061885833740234
32,11,0.0150000000000000,0.200000000000000,3,monomial_based,7/32,nan,nan,623/1024,nan,nan,0.03303194046020508
32,11,0.0150000000000000,0.200000000000000,3,list_based,7/16,17/32,23/32,nan,7/16,13/32,0.008327722549438477
32,11,0.0150000000000000,0.200000000000000,4,monomial_based,3/16,nan,nan,141/256,nan,nan,0.03372621536254883
32,11,0.0150000000000000,0.200000000000000,4,list_based,9/32,15/32,11/16,nan,15/32,7/16,0.008359193801879883
32,11,0.0150000000000000,0.200000000000000,5,monomial_based,7/32,nan,nan,155/256,nan,nan,0.03310418128967285
32,11,0.0150000000000000,0.200000000000000,5,list_based,1/4,5/16,11/16,nan,15/32,3/8,0.00820302963256836
32,11,0.0200000000000000,0.0500000000000000,1,monomial_based,9/16,nan,nan,41/256,nan,nan,0.0372319221496582
32,11,0.0200000000000000,0.0500000000000000,1,list_based,19/32,11/16,29/32,nan,9/32,3/32,0.008306026458740234
32,11,0.0200000000000000,0.0500000000000000,2,monomial_based,21/32,nan,nan,101/512,nan,nan,0.03692197799682617
32,11,0.0200000000000000,0.0500000000000000,2,list_based,11/16,3/4,15/16,nan,5/32,1/16,0.00916600227355957
32,11,0.0200000000000000,0.0500000000000000,3,monomial_based,7/16,nan,nan,215/1024,nan,nan,0.03902125358581543
32,11,0.0200000000000000,0.0500000000000000,3,list_based,3/4,13/16,7/8,nan,1/8,3/16,0.009015083312988281
32,11,0.0200000000000000,0.0500000000000000,4,monomial_based,5/8,nan,nan,159/1024,nan,nan,0.06368398666381836
32,11,0.0200000000000000,0.0500000000000000,4,list_based,11/16,3/4,29/32,nan,5/32,3/16,0.008478879928588867
32,11,0.0200000000000000,0.0500000000000000,5,monomial_based,9/16,nan,nan,103/512,nan,nan,0.03733181953430176
32,11,0.0200000000000000,0.0500000000000000,5,list_based,3/4,25/32,31/32,nan,9/32,1/32,0.008233070373535156
32,11,0.0200000000000000,0.100000000000000,1,monomial_based,15/32,nan,nan,325/1024,nan,nan,0.03518199920654297
32,11,0.0200000000000000,0.100000000000000,1,list_based,11/32,7/16,23/32,nan,15/32,9/32,0.00820612907409668
32,11,0.0200000000000000,0.100000000000000,2,monomial_based,7/16,nan,nan,355/1024,nan,nan,0.03479790687561035
32,11,0.0200000000000000,0.100000000000000,2,list_based,1/2,19/32,27/32,nan,1/4,5/32,0.00813913345336914
32,11,0.0200000000000000,0.100000000000000,3,monomial_based,13/32,nan,nan,377/1024,nan,nan,0.034577131271362305
32,11,0.0200000000000000,0.100000000000000,3,list_based,5/8,3/4,25/32,nan,7/32,9/32,0.008085966110229492
32,11,0.0200000000000000,0.100000000000000,4,monomial_based,3/8,nan,nan,327/1024,nan,nan,0.03496289253234863
32,11,0.0200000000000000,0.100000000000000,4,list_based,15/32,17/32,27/32,nan,11/32,9/32,0.008099794387817383
32,11,0.0200000000000000,0.100000000000000,5,monomial_based,13/32,nan,nan,183/512,nan,nan,0.034529685974121094
32,11,0.0200000000000000,0.100000000000000,5,list_based,15/32,1/2,27/32,nan,9/32,3/16,0.007884979248046875
32,11,0.0200000000000000,0.150000000000000,1,monomial_based,3/16,nan,nan,29/64,nan,nan,0.03317594528198242
32,11,0.0200000000000000,0.150000000000000,1,list_based,9/32,3/8,11/16,nan,17/32,5/16,0.008299112319946289
32,11,0.0200000000000000,0.150000000000000,2,monomial_based,1/4,nan,nan,15/32,nan,nan,0.03276705741882324
32,11,0.0200000000000000,0.150000000000000,2,list_based,3/8,15/32,27/32,nan,15/32,5/32,0.007701873779296875
32,11,0.0200000000000000,0.150000000000000,3,monomial_based,9/32,nan,nan,505/1024,nan,nan,0.03286385536193848
32,11,0.0200000000000000,0.150000000000000,3,list_based,17/32,5/8,25/32,nan,5/16,5/16,0.007897138595581055
32,11,0.0200000000000000,0.150000000000000,4,monomial_based,7/32,nan,nan,7/16,nan,nan,0.03321194648742676
32,11,0.0200000000000000,0.150000000000000,4,list_based,1/4,3/8,3/4,nan,13/32,3/8,0.007997989654541016
32,11,0.0200000000000000,0.150000000000000,5,monomial_based,7/32,nan,nan,255/512,nan,nan,0.03286123275756836
32,11,0.0200000000000000,0.150000000000000,5,list_based,11/32,7/16,13/16,nan,13/32,7/32,0.007888317108154297
32,11,0.0200000000000000,0.200000000000000,1,monomial_based,3/32,nan,nan,581/1024,nan,nan,0.03223228454589844
32,11,0.0200000000000000,0.200000000000000,1,list_based,9/32,1/2,19/32,nan,5/8,7/16,0.007598161697387695
32,11,0.0200000000000000,0.200000000000000,2,monomial_based,5/32,nan,nan,605/1024,nan,nan,0.032450199127197266
32,11,0.0200000000000000,0.200000000000000,2,list_based,1/4,9/32,13/16,nan,9/16,7/32,0.008108854293823242
32,11,0.0200000000000000,0.200000000000000,3,monomial_based,1/4,nan,nan,623/1024,nan,nan,0.035565853118896484
32,11,0.0200000000000000,0.200000000000000,3,list_based,1/2,19/32,23/32,nan,7/16,13/32,0.008294105529785156
32,11,0.0200000000000000,0.200000000000000,4,monomial_based,1/4,nan,nan,283/512,nan,nan,0.05479693412780762
32,11,0.0200000000000000,0.200000000000000,4,list_based,7/32,11/32,11/16,nan,15/32,7/16,0.007578134536743164
32,11,0.0200000000000000,0.200000000000000,5,monomial_based,1/16,nan,nan,155/256,nan,nan,0.03096914291381836
32,11,0.0200000000000000,0.200000000000000,5,list_based,9/32,11/32,11/16,nan,1/2,3/8,0.007605075836181641
32,31,0.00500000000000000,0.0500000000000000,1,monomial_based,25/32,nan,nan,59/256,nan,nan,0.06111502647399902
32,31,0.00500000000000000,0.0500000000000000,1,list_based,5/8,25/32,25/32,nan,5/32,7/32,0.010710000991821289
32,31,0.00500000000000000,0.0500000000000000,2,monomial_based,23/32,nan,nan,57/256,nan,nan,0.06055903434753418
32,31,0.00500000000000000,0.0500000000000000,2,list_based,13/16,15/16,27/32,nan,5/32,5/32,0.010746240615844727
32,31,0.00500000000000000,0.0500000000000000,3,monomial_based,29/32,nan,nan,125/512,nan,nan,0.06005716323852539
32,31,0.00500000000000000,0.0500000000000000,3,list_based,25/32,15/16,13/16,nan,5/32,3/16,0.011049985885620117
32,31,0.00500000000000000,0.0500000000000000,4,monomial_based,13/16,nan,nan,207/1024,nan,nan,0.060636281967163086
32,31,0.00500000000000000,0.0500000000000000,4,list_based,13/16,27/32,31/32,nan,1/8,1/32,0.011092185974121094
32,31,0.00500000000000000,0.0500000000000000,5,monomial_based,25/32,nan,nan,245/1024,nan,nan,0.061647891998291016
32,31,0.00500000000000000,0.0500000000000000,5,list_based,29/32,15/16,31/32,nan,1/16,1/32,0.011711835861206055
32,31,0.00500000000000000,0.100000000000000,1,monomial_based,9/16,nan,nan,213/512,nan,nan,0.08378124237060547
32,31,0.00500000000000000,0.100000000000000,1,list_based,1/2,27/32,19/32,nan,7/32,13/32,0.011134862899780273
32,31,0.00500000000000000,0.100000000000000,2,monomial_based,9/16,nan,nan,405/1024,nan,nan,0.058862924575805664
32,31,0.00500000000000000,0.100000000000000,2,list_based,5/8,13/16,3/4,nan,9/32,1/4,0.010742902755737305
32,31,0.00500000000000000,0.100000000000000,3,monomial_based,11/16,nan,nan,421/1024,nan,nan,0.05912613868713379
32,31,0.00500000000000000,0.100000000000000,3,list_based,3/4,29/32,25/32,nan,7/32,7/32,0.010714054107666016
32,31,0.00500000000000000,0.100000000000000,4,monomial_based,9/16,nan,nan,411/1024,nan,nan,0.05824089050292969
32,31,0.00500000000000000,0.100000000000000,4,list_based,9/16,5/8,27/32,nan,7/32,5/32,0.010995149612426758
32,31,0.00500000000000000,0.100000000000000,5,monomial_based,15/32,nan,nan,107/256,nan,nan,0.05860185623168945
32,31,0.00500000000000000,0.100000000000000,5,list_based,3/4,13/16,15/16,nan,3/16,1/16,0.010671138763427734
32,31,0.00500000000000000,0.150000000000000,1,monomial_based,5/16,nan,nan,575/1024,nan,nan,0.05778098106384277
32,31,0.00500000000000000,0.150000000000000,1,list_based,11/32,9/16,15/32,nan,11/32,17/32,0.010789155960083008
32,31,0.00500000000000000,0.150000000000000,2,monomial_based,9/32,nan,nan,555/1024,nan,nan,0.06558060646057129
32,31,0.00500000000000000,0.150000000000000,2,list_based,7/16,21/32,21/32,nan,11/32,11/32,0.029300928115844727
32,31,0.00500000000000000,0.150000000000000,3,monomial_based,11/32,nan,nan,561/1024,nan,nan,0.05728006362915039
32,31,0.00500000000000000,0.150000000000000,3,list_based,17/32,11/16,3/4,nan,11/32,1/4,0.010867834091186523
32,31,0.00500000000000000,0.150000000000000,4,monomial_based,11/32,nan,nan,277/512,nan,nan,0.05740976333618164
32,31,0.00500000000000000,0.150000000000000,4,list_based,15/32,19/32,13/16,nan,5/16,7/32,0.011086225509643555
32,31,0.00500000000000000,0.150000000000000,5,monomial_based,9/32,nan,nan,73/128,nan,nan,0.05738520622253418
32,31,0.00500000000000000,0.150000000000000,5,list_based,1/2,5/8,13/16,nan,11/32,3/16,0.01083517074584961
32,31,0.00500000000000000,0.200000000000000,1,monomial_based,1/4,nan,nan,689/1024,nan,nan,0.05611300468444824
32,31,0.00500000000000000,0.200000000000000,1,list_based,5/32,3/8,13/32,nan,7/16,19/32,0.010734796524047852
32,31,0.00500000000000000,0.200000000000000,2,monomial_based,7/32,nan,nan,167/256,nan,nan,0.057945966720581055
32,31,0.00500000000000000,0.200000000000000,2,list_based,7/32,7/16,17/32,nan,7/16,15/32,0.01090693473815918
32,31,0.00500000000000000,0.200000000000000,3,monomial_based,1/4,nan,nan,679/1024,nan,nan,0.0559689998626709
32,31,0.00500000000000000,0.200000000000000,3,list_based,13/32,1/2,11/16,nan,13/32,5/16,0.0117340087890625
32,31,0.00500000000000000,0.200000000000000,4,monomial_based,1/4,nan,nan,677/1024,nan,nan,0.06042289733886719
32,31,0.00500000000000000,0.200000000000000,4,list_based,1/4,7/16,21/32,nan,3/8,3/8,0.01182413101196289
32,31,0.00500000000000000,0.200000000000000,5,monomial_based,9/32,nan,nan,699/1024,nan,nan,0.07717299461364746
32,31,0.00500000000000000,0.200000000000000,5,list_based,7/32,11/32,23/32,nan,15/32,9/32,0.010777950286865234
32,31,0.0100000000000000,0.0500000000000000,1,monomial_based,25/32,nan,nan,59/256,nan,nan,0.059120893478393555
32,31,0.0100000000000000,0.0500000000000000,1,list_based,17/32,21/32,25/32,nan,3/16,7/32,0.011123895645141602
32,31,0.0100000000000000,0.0500000000000000,2,monomial_based,11/16,nan,nan,57/256,nan,nan,0.05961203575134277
32,31,0.0100000000000000,0.0500000000000000,2,list_based,13/16,15/16,27/32,nan,5/32,5/32,0.01069188117980957
32,31,0.0100000000000000,0.0500000000000000,3,monomial_based,29/32,nan,nan,125/512,nan,nan,0.060678958892822266
32,31,0.0100000000000000,0.0500000000000000,3,list_based,3/4,29/32,13/16,nan,5/32,3/16,0.010764122009277344
32,31,0.0100000000000000,0.0500000000000000,4,monomial_based,25/32,nan,nan,207/1024,nan,nan,0.060041189193725586
32,31,0.0100000000000000,0.0500000000000000,4,list_based,25/32,13/16,31/32,nan,1/8,1/32,0.01077127456665039
32,31,0.0100000000000000,0.0500000000000000,5,monomial_based,23/32,nan,nan,245/1024,nan,nan,0.06462621688842773
32,31,0.0100000000000000,0.0500000000000000,5,list_based,7/8,7/8,31/32,nan,1/16,1/32,0.01483607292175293
32,31,0.0100000000000000,0.100000000000000,1,monomial_based,19/32,nan,nan,213/512,nan,nan,0.07552528381347656
32,31,0.0100000000000000,0.100000000000000,1,list_based,3/8,19/32,19/32,nan,1/4,13/32,0.010857820510864258
32,31,0.0100000000000000,0.100000000000000,2,monomial_based,9/16,nan,nan,405/1024,nan,nan,0.05863380432128906
32,31,0.0100000000000000,0.100000000000000,2,list_based,5/8,13/16,3/4,nan,9/32,1/4,0.010950088500976562
32,31,0.0100000000000000,0.100000000000000,3,monomial_based,17/32,nan,nan,421/1024,nan,nan,0.05814480781555176
32,31,0.0100000000000000,0.100000000000000,3,list_based,23/32,13/16,25/32,nan,7/32,7/32,0.010567903518676758
32,31,0.0100000000000000,0.100000000000000,4,monomial_based,9/16,nan,nan,411/1024,nan,nan,0.058465003967285156
32,31,0.0100000000000000,0.100000000000000,4,list_based,9/16,5/8,27/32,nan,7/32,5/32,0.011012077331542969
32,31,0.0100000000000000,0.100000000000000,5,monomial_based,17/32,nan,nan,107/256,nan,nan,0.05741119384765625
32,31,0.0100000000000000,0.100000000000000,5,list_based,11/16,23/32,15/16,nan,3/16,1/16,0.01084589958190918
32,31,0.0100000000000000,0.150000000000000,1,monomial_based,13/32,nan,nan,575/1024,nan,nan,0.05885887145996094
32,31,0.0100000000000000,0.150000000000000,1,list_based,5/16,9/16,1/2,nan,11/32,17/32,0.011589765548706055
32,31,0.0100000000000000,0.150000000000000,2,monomial_based,9/32,nan,nan,555/1024,nan,nan,0.08112406730651855
32,31,0.0100000000000000,0.150000000000000,2,list_based,5/16,17/32,21/32,nan,11/32,11/32,0.010647058486938477
32,31,0.0100000000000000,0.150000000000000,3,monomial_based,3/8,nan,nan,561/1024,nan,nan,0.056852102279663086
32,31,0.0100000000000000,0.150000000000000,3,list_based,11/32,7/16,3/4,nan,11/32,1/4,0.010720014572143555
32,31,0.0100000000000000,0.150000000000000,4,monomial_based,11/32,nan,nan,277/512,nan,nan,0.05799698829650879
32,31,0.0100000000000000,0.150000000000000,4,list_based,1/2,19/32,25/32,nan,5/16,7/32,0.010619878768920898
32,31,0.0100000000000000,0.150000000000000,5,monomial_based,9/32,nan,nan,73/128,nan,nan,0.05817985534667969
32,31,0.0100000000000000,0.150000000000000,5,list_based,15/32,9/16,13/16,nan,11/32,3/16,0.011121034622192383
32,31,0.0100000000000000,0.200000000000000,1,monomial_based,1/4,nan,nan,689/1024,nan,nan,0.05995297431945801
32,31,0.0100000000000000,0.200000000000000,1,list_based,1/8,7/16,13/32,nan,7/16,19/32,0.010901927947998047
32,31,0.0100000000000000,0.200000000000000,2,monomial_based,7/32,nan,nan,167/256,nan,nan,0.06532883644104004
32,31,0.0100000000000000,0.200000000000000,2,list_based,1/4,3/8,17/32,nan,7/16,15/32,0.011260032653808594
32,31,0.0100000000000000,0.200000000000000,3,monomial_based,7/32,nan,nan,679/1024,nan,nan,0.0903618335723877
32,31,0.0100000000000000,0.200000000000000,3,list_based,3/8,7/16,11/16,nan,13/32,5/16,0.011564970016479492
32,31,0.0100000000000000,0.200000000000000,4,monomial_based,1/4,nan,nan,677/1024,nan,nan,0.06234598159790039
32,31,0.0100000000000000,0.200000000000000,4,list_based,3/8,17/32,21/32,nan,3/8,3/8,0.011063098907470703
32,31,0.0100000000000000,0.200000000000000,5,monomial_based,7/32,nan,nan,699/1024,nan,nan,0.06002092361450195
32,31,0.0100000000000000,0.200000000000000,5,list_based,1/4,13/32,23/32,nan,15/32,9/32,0.011087894439697266
32,31,0.0150000000000000,0.0500000000000000,1,monomial_based,7/8,nan,nan,59/256,nan,nan,0.06029105186462402
32,31,0.0150000000000000,0.0500000000000000,1,list_based,19/32,3/4,25/32,nan,3/16,7/32,0.01068115234375
32,31,0.0150000000000000,0.0500000000000000,2,monomial_based,21/32,nan,nan,229/1024,nan,nan,0.06081819534301758
32,31,0.0150000000000000,0.0500000000000000,2,list_based,23/32,7/8,13/16,nan,3/16,3/16,0.010776996612548828
32,31,0.0150000000000000,0.0500000000000000,3,monomial_based,29/32,nan,nan,125/512,nan,nan,0.05984306335449219
32,31,0.0150000000000000,0.0500000000000000,3,list_based,25/32,15/16,13/16,nan,5/32,3/16,0.011131763458251953
32,31,0.0150000000000000,0.0500000000000000,4,monomial_based,25/32,nan,nan,207/1024,nan,nan,0.06316065788269043
32,31,0.0150000000000000,0.0500000000000000,4,list_based,13/16,27/32,31/32,nan,1/8,1/32,0.01168680191040039
32,31,0.0150000000000000,0.0500000000000000,5,monomial_based,23/32,nan,nan,245/1024,nan,nan,0.0836479663848877
32,31,0.0150000000000000,0.0500000000000000,5,list_based,25/32,7/8,29/32,nan,3/32,3/32,0.010872125625610352
32,31,0.0150000000000000,0.100000000000000,1,monomial_based,9/16,nan,nan,213/512,nan,nan,0.05821490287780762
32,31,0.0150000000000000,0.100000000000000,1,list_based,3/8,21/32,19/32,nan,1/4,13/32,0.010629892349243164
32,31,0.0150000000000000,0.100000000000000,2,monomial_based,17/32,nan,nan,203/512,nan,nan,0.05833792686462402
32,31,0.0150000000000000,0.100000000000000,2,list_based,15/32,11/16,23/32,nan,5/16,9/32,0.010837078094482422
32,31,0.0150000000000000,0.100000000000000,3,monomial_based,17/32,nan,nan,421/1024,nan,nan,0.058242082595825195
32,31,0.0150000000000000,0.100000000000000,3,list_based,11/16,25/32,25/32,nan,7/32,7/32,0.011075019836425781
32,31,0.0150000000000000,0.100000000000000,4,monomial_based,9/16,nan,nan,411/1024,nan,nan,0.05855703353881836
32,31,0.0150000000000000,0.100000000000000,4,list_based,15/32,17/32,27/32,nan,7/32,5/32,0.010731220245361328
32,31,0.0150000000000000,0.100000000000000,5,monomial_based,15/32,nan,nan,107/256,nan,nan,0.059020042419433594
32,31,0.0150000000000000,0.100000000000000,5,list_based,5/8,23/32,7/8,nan,7/32,1/8,0.010596990585327148
32,31,0.0150000000000000,0.150000000000000,1,monomial_based,3/8,nan,nan,575/1024,nan,nan,0.08332419395446777
32,31,0.0150000000000000,0.150000000000000,1,list_based,3/8,5/8,15/32,nan,11/32,17/32,0.010908842086791992
32,31,0.0150000000000000,0.150000000000000,2,monomial_based,1/4,nan,nan,139/256,nan,nan,0.05793190002441406
32,31,0.0150000000000000,0.150000000000000,2,list_based,1/2,5/8,21/32,nan,3/8,3/8,0.010582208633422852
32,31,0.0150000000000000,0.150000000000000,3,monomial_based,7/16,nan,nan,561/1024,nan,nan,0.057492971420288086
32,31,0.0150000000000000,0.150000000000000,3,list_based,7/16,19/32,3/4,nan,11/32,1/4,0.010854005813598633
32,31,0.0150000000000000,0.150000000000000,4,monomial_based,13/32,nan,nan,277/512,nan,nan,0.057737112045288086
32,31,0.0150000000000000,0.150000000000000,4,list_based,13/32,7/16,25/32,nan,5/16,7/32,0.010693073272705078
32,31,0.0150000000000000,0.150000000000000,5,monomial_based,1/4,nan,nan,73/128,nan,nan,0.0758671760559082
32,31,0.0150000000000000,0.150000000000000,5,list_based,13/32,17/32,3/4,nan,3/8,1/4,0.011605024337768555
32,31,0.0150000000000000,0.200000000000000,1,monomial_based,1/4,nan,nan,689/1024,nan,nan,0.060157060623168945
32,31,0.0150000000000000,0.200000000000000,1,list_based,3/16,1/2,13/32,nan,7/16,19/32,0.011090755462646484
32,31,0.0150000000000000,0.200000000000000,2,monomial_based,7/32,nan,nan,669/1024,nan,nan,0.06226801872253418
32,31,0.0150000000000000,0.200000000000000,2,list_based,11/32,17/32,17/32,nan,15/32,1/2,0.011558055877685547
32,31,0.0150000000000000,0.200000000000000,3,monomial_based,5/32,nan,nan,679/1024,nan,nan,0.09007930755615234
32,31,0.0150000000000000,0.200000000000000,3,list_based,11/32,1/2,11/16,nan,13/32,5/16,0.010577917098999023
32,31,0.0150000000000000,0.200000000000000,4,monomial_based,5/16,nan,nan,677/1024,nan,nan,0.0572962760925293
32,31,0.0150000000000000,0.200000000000000,4,list_based,11/32,9/16,5/8,nan,3/8,3/8,0.010537862777709961
32,31,0.0150000000000000,0.200000000000000,5,monomial_based,1/4,nan,nan,699/1024,nan,nan,0.0572810173034668
32,31,0.0150000000000000,0.200000000000000,5,list_based,7/32,3/8,21/32,nan,1/2,11/32,0.010557889938354492
32,31,0.0200000000000000,0.0500000000000000,1,monomial_based,7/8,nan,nan,59/256,nan,nan,0.05975699424743652
32,31,0.0200000000000000,0.0500000000000000,1,list_based,9/16,11/16,25/32,nan,3/16,7/32,0.011265039443969727
32,31,0.0200000000000000,0.0500000000000000,2,monomial_based,19/32,nan,nan,29/128,nan,nan,0.06013607978820801
32,31,0.0200000000000000,0.0500000000000000,2,list_based,19/32,3/4,13/16,nan,7/32,3/16,0.01108407974243164
32,31,0.0200000000000000,0.0500000000000000,3,monomial_based,29/32,nan,nan,125/512,nan,nan,0.07753992080688477
32,31,0.0200000000000000,0.0500000000000000,3,list_based,23/32,7/8,13/16,nan,3/16,3/16,0.014682769775390625
32,31,0.0200000000000000,0.0500000000000000,4,monomial_based,13/16,nan,nan,207/1024,nan,nan,0.09140300750732422
32,31,0.0200000000000000,0.0500000000000000,4,list_based,13/16,7/8,15/16,nan,1/8,1/16,0.011387825012207031
32,31,0.0200000000000000,0.0500000000000000,5,monomial_based,11/16,nan,nan,123/512,nan,nan,0.062248945236206055
32,31,0.0200000000000000,0.0500000000000000,5,list_based,21/32,25/32,7/8,nan,1/8,1/8,0.01124882698059082
32,31,0.0200000000000000,0.100000000000000,1,monomial_based,17/32,nan,nan,213/512,nan,nan,0.05965399742126465
32,31,0.0200000000000000,0.100000000000000,1,list_based,11/32,9/16,19/32,nan,1/4,13/32,0.010962963104248047
32,31,0.0200000000000000,0.100000000000000,2,monomial_based,5/16,nan,nan,51/128,nan,nan,0.059298038482666016
32,31,0.0200000000000000,0.100000000000000,2,list_based,13/32,19/32,23/32,nan,11/32,9/32,0.010872840881347656
32,31,0.0200000000000000,0.100000000000000,3,monomial_based,9/16,nan,nan,421/1024,nan,nan,0.05916023254394531
32,31,0.0200000000000000,0.100000000000000,3,list_based,9/16,5/8,25/32,nan,1/4,7/32,0.010895729064941406
32,31,0.0200000000000000,0.100000000000000,4,monomial_based,9/16,nan,nan,411/1024,nan,nan,0.05889606475830078
32,31,0.0200000000000000,0.100000000000000,4,list_based,1/2,9/16,13/16,nan,7/32,3/16,0.010926008224487305
32,31,0.0200000000000000,0.100000000000000,5,monomial_based,15/32,nan,nan,429/1024,nan,nan,0.0587918758392334
32,31,0.0200000000000000,0.100000000000000,5,list_based,21/32,3/4,27/32,nan,1/4,5/32,0.010682106018066406
32,31,0.0200000000000000,0.150000000000000,1,monomial_based,11/32,nan,nan,575/1024,nan,nan,0.09098696708679199
32,31,0.0200000000000000,0.150000000000000,1,list_based,11/32,3/4,15/32,nan,11/32,17/32,0.011182785034179688
32,31,0.0200000000000000,0.150000000000000,2,monomial_based,3/16,nan,nan,279/512,nan,nan,0.059617042541503906
32,31,0.0200000000000000,0.150000000000000,2,list_based,7/16,5/8,5/8,nan,13/32,3/8,0.011051177978515625
32,31,0.0200000000000000,0.150000000000000,3,monomial_based,3/8,nan,nan,561/1024,nan,nan,0.05929088592529297
32,31,0.0200000000000000,0.150000000000000,3,list_based,9/32,13/32,3/4,nan,3/8,1/4,0.011160850524902344
32,31,0.0200000000000000,0.150000000000000,4,monomial_based,13/32,nan,nan,277/512,nan,nan,0.05764031410217285
32,31,0.0200000000000000,0.150000000000000,4,list_based,13/32,15/32,25/32,nan,5/16,1/4,0.010773897171020508
32,31,0.0200000000000000,0.150000000000000,5,monomial_based,5/16,nan,nan,73/128,nan,nan,0.058316946029663086
32,31,0.0200000000000000,0.150000000000000,5,list_based,7/16,17/32,23/32,nan,3/8,9/32,0.01108694076538086
32,31,0.0200000000000000,0.200000000000000,1,monomial_based,1/4,nan,nan,689/1024,nan,nan,0.05637001991271973
32,31,0.0200000000000000,0.200000000000000,1,list_based,7/32,21/32,13/32,nan,7/16,19/32,0.011151790618896484
32,31,0.0200000000000000,0.200000000000000,2,monomial_based,3/16,nan,nan,671/1024,nan,nan,0.05841183662414551
32,31,0.0200000000000000,0.200000000000000,2,list_based,1/4,15/32,1/2,nan,1/2,1/2,0.010661840438842773
32,31,0.0200000000000000,0.200000000000000,3,monomial_based,3/16,nan,nan,679/1024,nan,nan,0.06516289710998535
32,31,0.0200000000000000,0.200000000000000,3,list_based,3/8,1/2,11/16,nan,7/16,5/16,0.029417991638183594
32,31,0.0200000000000000,0.200000000000000,4,monomial_based,1/4,nan,nan,677/1024,nan,nan,0.056173086166381836
32,31,0.0200000000000000,0.200000000000000,4,list_based,11/32,1/2,5/8,nan,3/8,13/32,0.011042118072509766
32,31,0.0200000000000000,0.200000000000000,5,monomial_based,1/4,nan,nan,699/1024,nan,nan,0.056250810623168945
32,31,0.0200000000000000,0.200000000000000,5,list_based,3/16,11/32,5/8,nan,1/2,3/8,0.011136054992675781
32,127,0.00500000000000000,0.0500000000000000,1,monomial_based,27/32,nan,nan,35/128,nan,nan,0.23179006576538086
32,127,0.00500000000000000,0.0500000000000000,1,list_based,23/32,7/8,27/32,nan,5/32,5/32,0.07938194274902344
32,127,0.00500000000000000,0.0500000000000000,2,monomial_based,25/32,nan,nan,289/1024,nan,nan,0.25826001167297363
32,127,0.00500000000000000,0.0500000000000000,2,list_based,23/32,7/8,25/32,nan,1/16,7/32,0.07574987411499023
32,127,0.00500000000000000,0.0500000000000000,3,monomial_based,27/32,nan,nan,323/1024,nan,nan,0.23105096817016602
32,127,0.00500000000000000,0.0500000000000000,3,list_based,11/16,13/16,27/32,nan,5/32,5/32,0.07596683502197266
32,127,0.00500000000000000,0.0500000000000000,4,monomial_based,23/32,nan,nan,139/512,nan,nan,0.25722312927246094
32,127,0.00500000000000000,0.0500000000000000,4,list_based,13/16,27/32,15/16,nan,1/8,1/16,0.07678818702697754
32,127,0.00500000000000000,0.0500000000000000,5,monomial_based,25/32,nan,nan,295/1024,nan,nan,0.25989484786987305
32,127,0.00500000000000000,0.0500000000000000,5,list_based,11/16,25/32,13/16,nan,1/8,3/16,0.0760500431060791
32,127,0.00500000000000000,0.100000000000000,1,monomial_based,3/4,nan,nan,253/512,nan,nan,0.23099803924560547
32,127,0.00500000000000000,0.100000000000000,1,list_based,17/32,13/16,23/32,nan,9/32,9/32,0.07526612281799316
32,127,0.00500000000000000,0.100000000000000,2,monomial_based,11/16,nan,nan,529/1024,nan,nan,0.23288702964782715
32,127,0.00500000000000000,0.100000000000000,2,list_based,17/32,13/16,5/8,nan,3/32,3/8,0.08099222183227539
32,127,0.00500000000000000,0.100000000000000,3,monomial_based,9/16,nan,nan,131/256,nan,nan,0.25257015228271484
32,127,0.00500000000000000,0.100000000000000,3,list_based,1/2,11/16,3/4,nan,9/32,1/4,0.07735204696655273
32,127,0.00500000000000000,0.100000000000000,4,monomial_based,15/32,nan,nan,511/1024,nan,nan,0.25729990005493164
32,127,0.00500000000000000,0.100000000000000,4,list_based,19/32,11/16,13/16,nan,9/32,3/16,0.07592582702636719
32,127,0.00500000000000000,0.100000000000000,5,monomial_based,17/32,nan,nan,543/1024,nan,nan,0.23038220405578613
32,127,0.00500000000000000,0.100000000000000,5,list_based,7/16,19/32,3/4,nan,1/4,1/4,0.07949185371398926
32,127,0.00500000000000000,0.150000000000000,1,monomial_based,15/32,nan,nan,333/512,nan,nan,0.2572507858276367
32,127,0.00500000000000000,0.150000000000000,1,list_based,3/8,11/16,5/8,nan,5/16,3/8,0.07647895812988281
32,127,0.00500000000000000,0.150000000000000,2,monomial_based,13/32,nan,nan,349/512,nan,nan,0.22995519638061523
32,127,0.00500000000000000,0.150000000000000,2,list_based,3/8,25/32,7/16,nan,3/16,9/16,0.07628011703491211
32,127,0.00500000000000000,0.150000000000000,3,monomial_based,9/16,nan,nan,169/256,nan,nan,0.25551486015319824
32,127,0.00500000000000000,0.150000000000000,3,list_based,3/8,17/32,21/32,nan,11/32,11/32,0.07645988464355469
32,127,0.00500000000000000,0.150000000000000,4,monomial_based,11/32,nan,nan,671/1024,nan,nan,0.23602509498596191
32,127,0.00500000000000000,0.150000000000000,4,list_based,13/32,19/32,21/32,nan,13/32,11/32,0.0783231258392334
32,127,0.00500000000000000,0.150000000000000,5,monomial_based,7/16,nan,nan,341/512,nan,nan,0.26224684715270996
32,127,0.00500000000000000,0.150000000000000,5,list_based,5/16,9/16,21/32,nan,11/32,11/32,0.07625389099121094
32,127,0.00500000000000000,0.200000000000000,1,monomial_based,11/32,nan,nan,791/1024,nan,nan,0.2621140480041504
32,127,0.00500000000000000,0.200000000000000,1,list_based,3/16,1/2,13/32,nan,3/8,19/32,0.07669711112976074
32,127,0.00500000000000000,0.200000000000000,2,monomial_based,7/32,nan,nan,203/256,nan,nan,0.22957181930541992
32,127,0.00500000000000000,0.200000000000000,2,list_based,9/32,21/32,3/8,nan,9/32,5/8,0.07669806480407715
32,127,0.00500000000000000,0.200000000000000,3,monomial_based,3/8,nan,nan,199/256,nan,nan,0.26049208641052246
32,127,0.00500000000000000,0.200000000000000,3,list_based,11/32,15/32,19/32,nan,13/32,13/32,0.07691287994384766
32,127,0.00500000000000000,0.200000000000000,4,monomial_based,1/8,nan,nan,395/512,nan,nan,0.23195695877075195
32,127,0.00500000000000000,0.200000000000000,4,list_based,7/32,1/2,15/32,nan,1/2,17/32,0.07699012756347656
32,127,0.00500000000000000,0.200000000000000,5,monomial_based,1/4,nan,nan,397/512,nan,nan,0.23452210426330566
32,127,0.00500000000000000,0.200000000000000,5,list_based,1/4,5/16,19/32,nan,3/8,13/32,0.08129310607910156
32,127,0.0100000000000000,0.0500000000000000,1,monomial_based,27/32,nan,nan,35/128,nan,nan,0.25792813301086426
32,127,0.0100000000000000,0.0500000000000000,1,list_based,21/32,13/16,13/16,nan,3/16,3/16,0.0758352279663086
32,127,0.0100000000000000,0.0500000000000000,2,monomial_based,3/4,nan,nan,289/1024,nan,nan,0.27425503730773926
32,127,0.0100000000000000,0.0500000000000000,2,list_based,23/32,7/8,25/32,nan,1/16,7/32,0.07724499702453613
32,127,0.0100000000000000,0.0500000000000000,3,monomial_based,27/32,nan,nan,323/1024,nan,nan,0.2407071590423584
32,127,0.0100000000000000,0.0500000000000000,3,list_based,5/8,3/4,27/32,nan,5/32,5/32,0.08023786544799805
32,127,0.0100000000000000,0.0500000000000000,4,monomial_based,23/32,nan,nan,139/512,nan,nan,0.27159714698791504
32,127,0.0100000000000000,0.0500000000000000,4,list_based,25/32,13/16,15/16,nan,5/32,1/16,0.07950496673583984
32,127,0.0100000000000000,0.0500000000000000,5,monomial_based,23/32,nan,nan,295/1024,nan,nan,0.23853492736816406
32,127,0.0100000000000000,0.0500000000000000,5,list_based,11/16,13/16,25/32,nan,1/8,7/32,0.07848191261291504
32,127,0.0100000000000000,0.100000000000000,1,monomial_based,3/4,nan,nan,253/512,nan,nan,0.2620880603790283
32,127,0.0100000000000000,0.100000000000000,1,list_based,15/32,3/4,11/16,nan,5/16,5/16,0.07679891586303711
32,127,0.0100000000000000,0.100000000000000,2,monomial_based,21/32,nan,nan,529/1024,nan,nan,0.23648285865783691
32,127,0.0100000000000000,0.100000000000000,2,list_based,17/32,13/16,5/8,nan,3/32,3/8,0.07727885246276855
32,127,0.0100000000000000,0.100000000000000,3,monomial_based,19/32,nan,nan,131/256,nan,nan,0.2616698741912842
32,127,0.0100000000000000,0.100000000000000,3,list_based,17/32,23/32,3/4,nan,9/32,1/4,0.07747197151184082
32,127,0.0100000000000000,0.100000000000000,4,monomial_based,15/32,nan,nan,511/1024,nan,nan,0.2659168243408203
32,127,0.0100000000000000,0.100000000000000,4,list_based,19/32,11/16,13/16,nan,5/16,3/16,0.07153701782226562
32,127,0.0100000000000000,0.100000000000000,5,monomial_based,17/32,nan,nan,543/1024,nan,nan,0.21718811988830566
32,127,0.0100000000000000,0.100000000000000,5,list_based,15/32,11/16,23/32,nan,1/4,9/32,0.07171773910522461
32,127,0.0100000000000000,0.150000000000000,1,monomial_based,15/32,nan,nan,333/512,nan,nan,0.2201519012451172
32,127,0.0100000000000000,0.150000000000000,1,list_based,11/32,11/16,19/32,nan,11/32,13/32,0.0984640121459961
32,127,0.0100000000000000,0.150000000000000,2,monomial_based,13/32,nan,nan,349/512,nan,nan,0.20192575454711914
32,127,0.0100000000000000,0.150000000000000,2,list_based,3/8,25/32,7/16,nan,3/16,9/16,0.06647086143493652
32,127,0.0100000000000000,0.150000000000000,3,monomial_based,9/16,nan,nan,169/256,nan,nan,0.2081301212310791
32,127,0.0100000000000000,0.150000000000000,3,list_based,15/32,11/16,21/32,nan,11/32,11/32,0.06984400749206543
32,127,0.0100000000000000,0.150000000000000,4,monomial_based,1/4,nan,nan,671/1024,nan,nan,0.23591399192810059
32,127,0.0100000000000000,0.150000000000000,4,list_based,3/8,17/32,21/32,nan,13/32,11/32,0.06881880760192871
32,127,0.0100000000000000,0.150000000000000,5,monomial_based,7/16,nan,nan,341/512,nan,nan,0.21195220947265625
32,127,0.0100000000000000,0.150000000000000,5,list_based,1/4,7/16,5/8,nan,11/32,3/8,0.09406113624572754
32,127,0.0100000000000000,0.200000000000000,1,monomial_based,11/32,nan,nan,791/1024,nan,nan,0.2163081169128418
32,127,0.0100000000000000,0.200000000000000,1,list_based,3/16,17/32,3/8,nan,3/8,5/8,0.07210278511047363
32,127,0.0100000000000000,0.200000000000000,2,monomial_based,7/32,nan,nan,203/256,nan,nan,0.22819805145263672
32,127,0.0100000000000000,0.200000000000000,2,list_based,5/16,23/32,3/8,nan,9/32,5/8,0.07876086235046387
32,127,0.0100000000000000,0.200000000000000,3,monomial_based,7/16,nan,nan,199/256,nan,nan,0.26026320457458496
32,127,0.0100000000000000,0.200000000000000,3,list_based,11/32,13/32,19/32,nan,13/32,13/32,0.07835817337036133
32,127,0.0100000000000000,0.200000000000000,4,monomial_based,1/8,nan,nan,395/512,nan,nan,0.24563217163085938
32,127,0.0100000000000000,0.200000000000000,4,list_based,3/16,3/8,15/32,nan,1/2,17/32,0.08617901802062988
32,127,0.0100000000000000,0.200000000000000,5,monomial_based,5/32,nan,nan,397/512,nan,nan,0.2702748775482178
32,127,0.0100000000000000,0.200000000000000,5,list_based,5/16,7/16,9/16,nan,3/8,7/16,0.08172893524169922
32,127,0.0150000000000000,0.0500000000000000,1,monomial_based,27/32,nan,nan,35/128,nan,nan,0.27732396125793457
32,127,0.0150000000000000,0.0500000000000000,1,list_based,21/32,13/16,13/16,nan,3/16,3/16,0.08179402351379395
32,127,0.0150000000000000,0.0500000000000000,2,monomial_based,25/32,nan,nan,289/1024,nan,nan,0.24608778953552246
32,127,0.0150000000000000,0.0500000000000000,2,list_based,21/32,13/16,25/32,nan,3/32,7/32,0.07949590682983398
32,127,0.0150000000000000,0.0500000000000000,3,monomial_based,13/16,nan,nan,81/256,nan,nan,0.271435022354126
32,127,0.0150000000000000,0.0500000000000000,3,list_based,11/16,13/16,27/32,nan,5/32,5/32,0.07921290397644043
32,127,0.0150000000000000,0.0500000000000000,4,monomial_based,11/16,nan,nan,279/1024,nan,nan,0.24411797523498535
32,127,0.0150000000000000,0.0500000000000000,4,list_based,13/16,7/8,29/32,nan,5/32,3/32,0.08148193359375
32,127,0.0150000000000000,0.0500000000000000,5,monomial_based,25/32,nan,nan,295/1024,nan,nan,0.26935601234436035
32,127,0.0150000000000000,0.0500000000000000,5,list_based,21/32,25/32,25/32,nan,1/8,7/32,0.0831902027130127
32,127,0.0150000000000000,0.100000000000000,1,monomial_based,3/4,nan,nan,253/512,nan,nan,0.2569248676300049
32,127,0.0150000000000000,0.100000000000000,1,list_based,15/32,3/4,11/16,nan,5/16,5/16,0.08319783210754395
32,127,0.0150000000000000,0.100000000000000,2,monomial_based,11/16,nan,nan,529/1024,nan,nan,0.26291704177856445
32,127,0.0150000000000000,0.100000000000000,2,list_based,1/2,3/4,5/8,nan,1/8,3/8,0.0785059928894043
32,127,0.0150000000000000,0.100000000000000,3,monomial_based,9/16,nan,nan,525/1024,nan,nan,0.276975154876709
32,127,0.0150000000000000,0.100000000000000,3,list_based,17/32,23/32,3/4,nan,9/32,1/4,0.07860493659973145
32,127,0.0150000000000000,0.100000000000000,4,monomial_based,7/16,nan,nan,1/2,nan,nan,0.23652315139770508
32,127,0.0150000000000000,0.100000000000000,4,list_based,17/32,21/32,25/32,nan,5/16,7/32,0.07820320129394531
32,127,0.0150000000000000,0.100000000000000,5,monomial_based,17/32,nan,nan,543/1024,nan,nan,0.24153518676757812
32,127,0.0150000000000000,0.100000000000000,5,list_based,13/32,5/8,23/32,nan,1/4,9/32,0.10263705253601074
32,127,0.0150000000000000,0.150000000000000,1,monomial_based,9/16,nan,nan,333/512,nan,nan,0.2396378517150879
32,127,0.0150000000000000,0.150000000000000,1,list_based,13/32,3/4,19/32,nan,11/32,13/32,0.07829999923706055
32,127,0.0150000000000000,0.150000000000000,2,monomial_based,13/32,nan,nan,349/512,nan,nan,0.2398378849029541
32,127,0.0150000000000000,0.150000000000000,2,list_based,3/8,3/4,7/16,nan,7/32,9/16,0.08232283592224121
32,127,0.0150000000000000,0.150000000000000,3,monomial_based,17/32,nan,nan,677/1024,nan,nan,0.25880002975463867
32,127,0.0150000000000000,0.150000000000000,3,list_based,3/8,19/32,21/32,nan,11/32,11/32,0.0776970386505127
32,127,0.0150000000000000,0.150000000000000,4,monomial_based,7/32,nan,nan,21/32,nan,nan,0.2677149772644043
32,127,0.0150000000000000,0.150000000000000,4,list_based,9/32,17/32,5/8,nan,13/32,3/8,0.07754111289978027
32,127,0.0150000000000000,0.150000000000000,5,monomial_based,7/16,nan,nan,341/512,nan,nan,0.23687982559204102
32,127,0.0150000000000000,0.150000000000000,5,list_based,1/4,15/32,5/8,nan,11/32,3/8,0.08023190498352051
32,127,0.0150000000000000,0.200000000000000,1,monomial_based,11/32,nan,nan,791/1024,nan,nan,0.26513671875
32,127,0.0150000000000000,0.200000000000000,1,list_based,5/32,1/2,3/8,nan,3/8,5/8,0.07731986045837402
32,127,0.0150000000000000,0.200000000000000,2,monomial_based,9/32,nan,nan,203/256,nan,nan,0.23409008979797363
32,127,0.0150000000000000,0.200000000000000,2,list_based,9/32,23/32,3/8,nan,5/16,5/8,0.07788300514221191
32,127,0.0150000000000000,0.200000000000000,3,monomial_based,11/32,nan,nan,797/1024,nan,nan,0.26320981979370117
32,127,0.0150000000000000,0.200000000000000,3,list_based,3/8,5/8,19/32,nan,13/32,13/32,0.07770609855651855
32,127,0.0150000000000000,0.200000000000000,4,monomial_based,3/32,nan,nan,791/1024,nan,nan,0.24068927764892578
32,127,0.0150000000000000,0.200000000000000,4,list_based,5/32,7/16,7/16,nan,1/2,9/16,0.10612130165100098
32,127,0.0150000000000000,0.200000000000000,5,monomial_based,3/16,nan,nan,397/512,nan,nan,0.2356860637664795
32,127,0.0150000000000000,0.200000000000000,5,list_based,7/32,5/16,9/16,nan,3/8,7/16,0.07801580429077148
32,127,0.0200000000000000,0.0500000000000000,1,monomial_based,13/16,nan,nan,281/1024,nan,nan,0.24448800086975098
32,127,0.0200000000000000,0.0500000000000000,1,list_based,19/32,3/4,13/16,nan,7/32,3/16,0.0783700942993164
32,127,0.0200000000000000,0.0500000000000000,2,monomial_based,3/4,nan,nan,289/1024,nan,nan,0.2664217948913574
32,127,0.0200000000000000,0.0500000000000000,2,list_based,21/32,13/16,25/32,nan,3/32,7/32,0.07841682434082031
32,127,0.0200000000000000,0.0500000000000000,3,monomial_based,13/16,nan,nan,81/256,nan,nan,0.2698218822479248
32,127,0.0200000000000000,0.0500000000000000,3,list_based,11/16,13/16,27/32,nan,5/32,5/32,0.07714319229125977
32,127,0.0200000000000000,0.0500000000000000,4,monomial_based,11/16,nan,nan,279/1024,nan,nan,0.24024486541748047
32,127,0.0200000000000000,0.0500000000000000,4,list_based,23/32,25/32,29/32,nan,5/32,3/32,0.07878804206848145
32,127,0.0200000000000000,0.0500000000000000,5,monomial_based,11/16,nan,nan,295/1024,nan,nan,0.2581038475036621
32,127,0.0200000000000000,0.0500000000000000,5,list_based,3/4,15/16,25/32,nan,1/8,7/32,0.09592103958129883
32,127,0.0200000000000000,0.100000000000000,1,monomial_based,3/4,nan,nan,253/512,nan,nan,0.28301191329956055
32,127,0.0200000000000000,0.100000000000000,1,list_based,13/32,11/16,11/16,nan,5/16,5/16,0.08305215835571289
32,127,0.0200000000000000,0.100000000000000,2,monomial_based,21/32,nan,nan,529/1024,nan,nan,0.2839491367340088
32,127,0.0200000000000000,0.100000000000000,2,list_based,1/2,3/4,5/8,nan,1/8,3/8,0.08283710479736328
32,127,0.0200000000000000,0.100000000000000,3,monomial_based,9/16,nan,nan,525/1024,nan,nan,0.23947596549987793
32,127,0.0200000000000000,0.100000000000000,3,list_based,1/2,21/32,3/4,nan,9/32,1/4,0.08524799346923828
32,127,0.0200000000000000,0.100000000000000,4,monomial_based,7/16,nan,nan,1/2,nan,nan,0.2745089530944824
32,127,0.0200000000000000,0.100000000000000,4,list_based,1/2,5/8,25/32,nan,5/16,7/32,0.0795450210571289
32,127,0.0200000000000000,0.100000000000000,5,monomial_based,17/32,nan,nan,543/1024,nan,nan,0.2398221492767334
32,127,0.0200000000000000,0.100000000000000,5,list_based,3/8,17/32,23/32,nan,1/4,9/32,0.08405113220214844
32,127,0.0200000000000000,0.150000000000000,1,monomial_based,17/32,nan,nan,333/512,nan,nan,0.272874116897583
32,127,0.0200000000000000,0.150000000000000,1,list_based,5/16,5/8,19/32,nan,11/32,13/32,0.07900500297546387
32,127,0.0200000000000000,0.150000000000000,2,monomial_based,1/2,nan,nan,349/512,nan,nan,0.23851418495178223
32,127,0.0200000000000000,0.150000000000000,2,list_based,11/32,11/16,7/16,nan,7/32,9/16,0.08382821083068848
32,127,0.0200000000000000,0.150000000000000,3,monomial_based,17/32,nan,nan,677/1024,nan,nan,0.25751399993896484
32,127,0.0200000000000000,0.150000000000000,3,list_based,7/16,9/16,21/32,nan,11/32,11/32,0.07767105102539062
32,127,0.0200000000000000,0.150000000000000,4,monomial_based,3/16,nan,nan,21/32,nan,nan,0.26499485969543457
32,127,0.0200000000000000,0.150000000000000,4,list_based,1/4,11/32,5/8,nan,13/32,3/8,0.07710599899291992
32,127,0.0200000000000000,0.150000000000000,5,monomial_based,7/16,nan,nan,341/512,nan,nan,0.23634886741638184
32,127,0.0200000000000000,0.150000000000000,5,list_based,5/16,9/16,5/8,nan,11/32,3/8,0.08060598373413086
32,127,0.0200000000000000,0.200000000000000,1,monomial_based,11/32,nan,nan,791/1024,nan,nan,0.28027915954589844
32,127,0.0200000000000000,0.200000000000000,1,list_based,7/32,9/16,3/8,nan,3/8,5/8,0.07940506935119629
32,127,0.0200000000000000,0.200000000000000,2,monomial_based,3/16,nan,nan,203/256,nan,nan,0.24407410621643066
32,127,0.0200000000000000,0.200000000000000,2,list_based,1/4,23/32,3/8,nan,5/16,5/8,0.0828859806060791
32,127,0.0200000000000000,0.200000000000000,3,monomial_based,11/32,nan,nan,797/1024,nan,nan,0.2817671298980713
32,127,0.0200000000000000,0.200000000000000,3,list_based,13/32,19/32,19/32,nan,13/32,13/32,0.08175516128540039
32,127,0.0200000000000000,0.200000000000000,4,monomial_based,3/32,nan,nan,791/1024,nan,nan,0.25384092330932617
32,127,0.0200000000000000,0.200000000000000,4,list_based,5/32,7/16,7/16,nan,1/2,9/16,0.07982301712036133
32,127,0.0200000000000000,0.200000000000000,5,monomial_based,7/32,nan,nan,397/512,nan,nan,0.268110990524292
32,127,0.0200000000000000,0.200000000000000,5,list_based,1/4,3/8,9/16,nan,3/8,7/16,0.07810211181640625
64,5,0.00500000000000000,0.0500000000000000,1,monomial_based,19/64,nan,nan,589/4096,nan,nan,0.11394810676574707
64,5,0.00500000000000000,0.0500000000000000,1,list_based,45/64,3/4,61/64,nan,13/64,9/64,0.03117513656616211
64,5,0.00500000000000000,0.0500000000000000,2,monomial_based,11/32,nan,nan,547/4096,nan,nan,0.1153862476348877
64,5,0.00500000000000000,0.0500000000000000,2,list_based,47/64,13/16,59/64,nan,13/64,5/64,0.03155207633972168
64,5,0.00500000000000000,0.0500000000000000,3,monomial_based,11/32,nan,nan,77/512,nan,nan,0.14076018333435059
64,5,0.00500000000000000,0.0500000000000000,3,list_based,51/64,13/16,63/64,nan,13/64,3/64,0.030733823776245117
64,5,0.00500000000000000,0.0500000000000000,4,monomial_based,19/64,nan,nan,275/2048,nan,nan,0.11356687545776367
64,5,0.00500000000000000,0.0500000000000000,4,list_based,47/64,13/16,57/64,nan,13/64,9/64,0.031219959259033203
64,5,0.00500000000000000,0.0500000000000000,5,monomial_based,11/32,nan,nan,623/4096,nan,nan,0.11304807662963867
64,5,0.00500000000000000,0.0500000000000000,5,list_based,25/32,13/16,15/16,nan,1/8,5/64,0.030903100967407227
64,5,0.00500000000000000,0.100000000000000,1,monomial_based,7/32,nan,nan,275/1024,nan,nan,0.1105642318725586
64,5,0.00500000000000000,0.100000000000000,1,list_based,29/64,1/2,59/64,nan,21/64,13/64,0.031682729721069336
64,5,0.00500000000000000,0.100000000000000,2,monomial_based,11/64,nan,nan,1073/4096,nan,nan,0.11031889915466309
64,5,0.00500000000000000,0.100000000000000,2,list_based,37/64,41/64,7/8,nan,11/32,3/16,0.03153109550476074
64,5,0.00500000000000000,0.100000000000000,3,monomial_based,9/32,nan,nan,1131/4096,nan,nan,0.1373147964477539
64,5,0.00500000000000000,0.100000000000000,3,list_based,19/32,21/32,15/16,nan,9/32,1/8,0.03088998794555664
64,5,0.00500000000000000,0.100000000000000,4,monomial_based,1/4,nan,nan,131/512,nan,nan,0.11148786544799805
64,5,0.00500000000000000,0.100000000000000,4,list_based,39/64,23/32,51/64,nan,17/64,15/64,0.031109094619750977
64,5,0.00500000000000000,0.100000000000000,5,monomial_based,17/64,nan,nan,1127/4096,nan,nan,0.11013936996459961
64,5,0.00500000000000000,0.100000000000000,5,list_based,37/64,41/64,7/8,nan,17/64,3/16,0.031062841415405273
64,5,0.00500000000000000,0.150000000000000,1,monomial_based,3/16,nan,nan,195/512,nan,nan,0.10613203048706055
64,5,0.00500000000000000,0.150000000000000,1,list_based,3/8,27/64,57/64,nan,29/64,1/4,0.030649185180664062
64,5,0.00500000000000000,0.150000000000000,2,monomial_based,11/64,nan,nan,1541/4096,nan,nan,0.10660696029663086
64,5,0.00500000000000000,0.150000000000000,2,list_based,23/64,7/16,27/32,nan,31/64,15/64,0.03092503547668457
64,5,0.00500000000000000,0.150000000000000,3,monomial_based,3/16,nan,nan,201/512,nan,nan,0.13240385055541992
64,5,0.00500000000000000,0.150000000000000,3,list_based,29/64,33/64,29/32,nan,13/32,7/32,0.03090977668762207
64,5,0.00500000000000000,0.150000000000000,4,monomial_based,1/8,nan,nan,1515/4096,nan,nan,0.10635685920715332
64,5,0.00500000000000000,0.150000000000000,4,list_based,27/64,33/64,3/4,nan,3/8,9/32,0.031110763549804688
64,5,0.00500000000000000,0.150000000000000,5,monomial_based,7/32,nan,nan,1611/4096,nan,nan,0.10487985610961914
64,5,0.00500000000000000,0.150000000000000,5,list_based,7/16,35/64,53/64,nan,13/32,19/64,0.030786991119384766
64,5,0.00500000000000000,0.200000000000000,1,monomial_based,7/64,nan,nan,1985/4096,nan,nan,0.10269618034362793
64,5,0.00500000000000000,0.200000000000000,1,list_based,21/64,11/32,27/32,nan,33/64,11/32,0.03061223030090332
64,5,0.00500000000000000,0.200000000000000,2,monomial_based,5/64,nan,nan,1947/4096,nan,nan,0.1022939682006836
64,5,0.00500000000000000,0.200000000000000,2,list_based,17/64,21/64,25/32,nan,9/16,5/16,0.0310976505279541
64,5,0.00500000000000000,0.200000000000000,3,monomial_based,9/64,nan,nan,2009/4096,nan,nan,0.10552620887756348
64,5,0.00500000000000000,0.200000000000000,3,list_based,15/32,17/32,55/64,nan,7/16,19/64,0.03615069389343262
64,5,0.00500000000000000,0.200000000000000,4,monomial_based,1/8,nan,nan,481/1024,nan,nan,0.12142729759216309
64,5,0.00500000000000000,0.200000000000000,4,list_based,3/8,31/64,23/32,nan,31/64,23/64,0.031122922897338867
64,5,0.00500000000000000,0.200000000000000,5,monomial_based,13/64,nan,nan,2015/4096,nan,nan,0.1022939682006836
64,5,0.00500000000000000,0.200000000000000,5,list_based,29/64,33/64,51/64,nan,15/32,23/64,0.0312502384185791
64,5,0.0100000000000000,0.0500000000000000,1,monomial_based,11/32,nan,nan,589/4096,nan,nan,0.11252021789550781
64,5,0.0100000000000000,0.0500000000000000,1,list_based,41/64,45/64,29/32,nan,13/64,5/32,0.03097391128540039
64,5,0.0100000000000000,0.0500000000000000,2,monomial_based,15/64,nan,nan,137/1024,nan,nan,0.11417293548583984
64,5,0.0100000000000000,0.0500000000000000,2,list_based,47/64,13/16,29/32,nan,7/32,3/32,0.031138896942138672
64,5,0.0100000000000000,0.0500000000000000,3,monomial_based,9/32,nan,nan,77/512,nan,nan,0.14049410820007324
64,5,0.0100000000000000,0.0500000000000000,3,list_based,47/64,49/64,31/32,nan,13/64,3/64,0.031311750411987305
64,5,0.0100000000000000,0.0500000000000000,4,monomial_based,5/16,nan,nan,551/4096,nan,nan,0.11317205429077148
64,5,0.0100000000000000,0.0500000000000000,4,list_based,11/16,3/4,57/64,nan,7/32,9/64,0.03102898597717285
64,5,0.0100000000000000,0.0500000000000000,5,monomial_based,3/8,nan,nan,623/4096,nan,nan,0.12090802192687988
64,5,0.0100000000000000,0.0500000000000000,5,list_based,53/64,55/64,15/16,nan,1/8,5/64,0.03392219543457031
64,5,0.0100000000000000,0.100000000000000,1,monomial_based,1/4,nan,nan,275/1024,nan,nan,0.1272280216217041
64,5,0.0100000000000000,0.100000000000000,1,list_based,35/64,39/64,29/32,nan,21/64,7/32,0.03302812576293945
64,5,0.0100000000000000,0.100000000000000,2,monomial_based,1/8,nan,nan,537/2048,nan,nan,0.11713004112243652
64,5,0.0100000000000000,0.100000000000000,2,list_based,15/32,17/32,55/64,nan,23/64,13/64,0.03325295448303223
64,5,0.0100000000000000,0.100000000000000,3,monomial_based,13/64,nan,nan,1131/4096,nan,nan,0.11850094795227051
64,5,0.0100000000000000,0.100000000000000,3,list_based,9/16,5/8,15/16,nan,9/32,1/8,0.07053399085998535
64,5,0.0100000000000000,0.100000000000000,4,monomial_based,1/4,nan,nan,1049/4096,nan,nan,0.11652398109436035
64,5,0.0100000000000000,0.100000000000000,4,list_based,17/32,21/32,51/64,nan,9/32,15/64,0.032942771911621094
64,5,0.0100000000000000,0.100000000000000,5,monomial_based,21/64,nan,nan,1127/4096,nan,nan,0.11664581298828125
64,5,0.0100000000000000,0.100000000000000,5,list_based,9/16,19/32,7/8,nan,17/64,3/16,0.03301692008972168
64,5,0.0100000000000000,0.150000000000000,1,monomial_based,3/16,nan,nan,195/512,nan,nan,0.10671782493591309
64,5,0.0100000000000000,0.150000000000000,1,list_based,3/8,7/16,55/64,nan,29/64,17/64,0.031048297882080078
64,5,0.0100000000000000,0.150000000000000,2,monomial_based,9/64,nan,nan,771/2048,nan,nan,0.10637617111206055
64,5,0.0100000000000000,0.150000000000000,2,list_based,11/32,13/32,53/64,nan,31/64,1/4,0.030917882919311523
64,5,0.0100000000000000,0.150000000000000,3,monomial_based,1/8,nan,nan,201/512,nan,nan,0.10572481155395508
64,5,0.0100000000000000,0.150000000000000,3,list_based,1/2,35/64,29/32,nan,13/32,7/32,0.0325469970703125
64,5,0.0100000000000000,0.150000000000000,4,monomial_based,9/64,nan,nan,379/1024,nan,nan,0.13321495056152344
64,5,0.0100000000000000,0.150000000000000,4,list_based,15/32,19/32,3/4,nan,25/64,9/32,0.03108501434326172
64,5,0.0100000000000000,0.150000000000000,5,monomial_based,13/64,nan,nan,1611/4096,nan,nan,0.10563397407531738
64,5,0.0100000000000000,0.150000000000000,5,list_based,13/32,15/32,53/64,nan,13/32,19/64,0.030818939208984375
64,5,0.0100000000000000,0.200000000000000,1,monomial_based,3/32,nan,nan,1985/4096,nan,nan,0.10154104232788086
64,5,0.0100000000000000,0.200000000000000,1,list_based,5/16,25/64,13/16,nan,33/64,11/32,0.03110814094543457
64,5,0.0100000000000000,0.200000000000000,2,monomial_based,3/32,nan,nan,487/1024,nan,nan,0.10188603401184082
64,5,0.0100000000000000,0.200000000000000,2,list_based,21/64,25/64,49/64,nan,9/16,21/64,0.03096795082092285
64,5,0.0100000000000000,0.200000000000000,3,monomial_based,9/64,nan,nan,2009/4096,nan,nan,0.10188174247741699
64,5,0.0100000000000000,0.200000000000000,3,list_based,11/32,13/32,55/64,nan,7/16,19/64,0.0308990478515625
64,5,0.0100000000000000,0.200000000000000,4,monomial_based,7/64,nan,nan,1925/4096,nan,nan,0.12970709800720215
64,5,0.0100000000000000,0.200000000000000,4,list_based,3/8,31/64,23/32,nan,31/64,23/64,0.030984878540039062
64,5,0.0100000000000000,0.200000000000000,5,monomial_based,9/64,nan,nan,2015/4096,nan,nan,0.10147714614868164
64,5,0.0100000000000000,0.200000000000000,5,list_based,17/64,5/16,51/64,nan,15/32,23/64,0.03096318244934082
64,5,0.0150000000000000,0.0500000000000000,1,monomial_based,23/64,nan,nan,589/4096,nan,nan,0.11343789100646973
64,5,0.0150000000000000,0.0500000000000000,1,list_based,47/64,51/64,59/64,nan,7/32,11/64,0.030508041381835938
64,5,0.0150000000000000,0.0500000000000000,2,monomial_based,15/64,nan,nan,137/1024,nan,nan,0.11428713798522949
64,5,0.0150000000000000,0.0500000000000000,2,list_based,41/64,45/64,29/32,nan,15/64,7/64,0.030772924423217773
64,5,0.0150000000000000,0.0500000000000000,3,monomial_based,5/16,nan,nan,77/512,nan,nan,0.11360573768615723
64,5,0.0150000000000000,0.0500000000000000,3,list_based,23/32,47/64,63/64,nan,7/32,3/64,0.030750036239624023
64,5,0.0150000000000000,0.0500000000000000,4,monomial_based,19/64,nan,nan,551/4096,nan,nan,0.11946511268615723
64,5,0.0150000000000000,0.0500000000000000,4,list_based,43/64,3/4,57/64,nan,15/64,9/64,0.05444502830505371
64,5,0.0150000000000000,0.0500000000000000,5,monomial_based,23/64,nan,nan,623/4096,nan,nan,0.11285877227783203
64,5,0.0150000000000000,0.0500000000000000,5,list_based,13/16,27/32,15/16,nan,1/8,5/64,0.031135082244873047
64,5,0.0150000000000000,0.100000000000000,1,monomial_based,15/64,nan,nan,275/1024,nan,nan,0.10994172096252441
64,5,0.0150000000000000,0.100000000000000,1,list_based,31/64,9/16,57/64,nan,21/64,15/64,0.032119035720825195
64,5,0.0150000000000000,0.100000000000000,2,monomial_based,7/32,nan,nan,537/2048,nan,nan,0.11343502998352051
64,5,0.0150000000000000,0.100000000000000,2,list_based,1/2,9/16,55/64,nan,23/64,7/32,0.03191423416137695
64,5,0.0150000000000000,0.100000000000000,3,monomial_based,17/64,nan,nan,1131/4096,nan,nan,0.11092782020568848
64,5,0.0150000000000000,0.100000000000000,3,list_based,39/64,43/64,15/16,nan,19/64,1/8,0.03148388862609863
64,5,0.0150000000000000,0.100000000000000,4,monomial_based,13/64,nan,nan,1049/4096,nan,nan,0.11174201965332031
64,5,0.0150000000000000,0.100000000000000,4,list_based,9/16,45/64,51/64,nan,19/64,15/64,0.03464388847351074
64,5,0.0150000000000000,0.100000000000000,5,monomial_based,5/16,nan,nan,1127/4096,nan,nan,0.13337326049804688
64,5,0.0150000000000000,0.100000000000000,5,list_based,39/64,21/32,7/8,nan,17/64,3/16,0.031130075454711914
64,5,0.0150000000000000,0.150000000000000,1,monomial_based,3/16,nan,nan,195/512,nan,nan,0.10609889030456543
64,5,0.0150000000000000,0.150000000000000,1,list_based,3/8,27/64,55/64,nan,29/64,9/32,0.030622005462646484
64,5,0.0150000000000000,0.150000000000000,2,monomial_based,1/8,nan,nan,771/2048,nan,nan,0.10587120056152344
64,5,0.0150000000000000,0.150000000000000,2,list_based,11/32,27/64,53/64,nan,31/64,17/64,0.03104710578918457
64,5,0.0150000000000000,0.150000000000000,3,monomial_based,11/64,nan,nan,201/512,nan,nan,0.10540080070495605
64,5,0.0150000000000000,0.150000000000000,3,list_based,7/16,31/64,29/32,nan,27/64,7/32,0.031141042709350586
64,5,0.0150000000000000,0.150000000000000,4,monomial_based,9/64,nan,nan,379/1024,nan,nan,0.10608887672424316
64,5,0.0150000000000000,0.150000000000000,4,list_based,31/64,39/64,3/4,nan,13/32,9/32,0.033020973205566406
64,5,0.0150000000000000,0.150000000000000,5,monomial_based,13/64,nan,nan,1611/4096,nan,nan,0.12907123565673828
64,5,0.0150000000000000,0.150000000000000,5,list_based,3/8,13/32,53/64,nan,13/32,19/64,0.030997037887573242
64,5,0.0150000000000000,0.200000000000000,1,monomial_based,9/64,nan,nan,1985/4096,nan,nan,0.1020197868347168
64,5,0.0150000000000000,0.200000000000000,1,list_based,17/64,23/64,51/64,nan,33/64,23/64,0.031117916107177734
64,5,0.0150000000000000,0.200000000000000,2,monomial_based,1/16,nan,nan,487/1024,nan,nan,0.10176730155944824
64,5,0.0150000000000000,0.200000000000000,2,list_based,15/64,9/32,49/64,nan,9/16,11/32,0.0314328670501709
64,5,0.0150000000000000,0.200000000000000,3,monomial_based,1/8,nan,nan,2009/4096,nan,nan,0.10089802742004395
64,5,0.0150000000000000,0.200000000000000,3,list_based,11/32,25/64,55/64,nan,29/64,19/64,0.030792951583862305
64,5,0.0150000000000000,0.200000000000000,4,monomial_based,1/16,nan,nan,1925/4096,nan,nan,0.10297918319702148
64,5,0.0150000000000000,0.200000000000000,4,list_based,23/64,1/2,23/32,nan,1/2,23/64,0.033670902252197266
64,5,0.0150000000000000,0.200000000000000,5,monomial_based,9/64,nan,nan,2015/4096,nan,nan,0.12689614295959473
64,5,0.0150000000000000,0.200000000000000,5,list_based,7/16,33/64,51/64,nan,15/32,23/64,0.0309140682220459
64,5,0.0200000000000000,0.0500000000000000,1,monomial_based,5/16,nan,nan,589/4096,nan,nan,0.11315035820007324
64,5,0.0200000000000000,0.0500000000000000,1,list_based,45/64,49/64,59/64,nan,15/64,11/64,0.03077387809753418
64,5,0.0200000000000000,0.0500000000000000,2,monomial_based,19/64,nan,nan,549/4096,nan,nan,0.12483000755310059
64,5,0.0200000000000000,0.0500000000000000,2,list_based,43/64,47/64,29/32,nan,1/4,7/64,0.05120277404785156
64,5,0.0200000000000000,0.0500000000000000,3,monomial_based,9/32,nan,nan,617/4096,nan,nan,0.12121200561523438
64,5,0.0200000000000000,0.0500000000000000,3,list_based,49/64,25/32,63/64,nan,15/64,3/64,0.03307700157165527
64,5,0.0200000000000000,0.0500000000000000,4,monomial_based,21/64,nan,nan,551/4096,nan,nan,0.11713790893554688
64,5,0.0200000000000000,0.0500000000000000,4,list_based,45/64,49/64,57/64,nan,15/64,9/64,0.031553030014038086
64,5,0.0200000000000000,0.0500000000000000,5,monomial_based,23/64,nan,nan,623/4096,nan,nan,0.14136195182800293
64,5,0.0200000000000000,0.0500000000000000,5,list_based,51/64,27/32,15/16,nan,1/8,5/64,0.031023740768432617
64,5,0.0200000000000000,0.100000000000000,1,monomial_based,1/4,nan,nan,275/1024,nan,nan,0.11053276062011719
64,5,0.0200000000000000,0.100000000000000,1,list_based,27/64,31/64,57/64,nan,11/32,15/64,0.03166007995605469
64,5,0.0200000000000000,0.100000000000000,2,monomial_based,9/64,nan,nan,1075/4096,nan,nan,0.11094021797180176
64,5,0.0200000000000000,0.100000000000000,2,list_based,29/64,33/64,55/64,nan,3/8,7/32,0.03185296058654785
64,5,0.0200000000000000,0.100000000000000,3,monomial_based,9/64,nan,nan,283/1024,nan,nan,0.11025476455688477
64,5,0.0200000000000000,0.100000000000000,3,list_based,37/64,41/64,15/16,nan,5/16,1/8,0.03166604042053223
64,5,0.0200000000000000,0.100000000000000,4,monomial_based,7/32,nan,nan,1049/4096,nan,nan,0.11202692985534668
64,5,0.0200000000000000,0.100000000000000,4,list_based,9/16,11/16,51/64,nan,19/64,15/64,0.03155112266540527
64,5,0.0200000000000000,0.100000000000000,5,monomial_based,17/64,nan,nan,1127/4096,nan,nan,0.1357438564300537
64,5,0.0200000000000000,0.100000000000000,5,list_based,41/64,11/16,7/8,nan,17/64,3/16,0.031216859817504883
64,5,0.0200000000000000,0.150000000000000,1,monomial_based,11/64,nan,nan,195/512,nan,nan,0.10575699806213379
64,5,0.0200000000000000,0.150000000000000,1,list_based,5/16,13/32,27/32,nan,29/64,9/32,0.031311988830566406
64,5,0.0200000000000000,0.150000000000000,2,monomial_based,5/32,nan,nan,771/2048,nan,nan,0.10645103454589844
64,5,0.0200000000000000,0.150000000000000,2,list_based,21/64,13/32,13/16,nan,31/64,17/64,0.03168201446533203
64,5,0.0200000000000000,0.150000000000000,3,monomial_based,1/8,nan,nan,1609/4096,nan,nan,0.10646605491638184
64,5,0.0200000000000000,0.150000000000000,3,list_based,31/64,35/64,29/32,nan,7/16,7/32,0.031155109405517578
64,5,0.0200000000000000,0.150000000000000,4,monomial_based,1/8,nan,nan,379/1024,nan,nan,0.10605120658874512
64,5,0.0200000000000000,0.150000000000000,4,list_based,7/16,19/32,3/4,nan,13/32,9/32,0.03159809112548828
64,5,0.0200000000000000,0.150000000000000,5,monomial_based,3/16,nan,nan,1611/4096,nan,nan,0.11101579666137695
64,5,0.0200000000000000,0.150000000000000,5,list_based,29/64,1/2,53/64,nan,13/32,19/64,0.05374789237976074
64,5,0.0200000000000000,0.200000000000000,1,monomial_based,9/64,nan,nan,1985/4096,nan,nan,0.10096192359924316
64,5,0.0200000000000000,0.200000000000000,1,list_based,11/32,13/32,51/64,nan,33/64,23/64,0.03152799606323242
64,5,0.0200000000000000,0.200000000000000,2,monomial_based,5/64,nan,nan,487/1024,nan,nan,0.1084909439086914
64,5,0.0200000000000000,0.200000000000000,2,list_based,1/4,9/32,49/64,nan,9/16,11/32,0.03411602973937988
64,5,0.0200000000000000,0.200000000000000,3,monomial_based,1/8,nan,nan,1005/2048,nan,nan,0.10989904403686523
64,5,0.0200000000000000,0.200000000000000,3,list_based,27/64,31/64,55/64,nan,15/32,19/64,0.03340005874633789
64,5,0.0200000000000000,0.200000000000000,4,monomial_based,3/32,nan,nan,1925/4096,nan,nan,0.1037750244140625
64,5,0.0200000000000000,0.200000000000000,4,list_based,17/64,23/64,23/32,nan,1/2,23/64,0.03133797645568848
64,5,0.0200000000000000,0.200000000000000,5,monomial_based,9/64,nan,nan,2015/4096,nan,nan,0.10380125045776367
64,5,0.0200000000000000,0.200000000000000,5,list_based,21/64,23/64,51/64,nan,15/32,23/64,0.03415393829345703
64,11,0.00500000000000000,0.0500000000000000,1,monomial_based,19/32,nan,nan,355/2048,nan,nan,0.16798901557922363
64,11,0.00500000000000000,0.0500000000000000,1,list_based,29/32,31/32,15/16,nan,1/8,5/64,0.032337188720703125
64,11,0.00500000000000000,0.0500000000000000,2,monomial_based,43/64,nan,nan,751/4096,nan,nan,0.14667010307312012
64,11,0.00500000000000000,0.0500000000000000,2,list_based,43/64,45/64,15/16,nan,13/64,1/16,0.03157234191894531
64,11,0.00500000000000000,0.0500000000000000,3,monomial_based,3/8,nan,nan,399/2048,nan,nan,0.14495086669921875
64,11,0.00500000000000000,0.0500000000000000,3,list_based,45/64,13/16,55/64,nan,9/64,9/64,0.033215999603271484
64,11,0.00500000000000000,0.0500000000000000,4,monomial_based,35/64,nan,nan,737/4096,nan,nan,0.1726388931274414
64,11,0.00500000000000000,0.0500000000000000,4,list_based,3/4,55/64,55/64,nan,3/16,3/16,0.03144097328186035
64,11,0.00500000000000000,0.0500000000000000,5,monomial_based,43/64,nan,nan,773/4096,nan,nan,0.1453690528869629
64,11,0.00500000000000000,0.0500000000000000,5,list_based,21/32,49/64,27/32,nan,13/64,11/64,0.03166484832763672
64,11,0.00500000000000000,0.100000000000000,1,monomial_based,17/64,nan,nan,43/128,nan,nan,0.141204833984375
64,11,0.00500000000000000,0.100000000000000,1,list_based,45/64,47/64,29/32,nan,13/64,5/32,0.031845808029174805
64,11,0.00500000000000000,0.100000000000000,2,monomial_based,5/16,nan,nan,43/128,nan,nan,0.14145708084106445
64,11,0.00500000000000000,0.100000000000000,2,list_based,13/32,33/64,55/64,nan,11/32,7/32,0.03456711769104004
64,11,0.00500000000000000,0.100000000000000,3,monomial_based,17/64,nan,nan,709/2048,nan,nan,0.17403602600097656
64,11,0.00500000000000000,0.100000000000000,3,list_based,1/2,43/64,3/4,nan,9/32,19/64,0.03407883644104004
64,11,0.00500000000000000,0.100000000000000,4,monomial_based,19/64,nan,nan,1337/4096,nan,nan,0.1486051082611084
64,11,0.00500000000000000,0.100000000000000,4,list_based,39/64,23/32,51/64,nan,17/64,1/4,0.03419899940490723
64,11,0.00500000000000000,0.100000000000000,5,monomial_based,13/32,nan,nan,697/2048,nan,nan,0.1474161148071289
64,11,0.00500000000000000,0.100000000000000,5,list_based,25/64,35/64,49/64,nan,3/8,19/64,0.03335404396057129
64,11,0.00500000000000000,0.150000000000000,1,monomial_based,5/32,nan,nan,973/2048,nan,nan,0.14413189888000488
64,11,0.00500000000000000,0.150000000000000,1,list_based,37/64,45/64,13/16,nan,21/64,17/64,0.033090829849243164
64,11,0.00500000000000000,0.150000000000000,2,monomial_based,1/8,nan,nan,1919/4096,nan,nan,0.16379404067993164
64,11,0.00500000000000000,0.150000000000000,2,list_based,17/64,25/64,47/64,nan,29/64,21/64,0.032122135162353516
64,11,0.00500000000000000,0.150000000000000,3,monomial_based,9/64,nan,nan,1965/4096,nan,nan,0.13674211502075195
64,11,0.00500000000000000,0.150000000000000,3,list_based,1/4,27/64,41/64,nan,13/32,7/16,0.032334089279174805
64,11,0.00500000000000000,0.150000000000000,4,monomial_based,9/64,nan,nan,937/2048,nan,nan,0.1368238925933838
64,11,0.00500000000000000,0.150000000000000,4,list_based,23/64,31/64,47/64,nan,27/64,5/16,0.03253674507141113
64,11,0.00500000000000000,0.150000000000000,5,monomial_based,15/64,nan,nan,1959/4096,nan,nan,0.14144420623779297
64,11,0.00500000000000000,0.150000000000000,5,list_based,23/64,7/16,3/4,nan,15/32,23/64,0.05547499656677246
64,11,0.00500000000000000,0.200000000000000,1,monomial_based,5/64,nan,nan,603/1024,nan,nan,0.13240694999694824
64,11,0.00500000000000000,0.200000000000000,1,list_based,5/16,25/64,3/4,nan,7/16,23/64,0.0325777530670166
64,11,0.00500000000000000,0.200000000000000,2,monomial_based,3/32,nan,nan,1193/2048,nan,nan,0.13244390487670898
64,11,0.00500000000000000,0.200000000000000,2,list_based,9/32,13/32,23/32,nan,17/32,13/32,0.03333401679992676
64,11,0.00500000000000000,0.200000000000000,3,monomial_based,3/64,nan,nan,1205/2048,nan,nan,0.1321570873260498
64,11,0.00500000000000000,0.200000000000000,3,list_based,7/32,23/64,37/64,nan,31/64,31/64,0.0317080020904541
64,11,0.00500000000000000,0.200000000000000,4,monomial_based,5/64,nan,nan,2357/4096,nan,nan,0.16103100776672363
64,11,0.00500000000000000,0.200000000000000,4,list_based,21/64,27/64,21/32,nan,1/2,13/32,0.032063961029052734
64,11,0.00500000000000000,0.200000000000000,5,monomial_based,7/32,nan,nan,2409/4096,nan,nan,0.1328420639038086
64,11,0.00500000000000000,0.200000000000000,5,list_based,11/32,27/64,11/16,nan,1/2,13/32,0.03175926208496094
64,11,0.0100000000000000,0.0500000000000000,1,monomial_based,21/32,nan,nan,355/2048,nan,nan,0.1461639404296875
64,11,0.0100000000000000,0.0500000000000000,1,list_based,57/64,15/16,61/64,nan,9/64,5/64,0.032212257385253906
64,11,0.0100000000000000,0.0500000000000000,2,monomial_based,41/64,nan,nan,751/4096,nan,nan,0.1539161205291748
64,11,0.0100000000000000,0.0500000000000000,2,list_based,23/32,3/4,15/16,nan,13/64,1/16,0.03626394271850586
64,11,0.0100000000000000,0.0500000000000000,3,monomial_based,13/32,nan,nan,399/2048,nan,nan,0.18087029457092285
64,11,0.0100000000000000,0.0500000000000000,3,list_based,23/32,53/64,27/32,nan,9/64,5/32,0.033477067947387695
64,11,0.0100000000000000,0.0500000000000000,4,monomial_based,31/64,nan,nan,369/2048,nan,nan,0.15263700485229492
64,11,0.0100000000000000,0.0500000000000000,4,list_based,45/64,51/64,7/8,nan,7/32,3/16,0.03441905975341797
64,11,0.0100000000000000,0.0500000000000000,5,monomial_based,39/64,nan,nan,775/4096,nan,nan,0.1562192440032959
64,11,0.0100000000000000,0.0500000000000000,5,list_based,5/8,49/64,27/32,nan,13/64,11/64,0.03421497344970703
64,11,0.0100000000000000,0.100000000000000,1,monomial_based,17/64,nan,nan,43/128,nan,nan,0.1434171199798584
64,11,0.0100000000000000,0.100000000000000,1,list_based,47/64,49/64,29/32,nan,7/32,5/32,0.034796953201293945
64,11,0.0100000000000000,0.100000000000000,2,monomial_based,5/16,nan,nan,43/128,nan,nan,0.16942477226257324
64,11,0.0100000000000000,0.100000000000000,2,list_based,7/16,35/64,55/64,nan,11/32,7/32,0.032553911209106445
64,11,0.0100000000000000,0.100000000000000,3,monomial_based,9/32,nan,nan,709/2048,nan,nan,0.1423051357269287
64,11,0.0100000000000000,0.100000000000000,3,list_based,33/64,23/32,47/64,nan,9/32,5/16,0.032254934310913086
64,11,0.0100000000000000,0.100000000000000,4,monomial_based,9/32,nan,nan,669/2048,nan,nan,0.1430978775024414
64,11,0.0100000000000000,0.100000000000000,4,list_based,43/64,25/32,51/64,nan,19/64,1/4,0.032666921615600586
64,11,0.0100000000000000,0.100000000000000,5,monomial_based,27/64,nan,nan,1395/4096,nan,nan,0.14146089553833008
64,11,0.0100000000000000,0.100000000000000,5,list_based,15/32,39/64,49/64,nan,3/8,19/64,0.034726858139038086
64,11,0.0100000000000000,0.150000000000000,1,monomial_based,7/64,nan,nan,973/2048,nan,nan,0.16431093215942383
64,11,0.0100000000000000,0.150000000000000,1,list_based,7/16,35/64,13/16,nan,11/32,17/64,0.03301501274108887
64,11,0.0100000000000000,0.150000000000000,2,monomial_based,13/64,nan,nan,1919/4096,nan,nan,0.13809728622436523
64,11,0.0100000000000000,0.150000000000000,2,list_based,19/64,29/64,49/64,nan,29/64,21/64,0.032373905181884766
64,11,0.0100000000000000,0.150000000000000,3,monomial_based,1/8,nan,nan,1965/4096,nan,nan,0.13651514053344727
64,11,0.0100000000000000,0.150000000000000,3,list_based,9/32,15/32,39/64,nan,13/32,29/64,0.03234982490539551
64,11,0.0100000000000000,0.150000000000000,4,monomial_based,5/64,nan,nan,937/2048,nan,nan,0.1362447738647461
64,11,0.0100000000000000,0.150000000000000,4,list_based,21/64,31/64,47/64,nan,7/16,5/16,0.03196382522583008
64,11,0.0100000000000000,0.150000000000000,5,monomial_based,9/32,nan,nan,245/512,nan,nan,0.16148090362548828
64,11,0.0100000000000000,0.150000000000000,5,list_based,23/64,29/64,23/32,nan,15/32,23/64,0.032501935958862305
64,11,0.0100000000000000,0.200000000000000,1,monomial_based,7/64,nan,nan,603/1024,nan,nan,0.1323869228363037
64,11,0.0100000000000000,0.200000000000000,1,list_based,17/64,23/64,3/4,nan,29/64,23/64,0.031694650650024414
64,11,0.0100000000000000,0.200000000000000,2,monomial_based,7/64,nan,nan,1193/2048,nan,nan,0.13267898559570312
64,11,0.0100000000000000,0.200000000000000,2,list_based,3/16,19/64,23/32,nan,17/32,13/32,0.0323941707611084
64,11,0.0100000000000000,0.200000000000000,3,monomial_based,1/16,nan,nan,1205/2048,nan,nan,0.13593173027038574
64,11,0.0100000000000000,0.200000000000000,3,list_based,7/32,11/32,9/16,nan,31/64,1/2,0.0348811149597168
64,11,0.0100000000000000,0.200000000000000,4,monomial_based,7/64,nan,nan,2357/4096,nan,nan,0.15640687942504883
64,11,0.0100000000000000,0.200000000000000,4,list_based,1/4,3/8,21/32,nan,33/64,13/32,0.032959938049316406
64,11,0.0100000000000000,0.200000000000000,5,monomial_based,3/16,nan,nan,1205/2048,nan,nan,0.14053988456726074
64,11,0.0100000000000000,0.200000000000000,5,list_based,21/64,27/64,11/16,nan,1/2,13/32,0.03491783142089844
64,11,0.0150000000000000,0.0500000000000000,1,monomial_based,37/64,nan,nan,355/2048,nan,nan,0.15383005142211914
64,11,0.0150000000000000,0.0500000000000000,1,list_based,53/64,57/64,15/16,nan,5/32,5/64,0.03414511680603027
64,11,0.0150000000000000,0.0500000000000000,2,monomial_based,21/32,nan,nan,751/4096,nan,nan,0.18367409706115723
64,11,0.0150000000000000,0.0500000000000000,2,list_based,21/32,45/64,29/32,nan,7/32,3/32,0.04773712158203125
64,11,0.0150000000000000,0.0500000000000000,3,monomial_based,7/16,nan,nan,799/4096,nan,nan,0.19762396812438965
64,11,0.0150000000000000,0.0500000000000000,3,list_based,21/32,51/64,53/64,nan,11/64,11/64,0.04502391815185547
64,11,0.0150000000000000,0.0500000000000000,4,monomial_based,35/64,nan,nan,369/2048,nan,nan,0.19774389266967773
64,11,0.0150000000000000,0.0500000000000000,4,list_based,11/16,49/64,55/64,nan,15/64,3/16,0.04719710350036621
64,11,0.0150000000000000,0.0500000000000000,5,monomial_based,41/64,nan,nan,775/4096,nan,nan,0.19559812545776367
64,11,0.0150000000000000,0.0500000000000000,5,list_based,39/64,23/32,27/32,nan,15/64,11/64,0.05062508583068848
64,11,0.0150000000000000,0.100000000000000,1,monomial_based,17/64,nan,nan,43/128,nan,nan,0.21881604194641113
64,11,0.0150000000000000,0.100000000000000,1,list_based,25/32,55/64,29/32,nan,15/64,5/32,0.049054861068725586
64,11,0.0150000000000000,0.100000000000000,2,monomial_based,15/64,nan,nan,43/128,nan,nan,0.16950297355651855
64,11,0.0150000000000000,0.100000000000000,2,list_based,15/32,39/64,53/64,nan,11/32,1/4,0.03688788414001465
64,11,0.0150000000000000,0.100000000000000,3,monomial_based,15/64,nan,nan,1419/4096,nan,nan,0.1546642780303955
64,11,0.0150000000000000,0.100000000000000,3,list_based,7/16,39/64,23/32,nan,5/16,21/64,0.0355379581451416
64,11,0.0150000000000000,0.100000000000000,4,monomial_based,9/32,nan,nan,669/2048,nan,nan,0.1788630485534668
64,11,0.0150000000000000,0.100000000000000,4,list_based,9/16,43/64,51/64,nan,5/16,1/4,0.033393144607543945
64,11,0.0150000000000000,0.100000000000000,5,monomial_based,29/64,nan,nan,1395/4096,nan,nan,0.14818406105041504
64,11,0.0150000000000000,0.100000000000000,5,list_based,21/64,7/16,49/64,nan,13/32,19/64,0.03388810157775879
64,11,0.0150000000000000,0.150000000000000,1,monomial_based,1/8,nan,nan,973/2048,nan,nan,0.14310002326965332
64,11,0.0150000000000000,0.150000000000000,1,list_based,15/32,39/64,13/16,nan,23/64,17/64,0.03325080871582031
64,11,0.0150000000000000,0.150000000000000,2,monomial_based,13/64,nan,nan,1919/4096,nan,nan,0.13990402221679688
64,11,0.0150000000000000,0.150000000000000,2,list_based,19/64,29/64,47/64,nan,29/64,23/64,0.034297943115234375
64,11,0.0150000000000000,0.150000000000000,3,monomial_based,3/32,nan,nan,983/2048,nan,nan,0.17898321151733398
64,11,0.0150000000000000,0.150000000000000,3,list_based,19/64,31/64,19/32,nan,7/16,15/32,0.036029815673828125
64,11,0.0150000000000000,0.150000000000000,4,monomial_based,1/8,nan,nan,937/2048,nan,nan,0.15297412872314453
64,11,0.0150000000000000,0.150000000000000,4,list_based,25/64,35/64,47/64,nan,7/16,5/16,0.033599853515625
64,11,0.0150000000000000,0.150000000000000,5,monomial_based,9/32,nan,nan,245/512,nan,nan,0.1438920497894287
64,11,0.0150000000000000,0.150000000000000,5,list_based,15/64,19/64,23/32,nan,1/2,23/64,0.033789873123168945
64,11,0.0150000000000000,0.200000000000000,1,monomial_based,7/64,nan,nan,603/1024,nan,nan,0.141448974609375
64,11,0.0150000000000000,0.200000000000000,1,list_based,7/16,17/32,3/4,nan,15/32,23/64,0.0339970588684082
64,11,0.0150000000000000,0.200000000000000,2,monomial_based,1/8,nan,nan,1193/2048,nan,nan,0.16202187538146973
64,11,0.0150000000000000,0.200000000000000,2,list_based,7/32,11/32,11/16,nan,17/32,7/16,0.03231000900268555
64,11,0.0150000000000000,0.200000000000000,3,monomial_based,1/16,nan,nan,2411/4096,nan,nan,0.1396019458770752
64,11,0.0150000000000000,0.200000000000000,3,list_based,3/16,5/16,35/64,nan,33/64,33/64,0.03467893600463867
64,11,0.0150000000000000,0.200000000000000,4,monomial_based,1/16,nan,nan,2357/4096,nan,nan,0.15052008628845215
64,11,0.0150000000000000,0.200000000000000,4,list_based,11/32,15/32,21/32,nan,33/64,13/32,0.0426938533782959
64,11,0.0150000000000000,0.200000000000000,5,monomial_based,1/4,nan,nan,1205/2048,nan,nan,0.1481330394744873
64,11,0.0150000000000000,0.200000000000000,5,list_based,19/64,11/32,11/16,nan,17/32,13/32,0.05846810340881348
64,11,0.0200000000000000,0.0500000000000000,1,monomial_based,37/64,nan,nan,711/4096,nan,nan,0.15179800987243652
64,11,0.0200000000000000,0.0500000000000000,1,list_based,51/64,55/64,15/16,nan,11/64,5/64,0.034887075424194336
64,11,0.0200000000000000,0.0500000000000000,2,monomial_based,49/64,nan,nan,47/256,nan,nan,0.1585559844970703
64,11,0.0200000000000000,0.0500000000000000,2,list_based,21/32,23/32,29/32,nan,15/64,3/32,0.034580230712890625
64,11,0.0200000000000000,0.0500000000000000,3,monomial_based,23/64,nan,nan,799/4096,nan,nan,0.1507720947265625
64,11,0.0200000000000000,0.0500000000000000,3,list_based,21/32,51/64,53/64,nan,3/16,11/64,0.033399105072021484
64,11,0.0200000000000000,0.0500000000000000,4,monomial_based,39/64,nan,nan,369/2048,nan,nan,0.1818559169769287
64,11,0.0200000000000000,0.0500000000000000,4,list_based,43/64,49/64,55/64,nan,15/64,3/16,0.03352999687194824
64,11,0.0200000000000000,0.0500000000000000,5,monomial_based,43/64,nan,nan,775/4096,nan,nan,0.14862895011901855
64,11,0.0200000000000000,0.0500000000000000,5,list_based,39/64,11/16,27/32,nan,15/64,11/64,0.03257608413696289
64,11,0.0200000000000000,0.100000000000000,1,monomial_based,21/64,nan,nan,1377/4096,nan,nan,0.15082526206970215
64,11,0.0200000000000000,0.100000000000000,1,list_based,47/64,51/64,29/32,nan,1/4,5/32,0.03488588333129883
64,11,0.0200000000000000,0.100000000000000,2,monomial_based,15/64,nan,nan,1377/4096,nan,nan,0.15341520309448242
64,11,0.0200000000000000,0.100000000000000,2,list_based,3/8,1/2,53/64,nan,23/64,1/4,0.03777718544006348
64,11,0.0200000000000000,0.100000000000000,3,monomial_based,1/4,nan,nan,1419/4096,nan,nan,0.21223020553588867
64,11,0.0200000000000000,0.100000000000000,3,list_based,31/64,21/32,23/32,nan,5/16,21/64,0.03879189491271973
64,11,0.0200000000000000,0.100000000000000,4,monomial_based,9/32,nan,nan,669/2048,nan,nan,0.16586518287658691
64,11,0.0200000000000000,0.100000000000000,4,list_based,37/64,11/16,51/64,nan,5/16,1/4,0.03432893753051758
64,11,0.0200000000000000,0.100000000000000,5,monomial_based,25/64,nan,nan,1395/4096,nan,nan,0.1524639129638672
64,11,0.0200000000000000,0.100000000000000,5,list_based,7/16,37/64,49/64,nan,13/32,19/64,0.035047054290771484
64,11,0.0200000000000000,0.150000000000000,1,monomial_based,9/64,nan,nan,1947/4096,nan,nan,0.15634512901306152
64,11,0.0200000000000000,0.150000000000000,1,list_based,7/16,37/64,13/16,nan,3/8,17/64,0.035531044006347656
64,11,0.0200000000000000,0.150000000000000,2,monomial_based,13/64,nan,nan,15/32,nan,nan,0.1831378936767578
64,11,0.0200000000000000,0.150000000000000,2,list_based,3/16,5/16,47/64,nan,15/32,23/64,0.03398895263671875
64,11,0.0200000000000000,0.150000000000000,3,monomial_based,7/64,nan,nan,983/2048,nan,nan,0.14675211906433105
64,11,0.0200000000000000,0.150000000000000,3,list_based,17/64,29/64,19/32,nan,7/16,15/32,0.0340878963470459
64,11,0.0200000000000000,0.150000000000000,4,monomial_based,9/64,nan,nan,937/2048,nan,nan,0.14621520042419434
64,11,0.0200000000000000,0.150000000000000,4,list_based,23/64,31/64,47/64,nan,7/16,5/16,0.03407907485961914
64,11,0.0200000000000000,0.150000000000000,5,monomial_based,9/32,nan,nan,245/512,nan,nan,0.15324091911315918
64,11,0.0200000000000000,0.150000000000000,5,list_based,5/16,25/64,23/32,nan,1/2,23/64,0.06117606163024902
64,11,0.0200000000000000,0.200000000000000,1,monomial_based,3/32,nan,nan,2413/4096,nan,nan,0.151749849319458
64,11,0.0200000000000000,0.200000000000000,1,list_based,19/64,25/64,3/4,nan,31/64,23/64,0.048039913177490234
64,11,0.0200000000000000,0.200000000000000,2,monomial_based,3/32,nan,nan,1193/2048,nan,nan,0.1526930332183838
64,11,0.0200000000000000,0.200000000000000,2,list_based,7/32,21/64,11/16,nan,35/64,7/16,0.0367279052734375
64,11,0.0200000000000000,0.200000000000000,3,monomial_based,5/64,nan,nan,2411/4096,nan,nan,0.15234088897705078
64,11,0.0200000000000000,0.200000000000000,3,list_based,9/32,27/64,35/64,nan,33/64,33/64,0.03782010078430176
64,11,0.0200000000000000,0.200000000000000,4,monomial_based,1/16,nan,nan,2357/4096,nan,nan,0.17801594734191895
64,11,0.0200000000000000,0.200000000000000,4,list_based,17/64,3/8,21/32,nan,33/64,13/32,0.035186052322387695
64,11,0.0200000000000000,0.200000000000000,5,monomial_based,7/32,nan,nan,1205/2048,nan,nan,0.14863204956054688
64,11,0.0200000000000000,0.200000000000000,5,list_based,5/16,3/8,11/16,nan,17/32,13/32,0.03739619255065918
64,31,0.00500000000000000,0.0500000000000000,1,monomial_based,45/64,nan,nan,861/4096,nan,nan,0.2684609889984131
64,31,0.00500000000000000,0.0500000000000000,1,list_based,51/64,29/32,55/64,nan,1/8,9/64,0.0418391227722168
64,31,0.00500000000000000,0.0500000000000000,2,monomial_based,49/64,nan,nan,953/4096,nan,nan,0.28984808921813965
64,31,0.00500000000000000,0.0500000000000000,2,list_based,11/16,55/64,51/64,nan,9/64,13/64,0.03731513023376465
64,31,0.00500000000000000,0.0500000000000000,3,monomial_based,3/4,nan,nan,15/64,nan,nan,0.2896389961242676
64,31,0.00500000000000000,0.0500000000000000,3,list_based,41/64,3/4,7/8,nan,7/32,9/64,0.0392909049987793
64,31,0.00500000000000000,0.0500000000000000,4,monomial_based,41/64,nan,nan,929/4096,nan,nan,0.2974059581756592
64,31,0.00500000000000000,0.0500000000000000,4,list_based,5/8,47/64,55/64,nan,13/64,9/64,0.0374760627746582
64,31,0.00500000000000000,0.0500000000000000,5,monomial_based,45/64,nan,nan,899/4096,nan,nan,0.2619929313659668
64,31,0.00500000000000000,0.0500000000000000,5,list_based,11/16,51/64,57/64,nan,3/16,1/8,0.03881692886352539
64,31,0.00500000000000000,0.100000000000000,1,monomial_based,3/8,nan,nan,25/64,nan,nan,0.2805659770965576
64,31,0.00500000000000000,0.100000000000000,1,list_based,21/32,3/4,13/16,nan,7/32,3/16,0.037957191467285156
64,31,0.00500000000000000,0.100000000000000,2,monomial_based,3/8,nan,nan,53/128,nan,nan,0.25447607040405273
64,31,0.00500000000000000,0.100000000000000,2,list_based,1/2,21/32,45/64,nan,1/4,5/16,0.041567087173461914
64,31,0.00500000000000000,0.100000000000000,3,monomial_based,15/32,nan,nan,849/2048,nan,nan,0.2738158702850342
64,31,0.00500000000000000,0.100000000000000,3,list_based,31/64,39/64,13/16,nan,21/64,13/64,0.03817296028137207
64,31,0.00500000000000000,0.100000000000000,4,monomial_based,3/8,nan,nan,1617/4096,nan,nan,0.2846567630767822
64,31,0.00500000000000000,0.100000000000000,4,list_based,29/64,21/32,47/64,nan,9/32,17/64,0.038254737854003906
64,31,0.00500000000000000,0.100000000000000,5,monomial_based,17/32,nan,nan,411/1024,nan,nan,0.2532072067260742
64,31,0.00500000000000000,0.100000000000000,5,list_based,33/64,43/64,25/32,nan,1/4,15/64,0.03818202018737793
64,31,0.00500000000000000,0.150000000000000,1,monomial_based,19/64,nan,nan,2199/4096,nan,nan,0.2896580696105957
64,31,0.00500000000000000,0.150000000000000,1,list_based,13/32,19/32,23/32,nan,3/8,9/32,0.03866887092590332
64,31,0.00500000000000000,0.150000000000000,2,monomial_based,17/64,nan,nan,1141/2048,nan,nan,0.2642350196838379
64,31,0.00500000000000000,0.150000000000000,2,list_based,5/16,9/16,17/32,nan,25/64,31/64,0.045699119567871094
64,31,0.00500000000000000,0.150000000000000,3,monomial_based,17/64,nan,nan,2287/4096,nan,nan,0.29495882987976074
64,31,0.00500000000000000,0.150000000000000,3,list_based,11/32,7/16,47/64,nan,29/64,9/32,0.039113759994506836
64,31,0.00500000000000000,0.150000000000000,4,monomial_based,7/32,nan,nan,2193/4096,nan,nan,0.25537705421447754
64,31,0.00500000000000000,0.150000000000000,4,list_based,21/64,9/16,5/8,nan,23/64,3/8,0.03990674018859863
64,31,0.00500000000000000,0.150000000000000,5,monomial_based,11/32,nan,nan,1109/2048,nan,nan,0.3515918254852295
64,31,0.00500000000000000,0.150000000000000,5,list_based,3/8,17/32,45/64,nan,23/64,5/16,0.04991292953491211
64,31,0.00500000000000000,0.200000000000000,1,monomial_based,3/16,nan,nan,1341/2048,nan,nan,0.2800910472869873
64,31,0.00500000000000000,0.200000000000000,1,list_based,9/32,25/64,39/64,nan,15/32,25/64,0.061882972717285156
64,31,0.00500000000000000,0.200000000000000,2,monomial_based,15/64,nan,nan,2775/4096,nan,nan,0.2898681163787842
64,31,0.00500000000000000,0.200000000000000,2,list_based,9/32,33/64,31/64,nan,29/64,17/32,0.040624141693115234
64,31,0.00500000000000000,0.200000000000000,3,monomial_based,3/32,nan,nan,2727/4096,nan,nan,0.2525777816772461
64,31,0.00500000000000000,0.200000000000000,3,list_based,19/64,27/64,43/64,nan,33/64,11/32,0.03903794288635254
64,31,0.00500000000000000,0.200000000000000,4,monomial_based,9/64,nan,nan,2667/4096,nan,nan,0.26880812644958496
64,31,0.00500000000000000,0.200000000000000,4,list_based,17/64,7/16,9/16,nan,31/64,7/16,0.037672996520996094
64,31,0.00500000000000000,0.200000000000000,5,monomial_based,13/64,nan,nan,335/512,nan,nan,0.2738349437713623
64,31,0.00500000000000000,0.200000000000000,5,list_based,17/64,23/64,41/64,nan,1/2,3/8,0.03782296180725098
64,31,0.0100000000000000,0.0500000000000000,1,monomial_based,11/16,nan,nan,861/4096,nan,nan,0.2579660415649414
64,31,0.0100000000000000,0.0500000000000000,1,list_based,3/4,27/32,55/64,nan,1/8,9/64,0.03687000274658203
64,31,0.0100000000000000,0.0500000000000000,2,monomial_based,49/64,nan,nan,953/4096,nan,nan,0.2583167552947998
64,31,0.0100000000000000,0.0500000000000000,2,list_based,5/8,25/32,51/64,nan,5/32,13/64,0.037039756774902344
64,31,0.0100000000000000,0.0500000000000000,3,monomial_based,41/64,nan,nan,961/4096,nan,nan,0.2861020565032959
64,31,0.0100000000000000,0.0500000000000000,3,list_based,21/32,49/64,7/8,nan,15/64,9/64,0.03837323188781738
64,31,0.0100000000000000,0.0500000000000000,4,monomial_based,5/8,nan,nan,465/2048,nan,nan,0.269848108291626
64,31,0.0100000000000000,0.0500000000000000,4,list_based,41/64,3/4,55/64,nan,13/64,9/64,0.03958892822265625
64,31,0.0100000000000000,0.0500000000000000,5,monomial_based,43/64,nan,nan,899/4096,nan,nan,0.2805759906768799
64,31,0.0100000000000000,0.0500000000000000,5,list_based,11/16,51/64,57/64,nan,13/64,1/8,0.03778719902038574
64,31,0.0100000000000000,0.100000000000000,1,monomial_based,3/8,nan,nan,25/64,nan,nan,0.33179688453674316
64,31,0.0100000000000000,0.100000000000000,1,list_based,37/64,11/16,13/16,nan,7/32,3/16,0.04498887062072754
64,31,0.0100000000000000,0.100000000000000,2,monomial_based,29/64,nan,nan,53/128,nan,nan,0.30719518661499023
64,31,0.0100000000000000,0.100000000000000,2,list_based,15/32,41/64,45/64,nan,17/64,5/16,0.0407559871673584
64,31,0.0100000000000000,0.100000000000000,3,monomial_based,29/64,nan,nan,1699/4096,nan,nan,0.30919623374938965
64,31,0.0100000000000000,0.100000000000000,3,list_based,15/32,37/64,13/16,nan,11/32,13/64,0.03979015350341797
64,31,0.0100000000000000,0.100000000000000,4,monomial_based,3/8,nan,nan,809/2048,nan,nan,0.2731919288635254
64,31,0.0100000000000000,0.100000000000000,4,list_based,1/2,11/16,47/64,nan,9/32,17/64,0.03741002082824707
64,31,0.0100000000000000,0.100000000000000,5,monomial_based,1/2,nan,nan,411/1024,nan,nan,0.3813741207122803
64,31,0.0100000000000000,0.100000000000000,5,list_based,9/16,45/64,25/32,nan,17/64,15/64,0.044304847717285156
64,31,0.0100000000000000,0.150000000000000,1,monomial_based,1/4,nan,nan,2199/4096,nan,nan,0.2754819393157959
64,31,0.0100000000000000,0.150000000000000,1,list_based,13/32,9/16,23/32,nan,3/8,9/32,0.0409390926361084
64,31,0.0100000000000000,0.150000000000000,2,monomial_based,5/16,nan,nan,1141/2048,nan,nan,0.28417110443115234
64,31,0.0100000000000000,0.150000000000000,2,list_based,19/64,31/64,33/64,nan,13/32,31/64,0.03761482238769531
64,31,0.0100000000000000,0.150000000000000,3,monomial_based,19/64,nan,nan,143/256,nan,nan,0.25028300285339355
64,31,0.0100000000000000,0.150000000000000,3,list_based,21/64,25/64,23/32,nan,15/32,9/32,0.039916038513183594
64,31,0.0100000000000000,0.150000000000000,4,monomial_based,19/64,nan,nan,1097/2048,nan,nan,0.2770700454711914
64,31,0.0100000000000000,0.150000000000000,4,list_based,11/32,39/64,5/8,nan,23/64,3/8,0.0392460823059082
64,31,0.0100000000000000,0.150000000000000,5,monomial_based,11/32,nan,nan,1109/2048,nan,nan,0.25314998626708984
64,31,0.0100000000000000,0.150000000000000,5,list_based,3/8,1/2,11/16,nan,3/8,5/16,0.06752896308898926
64,31,0.0100000000000000,0.200000000000000,1,monomial_based,5/32,nan,nan,1341/2048,nan,nan,0.24116301536560059
64,31,0.0100000000000000,0.200000000000000,1,list_based,5/16,29/64,39/64,nan,15/32,25/64,0.03616786003112793
64,31,0.0100000000000000,0.200000000000000,2,monomial_based,11/64,nan,nan,2775/4096,nan,nan,0.2381429672241211
64,31,0.0100000000000000,0.200000000000000,2,list_based,19/64,7/16,31/64,nan,15/32,17/32,0.03894186019897461
64,31,0.0100000000000000,0.200000000000000,3,monomial_based,1/8,nan,nan,341/512,nan,nan,0.2610321044921875
64,31,0.0100000000000000,0.200000000000000,3,list_based,17/64,3/8,43/64,nan,17/32,11/32,0.03679513931274414
64,31,0.0100000000000000,0.200000000000000,4,monomial_based,5/32,nan,nan,667/1024,nan,nan,0.2373659610748291
64,31,0.0100000000000000,0.200000000000000,4,list_based,15/64,29/64,9/16,nan,31/64,7/16,0.03600716590881348
64,31,0.0100000000000000,0.200000000000000,5,monomial_based,15/64,nan,nan,335/512,nan,nan,0.2726399898529053
64,31,0.0100000000000000,0.200000000000000,5,list_based,1/4,25/64,41/64,nan,33/64,3/8,0.05217623710632324
64,31,0.0150000000000000,0.0500000000000000,1,monomial_based,45/64,nan,nan,861/4096,nan,nan,0.2971358299255371
64,31,0.0150000000000000,0.0500000000000000,1,list_based,47/64,27/32,55/64,nan,9/64,9/64,0.06350421905517578
64,31,0.0150000000000000,0.0500000000000000,2,monomial_based,25/32,nan,nan,953/4096,nan,nan,0.26900196075439453
64,31,0.0150000000000000,0.0500000000000000,2,list_based,41/64,25/32,51/64,nan,11/64,13/64,0.05198383331298828
64,31,0.0150000000000000,0.0500000000000000,3,monomial_based,19/32,nan,nan,241/1024,nan,nan,0.2974202632904053
64,31,0.0150000000000000,0.0500000000000000,3,list_based,37/64,23/32,55/64,nan,1/4,9/64,0.03919792175292969
64,31,0.0150000000000000,0.0500000000000000,4,monomial_based,5/8,nan,nan,931/4096,nan,nan,0.2874879837036133
64,31,0.0150000000000000,0.0500000000000000,4,list_based,39/64,3/4,53/64,nan,13/64,11/64,0.0385439395904541
64,31,0.0150000000000000,0.0500000000000000,5,monomial_based,43/64,nan,nan,899/4096,nan,nan,0.26393699645996094
64,31,0.0150000000000000,0.0500000000000000,5,list_based,43/64,51/64,7/8,nan,13/64,1/8,0.0388948917388916
64,31,0.0150000000000000,0.100000000000000,1,monomial_based,15/32,nan,nan,25/64,nan,nan,0.30465006828308105
64,31,0.0150000000000000,0.100000000000000,1,list_based,5/8,23/32,13/16,nan,7/32,3/16,0.038220882415771484
64,31,0.0150000000000000,0.100000000000000,2,monomial_based,1/2,nan,nan,53/128,nan,nan,0.274122953414917
64,31,0.0150000000000000,0.100000000000000,2,list_based,17/32,43/64,11/16,nan,9/32,5/16,0.06438088417053223
64,31,0.0150000000000000,0.100000000000000,3,monomial_based,27/64,nan,nan,851/2048,nan,nan,0.2512350082397461
64,31,0.0150000000000000,0.100000000000000,3,list_based,29/64,37/64,51/64,nan,23/64,13/64,0.03752923011779785
64,31,0.0150000000000000,0.100000000000000,4,monomial_based,27/64,nan,nan,1619/4096,nan,nan,0.25724196434020996
64,31,0.0150000000000000,0.100000000000000,4,list_based,15/32,45/64,45/64,nan,9/32,19/64,0.03899812698364258
64,31,0.0150000000000000,0.100000000000000,5,monomial_based,1/2,nan,nan,411/1024,nan,nan,0.27632784843444824
64,31,0.0150000000000000,0.100000000000000,5,list_based,9/16,23/32,49/64,nan,17/64,15/64,0.036767005920410156
64,31,0.0150000000000000,0.150000000000000,1,monomial_based,7/32,nan,nan,2199/4096,nan,nan,0.2554340362548828
64,31,0.0150000000000000,0.150000000000000,1,list_based,25/64,33/64,23/32,nan,3/8,9/32,0.03637504577636719
64,31,0.0150000000000000,0.150000000000000,2,monomial_based,19/64,nan,nan,1141/2048,nan,nan,0.2804572582244873
64,31,0.0150000000000000,0.150000000000000,2,list_based,19/64,31/64,17/32,nan,27/64,31/64,0.03604412078857422
64,31,0.0150000000000000,0.150000000000000,3,monomial_based,7/32,nan,nan,2291/4096,nan,nan,0.2568528652191162
64,31,0.0150000000000000,0.150000000000000,3,list_based,11/32,29/64,23/32,nan,31/64,9/32,0.03732490539550781
64,31,0.0150000000000000,0.150000000000000,4,monomial_based,3/16,nan,nan,2195/4096,nan,nan,0.28640103340148926
64,31,0.0150000000000000,0.150000000000000,4,list_based,9/32,35/64,19/32,nan,23/64,13/32,0.05707097053527832
64,31,0.0150000000000000,0.150000000000000,5,monomial_based,3/8,nan,nan,1109/2048,nan,nan,0.26076412200927734
64,31,0.0150000000000000,0.150000000000000,5,list_based,25/64,35/64,11/16,nan,3/8,5/16,0.038665056228637695
64,31,0.0150000000000000,0.200000000000000,1,monomial_based,9/64,nan,nan,1341/2048,nan,nan,0.2717020511627197
64,31,0.0150000000000000,0.200000000000000,1,list_based,17/64,3/8,5/8,nan,15/32,25/64,0.03600311279296875
64,31,0.0150000000000000,0.200000000000000,2,monomial_based,3/16,nan,nan,2775/4096,nan,nan,0.25392603874206543
64,31,0.0150000000000000,0.200000000000000,2,list_based,1/4,15/32,15/32,nan,31/64,17/32,0.06263899803161621
64,31,0.0150000000000000,0.200000000000000,3,monomial_based,9/64,nan,nan,1365/2048,nan,nan,0.24564099311828613
64,31,0.0150000000000000,0.200000000000000,3,list_based,17/64,3/8,21/32,nan,35/64,11/32,0.03596997261047363
64,31,0.0150000000000000,0.200000000000000,4,monomial_based,9/64,nan,nan,2669/4096,nan,nan,0.2520639896392822
64,31,0.0150000000000000,0.200000000000000,4,list_based,7/32,25/64,9/16,nan,31/64,7/16,0.034857988357543945
64,31,0.0150000000000000,0.200000000000000,5,monomial_based,11/64,nan,nan,335/512,nan,nan,0.27427005767822266
64,31,0.0150000000000000,0.200000000000000,5,list_based,1/4,3/8,5/8,nan,33/64,3/8,0.03596901893615723
64,31,0.0200000000000000,0.0500000000000000,1,monomial_based,39/64,nan,nan,863/4096,nan,nan,0.24442195892333984
64,31,0.0200000000000000,0.0500000000000000,1,list_based,47/64,27/32,55/64,nan,9/64,9/64,0.040534019470214844
64,31,0.0200000000000000,0.0500000000000000,2,monomial_based,25/32,nan,nan,953/4096,nan,nan,0.2827799320220947
64,31,0.0200000000000000,0.0500000000000000,2,list_based,21/32,51/64,51/64,nan,11/64,13/64,0.036221981048583984
64,31,0.0200000000000000,0.0500000000000000,3,monomial_based,41/64,nan,nan,241/1024,nan,nan,0.25271010398864746
64,31,0.0200000000000000,0.0500000000000000,3,list_based,41/64,3/4,7/8,nan,17/64,9/64,0.037065982818603516
64,31,0.0200000000000000,0.0500000000000000,4,monomial_based,19/32,nan,nan,233/1024,nan,nan,0.28280186653137207
64,31,0.0200000000000000,0.0500000000000000,4,list_based,5/8,49/64,53/64,nan,13/64,11/64,0.03595089912414551
64,31,0.0200000000000000,0.0500000000000000,5,monomial_based,11/16,nan,nan,225/1024,nan,nan,0.252377986907959
64,31,0.0200000000000000,0.0500000000000000,5,list_based,21/32,49/64,57/64,nan,13/64,1/8,0.03589510917663574
64,31,0.0200000000000000,0.100000000000000,1,monomial_based,3/8,nan,nan,801/2048,nan,nan,0.277310848236084
64,31,0.0200000000000000,0.100000000000000,1,list_based,41/64,47/64,13/16,nan,7/32,3/16,0.03615212440490723
64,31,0.0200000000000000,0.100000000000000,2,monomial_based,7/16,nan,nan,53/128,nan,nan,0.27065181732177734
64,31,0.0200000000000000,0.100000000000000,2,list_based,1/2,5/8,45/64,nan,9/32,5/16,0.038809776306152344
64,31,0.0200000000000000,0.100000000000000,3,monomial_based,13/32,nan,nan,851/2048,nan,nan,0.2824528217315674
64,31,0.0200000000000000,0.100000000000000,3,list_based,13/32,35/64,13/16,nan,23/64,13/64,0.037377119064331055
64,31,0.0200000000000000,0.100000000000000,4,monomial_based,23/64,nan,nan,405/1024,nan,nan,0.25485992431640625
64,31,0.0200000000000000,0.100000000000000,4,list_based,29/64,11/16,45/64,nan,9/32,19/64,0.03892111778259277
64,31,0.0200000000000000,0.100000000000000,5,monomial_based,33/64,nan,nan,1645/4096,nan,nan,0.27115416526794434
64,31,0.0200000000000000,0.100000000000000,5,list_based,9/16,47/64,25/32,nan,17/64,15/64,0.03884315490722656
64,31,0.0200000000000000,0.150000000000000,1,monomial_based,17/64,nan,nan,2201/4096,nan,nan,0.2481858730316162
64,31,0.0200000000000000,0.150000000000000,1,list_based,21/64,29/64,23/32,nan,3/8,9/32,0.06151604652404785
64,31,0.0200000000000000,0.150000000000000,2,monomial_based,23/64,nan,nan,1141/2048,nan,nan,0.25027894973754883
64,31,0.0200000000000000,0.150000000000000,2,list_based,21/64,17/32,17/32,nan,27/64,31/64,0.037615060806274414
64,31,0.0200000000000000,0.150000000000000,3,monomial_based,7/32,nan,nan,2291/4096,nan,nan,0.2428908348083496
64,31,0.0200000000000000,0.150000000000000,3,list_based,9/32,25/64,47/64,nan,31/64,9/32,0.03623700141906738
64,31,0.0200000000000000,0.150000000000000,4,monomial_based,13/64,nan,nan,549/1024,nan,nan,0.2711148262023926
64,31,0.0200000000000000,0.150000000000000,4,list_based,19/64,17/32,39/64,nan,23/64,13/32,0.03743410110473633
64,31,0.0200000000000000,0.150000000000000,5,monomial_based,23/64,nan,nan,2219/4096,nan,nan,0.23825693130493164
64,31,0.0200000000000000,0.150000000000000,5,list_based,3/8,33/64,45/64,nan,3/8,5/16,0.03644967079162598
64,31,0.0200000000000000,0.200000000000000,1,monomial_based,1/8,nan,nan,671/1024,nan,nan,0.2561490535736084
64,31,0.0200000000000000,0.200000000000000,1,list_based,9/32,7/16,39/64,nan,15/32,25/64,0.036180973052978516
64,31,0.0200000000000000,0.200000000000000,2,monomial_based,13/64,nan,nan,2775/4096,nan,nan,0.2412259578704834
64,31,0.0200000000000000,0.200000000000000,2,list_based,1/4,7/16,31/64,nan,31/64,17/32,0.03776884078979492
64,31,0.0200000000000000,0.200000000000000,3,monomial_based,9/64,nan,nan,1365/2048,nan,nan,0.2681763172149658
64,31,0.0200000000000000,0.200000000000000,3,list_based,17/64,13/32,43/64,nan,35/64,11/32,0.03746509552001953
64,31,0.0200000000000000,0.200000000000000,4,monomial_based,9/64,nan,nan,1335/2048,nan,nan,0.2503979206085205
64,31,0.0200000000000000,0.200000000000000,4,list_based,7/32,29/64,9/16,nan,31/64,7/16,0.040258169174194336
64,31,0.0200000000000000,0.200000000000000,5,monomial_based,7/32,nan,nan,2681/4096,nan,nan,0.29028892517089844
64,31,0.0200000000000000,0.200000000000000,5,list_based,5/16,13/32,41/64,nan,33/64,3/8,0.041320085525512695
64,127,0.00500000000000000,0.0500000000000000,1,monomial_based,41/64,nan,nan,1179/4096,nan,nan,0.8936717510223389
64,127,0.00500000000000000,0.0500000000000000,1,list_based,43/64,13/16,13/16,nan,3/16,3/16,0.11397099494934082
64,127,0.00500000000000000,0.0500000000000000,2,monomial_based,53/64,nan,nan,597/2048,nan,nan,0.8978152275085449
64,127,0.00500000000000000,0.0500000000000000,2,list_based,43/64,7/8,25/32,nan,11/64,7/32,0.11065125465393066
64,127,0.00500000000000000,0.0500000000000000,3,monomial_based,23/32,nan,nan,39/128,nan,nan,0.8552379608154297
64,127,0.00500000000000000,0.0500000000000000,3,list_based,45/64,51/64,7/8,nan,11/64,1/8,0.10981607437133789
64,127,0.00500000000000000,0.0500000000000000,4,monomial_based,11/16,nan,nan,1171/4096,nan,nan,0.8410630226135254
64,127,0.00500000000000000,0.0500000000000000,4,list_based,9/16,51/64,23/32,nan,3/16,9/32,0.10959410667419434
64,127,0.00500000000000000,0.0500000000000000,5,monomial_based,3/4,nan,nan,593/2048,nan,nan,0.820702075958252
64,127,0.00500000000000000,0.0500000000000000,5,list_based,35/64,11/16,25/32,nan,15/64,15/64,0.10627484321594238
64,127,0.00500000000000000,0.100000000000000,1,monomial_based,11/32,nan,nan,1027/2048,nan,nan,0.8489558696746826
64,127,0.00500000000000000,0.100000000000000,1,list_based,15/32,41/64,43/64,nan,19/64,21/64,0.1067192554473877
64,127,0.00500000000000000,0.100000000000000,2,monomial_based,31/64,nan,nan,2085/4096,nan,nan,0.8027830123901367
64,127,0.00500000000000000,0.100000000000000,2,list_based,13/32,45/64,19/32,nan,5/16,13/32,0.10823607444763184
64,127,0.00500000000000000,0.100000000000000,3,monomial_based,33/64,nan,nan,2099/4096,nan,nan,0.8072607517242432
64,127,0.00500000000000000,0.100000000000000,3,list_based,33/64,43/64,49/64,nan,9/32,15/64,0.10566115379333496
64,127,0.00500000000000000,0.100000000000000,4,monomial_based,3/8,nan,nan,129/256,nan,nan,0.8038458824157715
64,127,0.00500000000000000,0.100000000000000,4,list_based,21/64,37/64,35/64,nan,23/64,29/64,0.10631084442138672
64,127,0.00500000000000000,0.100000000000000,5,monomial_based,35/64,nan,nan,1039/2048,nan,nan,0.806657075881958
64,127,0.00500000000000000,0.100000000000000,5,list_based,23/64,35/64,11/16,nan,19/64,5/16,0.10992288589477539
64,127,0.00500000000000000,0.150000000000000,1,monomial_based,17/64,nan,nan,1367/2048,nan,nan,0.8586907386779785
64,127,0.00500000000000000,0.150000000000000,1,list_based,15/64,29/64,33/64,nan,7/16,31/64,0.10953617095947266
64,127,0.00500000000000000,0.150000000000000,2,monomial_based,9/32,nan,nan,2735/4096,nan,nan,0.8444511890411377
64,127,0.00500000000000000,0.150000000000000,2,list_based,9/32,35/64,31/64,nan,13/32,33/64,0.10929703712463379
64,127,0.00500000000000000,0.150000000000000,3,monomial_based,23/64,nan,nan,43/64,nan,nan,0.8335189819335938
64,127,0.00500000000000000,0.150000000000000,3,list_based,17/64,15/32,19/32,nan,27/64,13/32,0.10921692848205566
64,127,0.00500000000000000,0.150000000000000,4,monomial_based,3/16,nan,nan,2695/4096,nan,nan,0.8365821838378906
64,127,0.00500000000000000,0.150000000000000,4,list_based,13/64,3/8,15/32,nan,31/64,17/32,0.10757207870483398
64,127,0.00500000000000000,0.150000000000000,5,monomial_based,13/32,nan,nan,343/512,nan,nan,0.803009033203125
64,127,0.00500000000000000,0.150000000000000,5,list_based,19/64,29/64,5/8,nan,25/64,3/8,0.1077430248260498
64,127,0.00500000000000000,0.200000000000000,1,monomial_based,9/64,nan,nan,3175/4096,nan,nan,0.7997422218322754
64,127,0.00500000000000000,0.200000000000000,1,list_based,9/64,5/16,29/64,nan,39/64,35/64,0.10808014869689941
64,127,0.00500000000000000,0.200000000000000,2,monomial_based,11/64,nan,nan,3189/4096,nan,nan,0.830284833908081
64,127,0.00500000000000000,0.200000000000000,2,list_based,5/64,19/64,19/64,nan,31/64,45/64,0.11081790924072266
64,127,0.00500000000000000,0.200000000000000,3,monomial_based,13/64,nan,nan,3185/4096,nan,nan,0.8005580902099609
64,127,0.00500000000000000,0.200000000000000,3,list_based,11/64,3/8,29/64,nan,1/2,35/64,0.10700607299804688
64,127,0.00500000000000000,0.200000000000000,4,monomial_based,9/64,nan,nan,397/512,nan,nan,0.8359560966491699
64,127,0.00500000000000000,0.200000000000000,4,list_based,1/16,23/64,5/16,nan,37/64,11/16,0.10779690742492676
64,127,0.00500000000000000,0.200000000000000,5,monomial_based,15/64,nan,nan,799/1024,nan,nan,0.7829351425170898
64,127,0.00500000000000000,0.200000000000000,5,list_based,9/32,31/64,37/64,nan,7/16,27/64,0.10941791534423828
64,127,0.0100000000000000,0.0500000000000000,1,monomial_based,39/64,nan,nan,295/1024,nan,nan,0.8356878757476807
64,127,0.0100000000000000,0.0500000000000000,1,list_based,5/8,25/32,51/64,nan,13/64,13/64,0.10883498191833496
64,127,0.0100000000000000,0.0500000000000000,2,monomial_based,13/16,nan,nan,1195/4096,nan,nan,0.8344540596008301
64,127,0.0100000000000000,0.0500000000000000,2,list_based,19/32,53/64,3/4,nan,11/64,1/4,0.10712218284606934
64,127,0.0100000000000000,0.0500000000000000,3,monomial_based,45/64,nan,nan,1249/4096,nan,nan,0.8006110191345215
64,127,0.0100000000000000,0.0500000000000000,3,list_based,49/64,7/8,55/64,nan,11/64,9/64,0.10546302795410156
64,127,0.0100000000000000,0.0500000000000000,4,monomial_based,43/64,nan,nan,293/1024,nan,nan,0.8054630756378174
64,127,0.0100000000000000,0.0500000000000000,4,list_based,35/64,51/64,45/64,nan,7/32,19/64,0.1078331470489502
64,127,0.0100000000000000,0.0500000000000000,5,monomial_based,23/32,nan,nan,1187/4096,nan,nan,0.773535966873169
64,127,0.0100000000000000,0.0500000000000000,5,list_based,15/32,21/32,47/64,nan,15/64,9/32,0.14010381698608398
64,127,0.0100000000000000,0.100000000000000,1,monomial_based,3/8,nan,nan,2055/4096,nan,nan,0.7895090579986572
64,127,0.0100000000000000,0.100000000000000,1,list_based,7/16,43/64,21/32,nan,5/16,11/32,0.12217211723327637
64,127,0.0100000000000000,0.100000000000000,2,monomial_based,15/32,nan,nan,1043/2048,nan,nan,0.8663108348846436
64,127,0.0100000000000000,0.100000000000000,2,list_based,3/8,45/64,37/64,nan,5/16,27/64,0.11217117309570312
64,127,0.0100000000000000,0.100000000000000,3,monomial_based,15/32,nan,nan,525/1024,nan,nan,0.9221251010894775
64,127,0.0100000000000000,0.100000000000000,3,list_based,15/32,21/32,3/4,nan,9/32,1/4,0.13958978652954102
64,127,0.0100000000000000,0.100000000000000,4,monomial_based,3/8,nan,nan,2065/4096,nan,nan,1.0223071575164795
64,127,0.0100000000000000,0.100000000000000,4,list_based,5/16,5/8,17/32,nan,25/64,15/32,0.12276291847229004
64,127,0.0100000000000000,0.100000000000000,5,monomial_based,1/2,nan,nan,1039/2048,nan,nan,0.9127910137176514
64,127,0.0100000000000000,0.100000000000000,5,list_based,13/32,39/64,41/64,nan,19/64,23/64,0.11881518363952637
64,127,0.0100000000000000,0.150000000000000,1,monomial_based,17/64,nan,nan,2735/4096,nan,nan,0.8180570602416992
64,127,0.0100000000000000,0.150000000000000,1,list_based,3/16,3/8,1/2,nan,29/64,1/2,0.10576200485229492
64,127,0.0100000000000000,0.150000000000000,2,monomial_based,19/64,nan,nan,171/256,nan,nan,0.7875959873199463
64,127,0.0100000000000000,0.150000000000000,2,list_based,7/32,15/32,31/64,nan,13/32,33/64,0.13753008842468262
64,127,0.0100000000000000,0.150000000000000,3,monomial_based,11/32,nan,nan,2753/4096,nan,nan,0.7810440063476562
64,127,0.0100000000000000,0.150000000000000,3,list_based,17/64,31/64,37/64,nan,27/64,27/64,0.11519980430603027
64,127,0.0100000000000000,0.150000000000000,4,monomial_based,7/32,nan,nan,337/512,nan,nan,0.8074941635131836
64,127,0.0100000000000000,0.150000000000000,4,list_based,11/64,23/64,29/64,nan,33/64,35/64,0.1147310733795166
64,127,0.0100000000000000,0.150000000000000,5,monomial_based,3/8,nan,nan,343/512,nan,nan,0.830812931060791
64,127,0.0100000000000000,0.150000000000000,5,list_based,19/64,33/64,37/64,nan,25/64,27/64,0.11445975303649902
64,127,0.0100000000000000,0.200000000000000,1,monomial_based,1/8,nan,nan,3175/4096,nan,nan,0.8412458896636963
64,127,0.0100000000000000,0.200000000000000,1,list_based,9/64,9/32,7/16,nan,5/8,9/16,0.1052999496459961
64,127,0.0100000000000000,0.200000000000000,2,monomial_based,13/64,nan,nan,1595/2048,nan,nan,0.8085708618164062
64,127,0.0100000000000000,0.200000000000000,2,list_based,9/64,25/64,19/64,nan,31/64,45/64,0.11069273948669434
64,127,0.0100000000000000,0.200000000000000,3,monomial_based,3/16,nan,nan,1593/2048,nan,nan,0.8109729290008545
64,127,0.0100000000000000,0.200000000000000,3,list_based,9/64,3/8,7/16,nan,1/2,9/16,0.11059713363647461
64,127,0.0100000000000000,0.200000000000000,4,monomial_based,9/64,nan,nan,3177/4096,nan,nan,0.8389911651611328
64,127,0.0100000000000000,0.200000000000000,4,list_based,3/32,25/64,19/64,nan,39/64,45/64,0.10635209083557129
64,127,0.0100000000000000,0.200000000000000,5,monomial_based,19/64,nan,nan,799/1024,nan,nan,0.8486599922180176
64,127,0.0100000000000000,0.200000000000000,5,list_based,3/16,3/8,17/32,nan,7/16,15/32,0.11220717430114746
64,127,0.0150000000000000,0.0500000000000000,1,monomial_based,41/64,nan,nan,295/1024,nan,nan,0.8196489810943604
64,127,0.0150000000000000,0.0500000000000000,1,list_based,9/16,45/64,51/64,nan,17/64,13/64,0.10624504089355469
64,127,0.0150000000000000,0.0500000000000000,2,monomial_based,13/16,nan,nan,1195/4096,nan,nan,0.811896800994873
64,127,0.0150000000000000,0.0500000000000000,2,list_based,39/64,53/64,3/4,nan,3/16,1/4,0.10483503341674805
64,127,0.0150000000000000,0.0500000000000000,3,monomial_based,43/64,nan,nan,625/2048,nan,nan,0.8241779804229736
64,127,0.0150000000000000,0.0500000000000000,3,list_based,47/64,27/32,55/64,nan,3/16,9/64,0.10958099365234375
64,127,0.0150000000000000,0.0500000000000000,4,monomial_based,41/64,nan,nan,587/2048,nan,nan,0.873297929763794
64,127,0.0150000000000000,0.0500000000000000,4,list_based,15/32,47/64,11/16,nan,15/64,5/16,0.10696172714233398
64,127,0.0150000000000000,0.0500000000000000,5,monomial_based,23/32,nan,nan,1187/4096,nan,nan,0.8174102306365967
64,127,0.0150000000000000,0.0500000000000000,5,list_based,15/32,21/32,47/64,nan,15/64,9/32,0.11343502998352051
64,127,0.0150000000000000,0.100000000000000,1,monomial_based,25/64,nan,nan,2055/4096,nan,nan,0.9366588592529297
64,127,0.0150000000000000,0.100000000000000,1,list_based,19/64,1/2,21/32,nan,23/64,11/32,0.14708566665649414
64,127,0.0150000000000000,0.100000000000000,2,monomial_based,15/32,nan,nan,1043/2048,nan,nan,0.949199914932251
64,127,0.0150000000000000,0.100000000000000,2,list_based,21/64,37/64,37/64,nan,21/64,27/64,0.12456083297729492
64,127,0.0150000000000000,0.100000000000000,3,monomial_based,1/2,nan,nan,2101/4096,nan,nan,0.9125597476959229
64,127,0.0150000000000000,0.100000000000000,3,list_based,27/64,37/64,3/4,nan,19/64,1/4,0.14417791366577148
64,127,0.0150000000000000,0.100000000000000,4,monomial_based,11/32,nan,nan,1033/2048,nan,nan,0.8074612617492676
64,127,0.0150000000000000,0.100000000000000,4,list_based,9/32,37/64,33/64,nan,13/32,31/64,0.11434793472290039
64,127,0.0150000000000000,0.100000000000000,5,monomial_based,19/32,nan,nan,1039/2048,nan,nan,0.8297710418701172
64,127,0.0150000000000000,0.100000000000000,5,list_based,23/64,37/64,41/64,nan,19/64,23/64,0.11877703666687012
64,127,0.0150000000000000,0.150000000000000,1,monomial_based,7/32,nan,nan,2735/4096,nan,nan,0.8661830425262451
64,127,0.0150000000000000,0.150000000000000,1,list_based,13/64,15/32,1/2,nan,31/64,1/2,0.11896395683288574
64,127,0.0150000000000000,0.150000000000000,2,monomial_based,19/64,nan,nan,171/256,nan,nan,0.8617491722106934
64,127,0.0150000000000000,0.150000000000000,2,list_based,7/32,31/64,31/64,nan,27/64,33/64,0.10604715347290039
64,127,0.0150000000000000,0.150000000000000,3,monomial_based,5/16,nan,nan,2753/4096,nan,nan,0.861196756362915
64,127,0.0150000000000000,0.150000000000000,3,list_based,9/32,15/32,37/64,nan,7/16,27/64,0.11114788055419922
64,127,0.0150000000000000,0.150000000000000,4,monomial_based,7/32,nan,nan,2697/4096,nan,nan,0.905850887298584
64,127,0.0150000000000000,0.150000000000000,4,list_based,7/32,15/32,7/16,nan,17/32,9/16,0.10987591743469238
64,127,0.0150000000000000,0.150000000000000,5,monomial_based,13/32,nan,nan,343/512,nan,nan,0.8189928531646729
64,127,0.0150000000000000,0.150000000000000,5,list_based,17/64,7/16,37/64,nan,25/64,27/64,0.1047520637512207
64,127,0.0150000000000000,0.200000000000000,1,monomial_based,9/64,nan,nan,3175/4096,nan,nan,0.7519443035125732
64,127,0.0150000000000000,0.200000000000000,1,list_based,7/64,19/64,7/16,nan,41/64,9/16,0.10799717903137207
64,127,0.0150000000000000,0.200000000000000,2,monomial_based,11/64,nan,nan,1595/2048,nan,nan,0.8064391613006592
64,127,0.0150000000000000,0.200000000000000,2,list_based,3/32,3/8,19/64,nan,1/2,45/64,0.10888099670410156
64,127,0.0150000000000000,0.200000000000000,3,monomial_based,11/64,nan,nan,1593/2048,nan,nan,0.7489769458770752
64,127,0.0150000000000000,0.200000000000000,3,list_based,1/8,23/64,7/16,nan,1/2,9/16,0.10452413558959961
64,127,0.0150000000000000,0.200000000000000,4,monomial_based,7/64,nan,nan,1589/2048,nan,nan,0.8388311862945557
64,127,0.0150000000000000,0.200000000000000,4,list_based,1/16,21/64,9/32,nan,39/64,23/32,0.10993099212646484
64,127,0.0150000000000000,0.200000000000000,5,monomial_based,15/64,nan,nan,799/1024,nan,nan,0.8322749137878418
64,127,0.0150000000000000,0.200000000000000,5,list_based,7/32,31/64,17/32,nan,7/16,15/32,0.12995696067810059
64,127,0.0200000000000000,0.0500000000000000,1,monomial_based,19/32,nan,nan,1181/4096,nan,nan,0.8072018623352051
64,127,0.0200000000000000,0.0500000000000000,1,list_based,17/32,45/64,51/64,nan,9/32,13/64,0.1050717830657959
64,127,0.0200000000000000,0.0500000000000000,2,monomial_based,49/64,nan,nan,599/2048,nan,nan,0.8223459720611572
64,127,0.0200000000000000,0.0500000000000000,2,list_based,9/16,49/64,3/4,nan,13/64,1/4,0.10448122024536133
64,127,0.0200000000000000,0.0500000000000000,3,monomial_based,43/64,nan,nan,1251/4096,nan,nan,0.8469760417938232
64,127,0.0200000000000000,0.0500000000000000,3,list_based,11/16,51/64,27/32,nan,3/16,5/32,0.10470795631408691
64,127,0.0200000000000000,0.0500000000000000,4,monomial_based,41/64,nan,nan,587/2048,nan,nan,0.8109889030456543
64,127,0.0200000000000000,0.0500000000000000,4,list_based,7/16,47/64,21/32,nan,15/64,11/32,0.11188912391662598
64,127,0.0200000000000000,0.0500000000000000,5,monomial_based,49/64,nan,nan,297/1024,nan,nan,0.8774902820587158
64,127,0.0200000000000000,0.0500000000000000,5,list_based,29/64,5/8,23/32,nan,1/4,19/64,0.10815787315368652
64,127,0.0200000000000000,0.100000000000000,1,monomial_based,23/64,nan,nan,257/512,nan,nan,0.7923569679260254
64,127,0.0200000000000000,0.100000000000000,1,list_based,11/32,37/64,21/32,nan,3/8,11/32,0.11169981956481934
64,127,0.0200000000000000,0.100000000000000,2,monomial_based,27/64,nan,nan,261/512,nan,nan,0.8041348457336426
64,127,0.0200000000000000,0.100000000000000,2,list_based,11/32,43/64,37/64,nan,11/32,27/64,0.10490202903747559
64,127,0.0200000000000000,0.100000000000000,3,monomial_based,15/32,nan,nan,1051/2048,nan,nan,0.7769773006439209
64,127,0.0200000000000000,0.100000000000000,3,list_based,29/64,21/32,47/64,nan,19/64,17/64,0.10414528846740723
64,127,0.0200000000000000,0.100000000000000,4,monomial_based,11/32,nan,nan,1033/2048,nan,nan,0.8204910755157471
64,127,0.0200000000000000,0.100000000000000,4,list_based,1/4,37/64,31/64,nan,13/32,33/64,0.10419821739196777
64,127,0.0200000000000000,0.100000000000000,5,monomial_based,31/64,nan,nan,2079/4096,nan,nan,0.7657768726348877
64,127,0.0200000000000000,0.100000000000000,5,list_based,23/64,5/8,5/8,nan,5/16,3/8,0.10499978065490723
64,127,0.0200000000000000,0.150000000000000,1,monomial_based,7/32,nan,nan,171/256,nan,nan,0.801232099533081
64,127,0.0200000000000000,0.150000000000000,1,list_based,7/64,11/32,1/2,nan,1/2,1/2,0.10370993614196777
64,127,0.0200000000000000,0.150000000000000,2,monomial_based,9/32,nan,nan,2737/4096,nan,nan,0.8166730403900146
64,127,0.0200000000000000,0.150000000000000,2,list_based,13/64,15/32,31/64,nan,7/16,33/64,0.11301183700561523
64,127,0.0200000000000000,0.150000000000000,3,monomial_based,19/64,nan,nan,1377/2048,nan,nan,0.7980139255523682
64,127,0.0200000000000000,0.150000000000000,3,list_based,19/64,17/32,37/64,nan,7/16,27/64,0.11417603492736816
64,127,0.0200000000000000,0.150000000000000,4,monomial_based,9/64,nan,nan,2697/4096,nan,nan,0.8670470714569092
64,127,0.0200000000000000,0.150000000000000,4,list_based,5/32,31/64,27/64,nan,17/32,37/64,0.1361370086669922
64,127,0.0200000000000000,0.150000000000000,5,monomial_based,25/64,nan,nan,343/512,nan,nan,0.862591028213501
64,127,0.0200000000000000,0.150000000000000,5,list_based,13/64,13/32,9/16,nan,13/32,7/16,0.11972999572753906
64,127,0.0200000000000000,0.200000000000000,1,monomial_based,1/8,nan,nan,397/512,nan,nan,0.8413889408111572
64,127,0.0200000000000000,0.200000000000000,1,list_based,9/64,21/64,7/16,nan,41/64,9/16,0.1093292236328125
64,127,0.0200000000000000,0.200000000000000,2,monomial_based,13/64,nan,nan,3191/4096,nan,nan,0.8472151756286621
64,127,0.0200000000000000,0.200000000000000,2,list_based,5/64,19/64,19/64,nan,33/64,45/64,0.1054990291595459
64,127,0.0200000000000000,0.200000000000000,3,monomial_based,5/32,nan,nan,1593/2048,nan,nan,0.7994890213012695
64,127,0.0200000000000000,0.200000000000000,3,list_based,11/64,25/64,7/16,nan,1/2,9/16,0.12569904327392578
64,127,0.0200000000000000,0.200000000000000,4,monomial_based,3/32,nan,nan,1589/2048,nan,nan,1.0584423542022705
64,127,0.0200000000000000,0.200000000000000,4,list_based,1/32,1/4,9/32,nan,39/64,23/32,0.11878013610839844
64,127,0.0200000000000000,0.200000000000000,5,monomial_based,9/32,nan,nan,799/1024,nan,nan,0.9341268539428711
64,127,0.0200000000000000,0.200000000000000,5,list_based,15/64,11/32,33/64,nan,29/64,31/64,0.1293039321899414
124,5,0.00500000000000000,0.0500000000000000,1,monomial_based,37/124,nan,nan,17/124,nan,nan,0.5478222370147705
124,5,0.00500000000000000,0.0500000000000000,1,list_based,55/62,111/124,123/124,nan,7/62,5/124,0.1358790397644043
124,5,0.00500000000000000,0.0500000000000000,2,monomial_based,8/31,nan,nan,2235/15376,nan,nan,0.49854516983032227
124,5,0.00500000000000000,0.0500000000000000,2,list_based,97/124,25/31,59/62,nan,11/62,3/31,0.14057278633117676
124,5,0.00500000000000000,0.0500000000000000,3,monomial_based,9/31,nan,nan,2213/15376,nan,nan,0.4686310291290283
124,5,0.00500000000000000,0.0500000000000000,3,list_based,51/62,27/31,57/62,nan,19/124,7/62,0.13713788986206055
124,5,0.00500000000000000,0.0500000000000000,4,monomial_based,11/31,nan,nan,1053/7688,nan,nan,0.48796916007995605
124,5,0.00500000000000000,0.0500000000000000,4,list_based,39/62,41/62,59/62,nan,29/124,17/124,0.13944721221923828
124,5,0.00500000000000000,0.0500000000000000,5,monomial_based,45/124,nan,nan,2239/15376,nan,nan,0.44779396057128906
124,5,0.00500000000000000,0.0500000000000000,5,list_based,26/31,55/62,117/124,nan,11/62,4/31,0.1710219383239746
124,5,0.00500000000000000,0.100000000000000,1,monomial_based,17/124,nan,nan,4077/15376,nan,nan,0.45648193359375
124,5,0.00500000000000000,0.100000000000000,1,list_based,41/62,43/62,59/62,nan,19/62,5/31,0.14084410667419434
124,5,0.00500000000000000,0.100000000000000,2,monomial_based,17/124,nan,nan,2115/7688,nan,nan,0.4479057788848877
124,5,0.00500000000000000,0.100000000000000,2,list_based,41/62,87/124,115/124,nan,33/124,9/62,0.16046690940856934
124,5,0.00500000000000000,0.100000000000000,3,monomial_based,19/124,nan,nan,2067/7688,nan,nan,0.44454121589660645
124,5,0.00500000000000000,0.100000000000000,3,list_based,21/31,91/124,55/62,nan,8/31,11/62,0.13715195655822754
124,5,0.00500000000000000,0.100000000000000,4,monomial_based,23/124,nan,nan,2017/7688,nan,nan,0.4578061103820801
124,5,0.00500000000000000,0.100000000000000,4,list_based,63/124,69/124,29/31,nan,12/31,11/62,0.16363906860351562
124,5,0.00500000000000000,0.100000000000000,5,monomial_based,1/4,nan,nan,4161/15376,nan,nan,0.432758092880249
124,5,0.00500000000000000,0.100000000000000,5,list_based,75/124,20/31,115/124,nan,39/124,5/31,0.13071298599243164
124,5,0.00500000000000000,0.150000000000000,1,monomial_based,4/31,nan,nan,5865/15376,nan,nan,0.4562060832977295
124,5,0.00500000000000000,0.150000000000000,1,list_based,13/31,59/124,113/124,nan,13/31,27/124,0.16121602058410645
124,5,0.00500000000000000,0.150000000000000,2,monomial_based,3/31,nan,nan,97/248,nan,nan,0.40981507301330566
124,5,0.00500000000000000,0.150000000000000,2,list_based,13/31,14/31,28/31,nan,53/124,6/31,0.13518214225769043
124,5,0.00500000000000000,0.150000000000000,3,monomial_based,2/31,nan,nan,1469/3844,nan,nan,0.4104011058807373
124,5,0.00500000000000000,0.150000000000000,3,list_based,17/31,19/31,107/124,nan,43/124,7/31,0.15990591049194336
124,5,0.00500000000000000,0.150000000000000,4,monomial_based,7/62,nan,nan,5793/15376,nan,nan,0.41637301445007324
124,5,0.00500000000000000,0.150000000000000,4,list_based,14/31,61/124,111/124,nan,55/124,29/124,0.13454890251159668
124,5,0.00500000000000000,0.150000000000000,5,monomial_based,9/62,nan,nan,743/1922,nan,nan,0.4339120388031006
124,5,0.00500000000000000,0.150000000000000,5,list_based,13/31,59/124,28/31,nan,14/31,13/62,0.17296385765075684
124,5,0.00500000000000000,0.200000000000000,1,monomial_based,5/124,nan,nan,3725/7688,nan,nan,0.4146099090576172
124,5,0.00500000000000000,0.200000000000000,1,list_based,41/124,43/124,27/31,nan,35/62,19/62,0.13259005546569824
124,5,0.00500000000000000,0.200000000000000,2,monomial_based,5/124,nan,nan,476/961,nan,nan,0.4021902084350586
124,5,0.00500000000000000,0.200000000000000,2,list_based,11/31,51/124,105/124,nan,29/62,8/31,0.13523507118225098
124,5,0.00500000000000000,0.200000000000000,3,monomial_based,5/124,nan,nan,7489/15376,nan,nan,0.4234323501586914
124,5,0.00500000000000000,0.200000000000000,3,list_based,47/124,55/124,26/31,nan,27/62,9/31,0.13006019592285156
124,5,0.00500000000000000,0.200000000000000,4,monomial_based,5/62,nan,nan,7373/15376,nan,nan,0.5463783740997314
124,5,0.00500000000000000,0.200000000000000,4,list_based,9/31,21/62,51/62,nan,17/31,45/124,0.14988112449645996
124,5,0.00500000000000000,0.200000000000000,5,monomial_based,7/124,nan,nan,939/1922,nan,nan,0.42074084281921387
124,5,0.00500000000000000,0.200000000000000,5,list_based,19/62,43/124,107/124,nan,33/62,33/124,0.139739990234375
124,5,0.0100000000000000,0.0500000000000000,1,monomial_based,17/62,nan,nan,2109/15376,nan,nan,0.46779799461364746
124,5,0.0100000000000000,0.0500000000000000,1,list_based,27/31,55/62,61/62,nan,17/124,5/124,0.1316239833831787
124,5,0.0100000000000000,0.0500000000000000,2,monomial_based,17/62,nan,nan,2235/15376,nan,nan,0.4530758857727051
124,5,0.0100000000000000,0.0500000000000000,2,list_based,3/4,25/31,115/124,nan,13/62,3/31,0.13409209251403809
124,5,0.0100000000000000,0.0500000000000000,3,monomial_based,9/31,nan,nan,1107/7688,nan,nan,0.46349596977233887
124,5,0.0100000000000000,0.0500000000000000,3,list_based,95/124,101/124,115/124,nan,13/62,15/124,0.12625479698181152
124,5,0.0100000000000000,0.0500000000000000,4,monomial_based,37/124,nan,nan,2107/15376,nan,nan,0.4604051113128662
124,5,0.0100000000000000,0.0500000000000000,4,list_based,19/31,21/31,113/124,nan,15/62,9/62,0.1269690990447998
124,5,0.0100000000000000,0.0500000000000000,5,monomial_based,43/124,nan,nan,2239/15376,nan,nan,0.4279141426086426
124,5,0.0100000000000000,0.0500000000000000,5,list_based,51/62,107/124,59/62,nan,23/124,4/31,0.1284008026123047
124,5,0.0100000000000000,0.100000000000000,1,monomial_based,4/31,nan,nan,2039/7688,nan,nan,0.4419429302215576
124,5,0.0100000000000000,0.100000000000000,1,list_based,20/31,83/124,59/62,nan,39/124,5/31,0.1261129379272461
124,5,0.0100000000000000,0.100000000000000,2,monomial_based,4/31,nan,nan,2115/7688,nan,nan,0.4063551425933838
124,5,0.0100000000000000,0.100000000000000,2,list_based,41/62,87/124,115/124,nan,9/31,9/62,0.12948083877563477
124,5,0.0100000000000000,0.100000000000000,3,monomial_based,11/62,nan,nan,4135/15376,nan,nan,0.4278688430786133
124,5,0.0100000000000000,0.100000000000000,3,list_based,18/31,39/62,109/124,nan,37/124,23/124,0.12644577026367188
124,5,0.0100000000000000,0.100000000000000,4,monomial_based,27/124,nan,nan,4035/15376,nan,nan,0.4110867977142334
124,5,0.0100000000000000,0.100000000000000,4,list_based,63/124,71/124,115/124,nan,49/124,23/124,0.12787771224975586
124,5,0.0100000000000000,0.100000000000000,5,monomial_based,15/62,nan,nan,4161/15376,nan,nan,0.42829179763793945
124,5,0.0100000000000000,0.100000000000000,5,list_based,37/62,20/31,115/124,nan,10/31,5/31,0.1265120506286621
124,5,0.0100000000000000,0.150000000000000,1,monomial_based,17/124,nan,nan,2933/7688,nan,nan,0.4189119338989258
124,5,0.0100000000000000,0.150000000000000,1,list_based,55/124,1/2,113/124,nan,53/124,27/124,0.12466883659362793
124,5,0.0100000000000000,0.150000000000000,2,monomial_based,3/31,nan,nan,97/248,nan,nan,0.3959951400756836
124,5,0.0100000000000000,0.150000000000000,2,list_based,27/62,29/62,28/31,nan,55/124,6/31,0.12757492065429688
124,5,0.0100000000000000,0.150000000000000,3,monomial_based,3/62,nan,nan,5877/15376,nan,nan,0.43961620330810547
124,5,0.0100000000000000,0.150000000000000,3,list_based,1/2,67/124,53/62,nan,12/31,29/124,0.12663888931274414
124,5,0.0100000000000000,0.150000000000000,4,monomial_based,11/124,nan,nan,2897/7688,nan,nan,0.44434690475463867
124,5,0.0100000000000000,0.150000000000000,4,list_based,12/31,53/124,55/62,nan,14/31,15/62,0.12750601768493652
124,5,0.0100000000000000,0.150000000000000,5,monomial_based,17/124,nan,nan,743/1922,nan,nan,0.3997468948364258
124,5,0.0100000000000000,0.150000000000000,5,list_based,49/124,55/124,28/31,nan,57/124,13/62,0.13293910026550293
124,5,0.0100000000000000,0.200000000000000,1,monomial_based,2/31,nan,nan,7451/15376,nan,nan,0.4306778907775879
124,5,0.0100000000000000,0.200000000000000,1,list_based,17/62,19/62,27/31,nan,71/124,19/62,0.1377248764038086
124,5,0.0100000000000000,0.200000000000000,2,monomial_based,3/62,nan,nan,476/961,nan,nan,0.3929290771484375
124,5,0.0100000000000000,0.200000000000000,2,list_based,21/62,12/31,105/124,nan,15/31,8/31,0.16738104820251465
124,5,0.0100000000000000,0.200000000000000,3,monomial_based,5/124,nan,nan,3745/7688,nan,nan,0.44649600982666016
124,5,0.0100000000000000,0.200000000000000,3,list_based,49/124,57/124,103/124,nan,59/124,37/124,0.14806103706359863
124,5,0.0100000000000000,0.200000000000000,4,monomial_based,13/124,nan,nan,3687/7688,nan,nan,0.5511579513549805
124,5,0.0100000000000000,0.200000000000000,4,list_based,19/62,45/124,101/124,nan,69/124,23/62,0.1477649211883545
124,5,0.0100000000000000,0.200000000000000,5,monomial_based,9/124,nan,nan,939/1922,nan,nan,0.5043141841888428
124,5,0.0100000000000000,0.200000000000000,5,list_based,29/124,37/124,107/124,nan,67/124,33/124,0.14335298538208008
124,5,0.0150000000000000,0.0500000000000000,1,monomial_based,35/124,nan,nan,2109/15376,nan,nan,0.5189969539642334
124,5,0.0150000000000000,0.0500000000000000,1,list_based,109/124,55/62,123/124,nan,17/124,5/124,0.14662480354309082
124,5,0.0150000000000000,0.0500000000000000,2,monomial_based,15/62,nan,nan,2237/15376,nan,nan,0.4576601982116699
124,5,0.0150000000000000,0.0500000000000000,2,list_based,87/124,89/124,59/62,nan,15/62,3/31,0.12615418434143066
124,5,0.0150000000000000,0.0500000000000000,3,monomial_based,37/124,nan,nan,2215/15376,nan,nan,0.46096086502075195
124,5,0.0150000000000000,0.0500000000000000,3,list_based,23/31,101/124,28/31,nan,7/31,4/31,0.12864208221435547
124,5,0.0150000000000000,0.0500000000000000,4,monomial_based,10/31,nan,nan,2107/15376,nan,nan,0.46656107902526855
124,5,0.0150000000000000,0.0500000000000000,4,list_based,81/124,21/31,117/124,nan,35/124,9/62,0.1281270980834961
124,5,0.0150000000000000,0.0500000000000000,5,monomial_based,15/62,nan,nan,1121/7688,nan,nan,0.4853780269622803
124,5,0.0150000000000000,0.0500000000000000,5,list_based,22/31,95/124,117/124,nan,7/31,4/31,0.13970184326171875
124,5,0.0150000000000000,0.100000000000000,1,monomial_based,15/124,nan,nan,2039/7688,nan,nan,0.46084094047546387
124,5,0.0150000000000000,0.100000000000000,1,list_based,73/124,19/31,59/62,nan,39/124,5/31,0.13244199752807617
124,5,0.0150000000000000,0.100000000000000,2,monomial_based,9/62,nan,nan,529/1922,nan,nan,0.46034693717956543
124,5,0.0150000000000000,0.100000000000000,2,list_based,77/124,83/124,115/124,nan,10/31,9/62,0.1358346939086914
124,5,0.0150000000000000,0.100000000000000,3,monomial_based,21/124,nan,nan,517/1922,nan,nan,0.45140576362609863
124,5,0.0150000000000000,0.100000000000000,3,list_based,18/31,20/31,27/31,nan,39/124,6/31,0.1296708583831787
124,5,0.0150000000000000,0.100000000000000,4,monomial_based,6/31,nan,nan,4035/15376,nan,nan,0.47736287117004395
124,5,0.0150000000000000,0.100000000000000,4,list_based,49/124,53/124,115/124,nan,53/124,23/124,0.12828803062438965
124,5,0.0150000000000000,0.100000000000000,5,monomial_based,27/124,nan,nan,1041/3844,nan,nan,0.4802701473236084
124,5,0.0150000000000000,0.100000000000000,5,list_based,67/124,18/31,115/124,nan,45/124,5/31,0.14125823974609375
124,5,0.0150000000000000,0.150000000000000,1,monomial_based,13/124,nan,nan,2933/7688,nan,nan,0.46329402923583984
124,5,0.0150000000000000,0.150000000000000,1,list_based,47/124,55/124,113/124,nan,53/124,27/124,0.13874363899230957
124,5,0.0150000000000000,0.150000000000000,2,monomial_based,11/124,nan,nan,376/961,nan,nan,0.42362475395202637
124,5,0.0150000000000000,0.150000000000000,2,list_based,23/62,51/124,111/124,nan,59/124,6/31,0.14168119430541992
124,5,0.0150000000000000,0.150000000000000,3,monomial_based,5/62,nan,nan,2939/7688,nan,nan,0.44727182388305664
124,5,0.0150000000000000,0.150000000000000,3,list_based,27/62,63/124,53/62,nan,12/31,15/62,0.13119006156921387
124,5,0.0150000000000000,0.150000000000000,4,monomial_based,11/124,nan,nan,2897/7688,nan,nan,0.4320037364959717
124,5,0.0150000000000000,0.150000000000000,4,list_based,41/124,23/62,55/62,nan,59/124,15/62,0.12998509407043457
124,5,0.0150000000000000,0.150000000000000,5,monomial_based,4/31,nan,nan,5947/15376,nan,nan,0.4029371738433838
124,5,0.0150000000000000,0.150000000000000,5,list_based,23/62,51/124,28/31,nan,1/2,13/62,0.13290810585021973
124,5,0.0150000000000000,0.200000000000000,1,monomial_based,5/124,nan,nan,7451/15376,nan,nan,0.4210481643676758
124,5,0.0150000000000000,0.200000000000000,1,list_based,1/4,33/124,27/31,nan,71/124,19/62,0.13301301002502441
124,5,0.0150000000000000,0.200000000000000,2,monomial_based,7/124,nan,nan,7617/15376,nan,nan,0.392488956451416
124,5,0.0150000000000000,0.200000000000000,2,list_based,10/31,11/31,105/124,nan,16/31,8/31,0.1403510570526123
124,5,0.0150000000000000,0.200000000000000,3,monomial_based,1/31,nan,nan,7491/15376,nan,nan,0.436478853225708
124,5,0.0150000000000000,0.200000000000000,3,list_based,43/124,13/31,51/62,nan,59/124,19/62,0.1297898292541504
124,5,0.0150000000000000,0.200000000000000,4,monomial_based,2/31,nan,nan,3687/7688,nan,nan,0.39345598220825195
124,5,0.0150000000000000,0.200000000000000,4,list_based,8/31,37/124,101/124,nan,18/31,23/62,0.1529538631439209
124,5,0.0150000000000000,0.200000000000000,5,monomial_based,1/31,nan,nan,7515/15376,nan,nan,0.3906869888305664
124,5,0.0150000000000000,0.200000000000000,5,list_based,7/31,1/4,107/124,nan,18/31,33/124,0.13016223907470703
124,5,0.0200000000000000,0.0500000000000000,1,monomial_based,33/124,nan,nan,2109/15376,nan,nan,0.4712648391723633
124,5,0.0200000000000000,0.0500000000000000,1,list_based,25/31,51/62,61/62,nan,9/62,3/62,0.13221311569213867
124,5,0.0200000000000000,0.0500000000000000,2,monomial_based,15/62,nan,nan,1119/7688,nan,nan,0.47948503494262695
124,5,0.0200000000000000,0.0500000000000000,2,list_based,43/62,22/31,117/124,nan,15/62,13/124,0.13400793075561523
124,5,0.0200000000000000,0.0500000000000000,3,monomial_based,7/31,nan,nan,2215/15376,nan,nan,0.4627063274383545
124,5,0.0200000000000000,0.0500000000000000,3,list_based,81/124,89/124,111/124,nan,1/4,17/124,0.12671208381652832
124,5,0.0200000000000000,0.0500000000000000,4,monomial_based,37/124,nan,nan,17/124,nan,nan,0.4298250675201416
124,5,0.0200000000000000,0.0500000000000000,4,list_based,18/31,75/124,115/124,nan,9/31,5/31,0.12713909149169922
124,5,0.0200000000000000,0.0500000000000000,5,monomial_based,33/124,nan,nan,2243/15376,nan,nan,0.4552161693572998
124,5,0.0200000000000000,0.0500000000000000,5,list_based,81/124,89/124,115/124,nan,1/4,17/124,0.12714886665344238
124,5,0.0200000000000000,0.100000000000000,1,monomial_based,4/31,nan,nan,2039/7688,nan,nan,0.45166611671447754
124,5,0.0200000000000000,0.100000000000000,1,list_based,79/124,41/62,117/124,nan,10/31,21/124,0.13735604286193848
124,5,0.0200000000000000,0.100000000000000,2,monomial_based,9/62,nan,nan,529/1922,nan,nan,0.4309580326080322
124,5,0.0200000000000000,0.100000000000000,2,list_based,73/124,77/124,57/62,nan,10/31,19/124,0.1343998908996582
124,5,0.0200000000000000,0.100000000000000,3,monomial_based,7/62,nan,nan,517/1922,nan,nan,0.44377970695495605
124,5,0.0200000000000000,0.100000000000000,3,list_based,65/124,77/124,107/124,nan,21/62,25/124,0.12950611114501953
124,5,0.0200000000000000,0.100000000000000,4,monomial_based,23/124,nan,nan,1009/3844,nan,nan,0.4534111022949219
124,5,0.0200000000000000,0.100000000000000,4,list_based,29/62,61/124,113/124,nan,27/62,25/124,0.14421319961547852
124,5,0.0200000000000000,0.100000000000000,5,monomial_based,29/124,nan,nan,4165/15376,nan,nan,0.5056052207946777
124,5,0.0200000000000000,0.100000000000000,5,list_based,15/31,67/124,113/124,nan,12/31,21/124,0.136458158493042
124,5,0.0200000000000000,0.150000000000000,1,monomial_based,11/124,nan,nan,2933/7688,nan,nan,0.4167799949645996
124,5,0.0200000000000000,0.150000000000000,1,list_based,59/124,65/124,113/124,nan,27/62,7/31,0.13486409187316895
124,5,0.0200000000000000,0.150000000000000,2,monomial_based,5/62,nan,nan,376/961,nan,nan,0.430819034576416
124,5,0.0200000000000000,0.150000000000000,2,list_based,25/62,27/62,111/124,nan,59/124,25/124,0.12987279891967773
124,5,0.0200000000000000,0.150000000000000,3,monomial_based,7/124,nan,nan,2939/7688,nan,nan,0.4095637798309326
124,5,0.0200000000000000,0.150000000000000,3,list_based,57/124,16/31,105/124,nan,51/124,1/4,0.15386486053466797
124,5,0.0200000000000000,0.150000000000000,4,monomial_based,5/62,nan,nan,5795/15376,nan,nan,0.40290212631225586
124,5,0.0200000000000000,0.150000000000000,4,list_based,49/124,27/62,27/31,nan,15/31,8/31,0.1274399757385254
124,5,0.0200000000000000,0.150000000000000,5,monomial_based,17/124,nan,nan,1487/3844,nan,nan,0.42995476722717285
124,5,0.0200000000000000,0.150000000000000,5,list_based,11/31,51/124,55/62,nan,63/124,27/124,0.13881802558898926
124,5,0.0200000000000000,0.200000000000000,1,monomial_based,5/62,nan,nan,7451/15376,nan,nan,0.391948938369751
124,5,0.0200000000000000,0.200000000000000,1,list_based,27/124,33/124,107/124,nan,71/124,39/124,0.12830209732055664
124,5,0.0200000000000000,0.200000000000000,2,monomial_based,7/124,nan,nan,7617/15376,nan,nan,0.4127211570739746
124,5,0.0200000000000000,0.200000000000000,2,list_based,10/31,11/31,26/31,nan,16/31,33/124,0.12855005264282227
124,5,0.0200000000000000,0.200000000000000,3,monomial_based,2/31,nan,nan,7491/15376,nan,nan,0.3862168788909912
124,5,0.0200000000000000,0.200000000000000,3,list_based,11/31,27/62,101/124,nan,1/2,39/124,0.13312387466430664
124,5,0.0200000000000000,0.200000000000000,4,monomial_based,2/31,nan,nan,7375/15376,nan,nan,0.4340348243713379
124,5,0.0200000000000000,0.200000000000000,4,list_based,15/62,17/62,99/124,nan,18/31,12/31,0.1298210620880127
124,5,0.0200000000000000,0.200000000000000,5,monomial_based,3/124,nan,nan,7515/15376,nan,nan,0.4250509738922119
124,5,0.0200000000000000,0.200000000000000,5,list_based,33/124,41/124,105/124,nan,73/124,17/62,0.14310812950134277
124,11,0.00500000000000000,0.0500000000000000,1,monomial_based,47/124,nan,nan,2871/15376,nan,nan,0.5970680713653564
124,11,0.00500000000000000,0.0500000000000000,1,list_based,24/31,101/124,59/62,nan,21/124,9/124,0.13241004943847656
124,11,0.00500000000000000,0.0500000000000000,2,monomial_based,55/124,nan,nan,1439/7688,nan,nan,0.6067960262298584
124,11,0.00500000000000000,0.0500000000000000,2,list_based,85/124,47/62,111/124,nan,29/124,9/62,0.14984822273254395
124,11,0.00500000000000000,0.0500000000000000,3,monomial_based,12/31,nan,nan,701/3844,nan,nan,0.6682291030883789
124,11,0.00500000000000000,0.0500000000000000,3,list_based,47/62,27/31,27/31,nan,15/124,4/31,0.15944504737854004
124,11,0.00500000000000000,0.0500000000000000,4,monomial_based,29/62,nan,nan,691/3844,nan,nan,0.6496891975402832
124,11,0.00500000000000000,0.0500000000000000,4,list_based,69/124,21/31,107/124,nan,27/124,19/124,0.1393129825592041
124,11,0.00500000000000000,0.0500000000000000,5,monomial_based,53/124,nan,nan,2785/15376,nan,nan,0.6073400974273682
124,11,0.00500000000000000,0.0500000000000000,5,list_based,91/124,97/124,57/62,nan,21/124,7/62,0.14584994316101074
124,11,0.00500000000000000,0.100000000000000,1,monomial_based,13/62,nan,nan,5279/15376,nan,nan,0.60028076171875
124,11,0.00500000000000000,0.100000000000000,1,list_based,35/62,20/31,27/31,nan,37/124,23/124,0.14485597610473633
124,11,0.00500000000000000,0.100000000000000,2,monomial_based,25/124,nan,nan,5321/15376,nan,nan,0.6018860340118408
124,11,0.00500000000000000,0.100000000000000,2,list_based,33/62,37/62,105/124,nan,21/62,27/124,0.1388859748840332
124,11,0.00500000000000000,0.100000000000000,3,monomial_based,15/62,nan,nan,5197/15376,nan,nan,0.6234099864959717
124,11,0.00500000000000000,0.100000000000000,3,list_based,15/31,77/124,49/62,nan,37/124,1/4,0.16832304000854492
124,11,0.00500000000000000,0.100000000000000,4,monomial_based,1/4,nan,nan,647/1922,nan,nan,0.8238630294799805
124,11,0.00500000000000000,0.100000000000000,4,list_based,12/31,33/62,49/62,nan,51/124,15/62,0.18260502815246582
124,11,0.00500000000000000,0.100000000000000,5,monomial_based,13/62,nan,nan,85/248,nan,nan,0.6677048206329346
124,11,0.00500000000000000,0.100000000000000,5,list_based,18/31,20/31,109/124,nan,9/31,11/62,0.14936113357543945
124,11,0.00500000000000000,0.150000000000000,1,monomial_based,15/124,nan,nan,7369/15376,nan,nan,0.5842561721801758
124,11,0.00500000000000000,0.150000000000000,1,list_based,9/31,47/124,24/31,nan,55/124,9/31,0.14228200912475586
124,11,0.00500000000000000,0.150000000000000,2,monomial_based,9/124,nan,nan,3701/7688,nan,nan,0.5907320976257324
124,11,0.00500000000000000,0.150000000000000,2,list_based,41/124,59/124,45/62,nan,55/124,21/62,0.13667726516723633
124,11,0.00500000000000000,0.150000000000000,3,monomial_based,21/124,nan,nan,1795/3844,nan,nan,0.5522470474243164
124,11,0.00500000000000000,0.150000000000000,3,list_based,13/31,33/62,3/4,nan,13/31,19/62,0.13049817085266113
124,11,0.00500000000000000,0.150000000000000,4,monomial_based,19/124,nan,nan,7195/15376,nan,nan,0.5377399921417236
124,11,0.00500000000000000,0.150000000000000,4,list_based,39/124,51/124,3/4,nan,1/2,43/124,0.12903785705566406
124,11,0.00500000000000000,0.150000000000000,5,monomial_based,5/31,nan,nan,7335/15376,nan,nan,0.5354959964752197
124,11,0.00500000000000000,0.150000000000000,5,list_based,12/31,59/124,51/62,nan,27/62,29/124,0.12933683395385742
124,11,0.00500000000000000,0.200000000000000,1,monomial_based,2/31,nan,nan,9089/15376,nan,nan,0.5181372165679932
124,11,0.00500000000000000,0.200000000000000,1,list_based,35/124,11/31,23/31,nan,35/62,11/31,0.12960004806518555
124,11,0.00500000000000000,0.200000000000000,2,monomial_based,7/124,nan,nan,4561/7688,nan,nan,0.5261828899383545
124,11,0.00500000000000000,0.200000000000000,2,list_based,8/31,47/124,85/124,nan,63/124,55/124,0.13026881217956543
124,11,0.00500000000000000,0.200000000000000,3,monomial_based,5/31,nan,nan,559/961,nan,nan,0.5245921611785889
124,11,0.00500000000000000,0.200000000000000,3,list_based,39/124,14/31,85/124,nan,16/31,12/31,0.1550920009613037
124,11,0.00500000000000000,0.200000000000000,4,monomial_based,3/31,nan,nan,8955/15376,nan,nan,0.6063411235809326
124,11,0.00500000000000000,0.200000000000000,4,list_based,9/62,29/124,85/124,nan,83/124,12/31,0.14910483360290527
124,11,0.00500000000000000,0.200000000000000,5,monomial_based,7/124,nan,nan,9085/15376,nan,nan,0.5861897468566895
124,11,0.00500000000000000,0.200000000000000,5,list_based,19/62,47/124,3/4,nan,65/124,45/124,0.16767215728759766
124,11,0.0100000000000000,0.0500000000000000,1,monomial_based,47/124,nan,nan,1437/7688,nan,nan,0.6213550567626953
124,11,0.0100000000000000,0.0500000000000000,1,list_based,43/62,3/4,29/31,nan,6/31,5/62,0.13683700561523438
124,11,0.0100000000000000,0.0500000000000000,2,monomial_based,53/124,nan,nan,180/961,nan,nan,0.5824310779571533
124,11,0.0100000000000000,0.0500000000000000,2,list_based,35/62,79/124,55/62,nan,8/31,9/62,0.1401820182800293
124,11,0.0100000000000000,0.0500000000000000,3,monomial_based,53/124,nan,nan,701/3844,nan,nan,0.6158990859985352
124,11,0.0100000000000000,0.0500000000000000,3,list_based,45/62,103/124,27/31,nan,9/62,17/124,0.14177894592285156
124,11,0.0100000000000000,0.0500000000000000,4,monomial_based,63/124,nan,nan,691/3844,nan,nan,0.6085271835327148
124,11,0.0100000000000000,0.0500000000000000,4,list_based,33/62,41/62,53/62,nan,1/4,5/31,0.138718843460083
124,11,0.0100000000000000,0.0500000000000000,5,monomial_based,11/31,nan,nan,1393/7688,nan,nan,0.6199028491973877
124,11,0.0100000000000000,0.0500000000000000,5,list_based,22/31,97/124,109/124,nan,11/62,17/124,0.14283299446105957
124,11,0.0100000000000000,0.100000000000000,1,monomial_based,13/62,nan,nan,2641/7688,nan,nan,0.6073918342590332
124,11,0.0100000000000000,0.100000000000000,1,list_based,15/31,69/124,107/124,nan,10/31,6/31,0.13684725761413574
124,11,0.0100000000000000,0.100000000000000,2,monomial_based,11/62,nan,nan,5323/15376,nan,nan,0.5435259342193604
124,11,0.0100000000000000,0.100000000000000,2,list_based,33/62,73/124,105/124,nan,11/31,27/124,0.13859891891479492
124,11,0.0100000000000000,0.100000000000000,3,monomial_based,25/124,nan,nan,5197/15376,nan,nan,0.5716230869293213
124,11,0.0100000000000000,0.100000000000000,3,list_based,29/62,73/124,97/124,nan,19/62,8/31,0.15075993537902832
124,11,0.0100000000000000,0.100000000000000,4,monomial_based,33/124,nan,nan,647/1922,nan,nan,0.6080000400543213
124,11,0.0100000000000000,0.100000000000000,4,list_based,45/124,1/2,97/124,nan,55/124,1/4,0.13943195343017578
124,11,0.0100000000000000,0.100000000000000,5,monomial_based,25/124,nan,nan,5271/15376,nan,nan,0.6490013599395752
124,11,0.0100000000000000,0.100000000000000,5,list_based,17/31,79/124,53/62,nan,37/124,25/124,0.14182806015014648
124,11,0.0100000000000000,0.150000000000000,1,monomial_based,4/31,nan,nan,1843/3844,nan,nan,0.5491080284118652
124,11,0.0100000000000000,0.150000000000000,1,list_based,21/62,49/124,97/124,nan,57/124,37/124,0.15443992614746094
124,11,0.0100000000000000,0.150000000000000,2,monomial_based,5/62,nan,nan,1851/3844,nan,nan,0.5107991695404053
124,11,0.0100000000000000,0.150000000000000,2,list_based,45/124,29/62,47/62,nan,57/124,21/62,0.13262009620666504
124,11,0.0100000000000000,0.150000000000000,3,monomial_based,11/62,nan,nan,1795/3844,nan,nan,0.5576419830322266
124,11,0.0100000000000000,0.150000000000000,3,list_based,51/124,65/124,3/4,nan,53/124,39/124,0.1292881965637207
124,11,0.0100000000000000,0.150000000000000,4,monomial_based,9/62,nan,nan,7195/15376,nan,nan,0.5357358455657959
124,11,0.0100000000000000,0.150000000000000,4,list_based,6/31,39/124,89/124,nan,33/62,11/31,0.12718605995178223
124,11,0.0100000000000000,0.150000000000000,5,monomial_based,15/124,nan,nan,7335/15376,nan,nan,0.5420839786529541
124,11,0.0100000000000000,0.150000000000000,5,list_based,51/124,63/124,25/31,nan,55/124,8/31,0.1323549747467041
124,11,0.0100000000000000,0.200000000000000,1,monomial_based,5/62,nan,nan,9091/15376,nan,nan,0.5089390277862549
124,11,0.0100000000000000,0.200000000000000,1,list_based,1/4,37/124,91/124,nan,18/31,45/124,0.14223098754882812
124,11,0.0100000000000000,0.200000000000000,2,monomial_based,2/31,nan,nan,2281/3844,nan,nan,0.5697879791259766
124,11,0.0100000000000000,0.200000000000000,2,list_based,35/124,12/31,85/124,nan,65/124,55/124,0.142333984375
124,11,0.0100000000000000,0.200000000000000,3,monomial_based,4/31,nan,nan,559/961,nan,nan,0.5340259075164795
124,11,0.0100000000000000,0.200000000000000,3,list_based,33/124,43/124,21/31,nan,65/124,49/124,0.15938305854797363
124,11,0.0100000000000000,0.200000000000000,4,monomial_based,11/124,nan,nan,8955/15376,nan,nan,0.523313045501709
124,11,0.0100000000000000,0.200000000000000,4,list_based,7/62,25/124,21/31,nan,85/124,49/124,0.13337492942810059
124,11,0.0100000000000000,0.200000000000000,5,monomial_based,2/31,nan,nan,9085/15376,nan,nan,0.5299098491668701
124,11,0.0100000000000000,0.200000000000000,5,list_based,35/124,23/62,45/62,nan,33/62,47/124,0.13467693328857422
124,11,0.0150000000000000,0.0500000000000000,1,monomial_based,47/124,nan,nan,2877/15376,nan,nan,0.6552269458770752
124,11,0.0150000000000000,0.0500000000000000,1,list_based,43/62,95/124,113/124,nan,25/124,13/124,0.13190293312072754
124,11,0.0150000000000000,0.0500000000000000,2,monomial_based,55/124,nan,nan,2881/15376,nan,nan,0.6255998611450195
124,11,0.0150000000000000,0.0500000000000000,2,list_based,37/62,81/124,111/124,nan,9/31,9/62,0.14268994331359863
124,11,0.0150000000000000,0.0500000000000000,3,monomial_based,51/124,nan,nan,701/3844,nan,nan,0.6423029899597168
124,11,0.0150000000000000,0.0500000000000000,3,list_based,83/124,99/124,105/124,nan,5/31,5/31,0.1335759162902832
124,11,0.0150000000000000,0.0500000000000000,4,monomial_based,27/62,nan,nan,691/3844,nan,nan,0.6377971172332764
124,11,0.0150000000000000,0.0500000000000000,4,list_based,59/124,19/31,53/62,nan,8/31,5/31,0.13523292541503906
124,11,0.0150000000000000,0.0500000000000000,5,monomial_based,13/31,nan,nan,2787/15376,nan,nan,0.6532478332519531
124,11,0.0150000000000000,0.0500000000000000,5,list_based,85/124,3/4,111/124,nan,25/124,17/124,0.14412212371826172
124,11,0.0150000000000000,0.100000000000000,1,monomial_based,13/62,nan,nan,5285/15376,nan,nan,0.6686038970947266
124,11,0.0150000000000000,0.100000000000000,1,list_based,57/124,69/124,26/31,nan,41/124,13/62,0.14569807052612305
124,11,0.0150000000000000,0.100000000000000,2,monomial_based,6/31,nan,nan,1331/3844,nan,nan,0.6569771766662598
124,11,0.0150000000000000,0.100000000000000,2,list_based,33/62,37/62,105/124,nan,12/31,27/124,0.13839316368103027
124,11,0.0150000000000000,0.100000000000000,3,monomial_based,15/62,nan,nan,5197/15376,nan,nan,0.5673739910125732
124,11,0.0150000000000000,0.100000000000000,3,list_based,67/124,87/124,95/124,nan,39/124,35/124,0.14470911026000977
124,11,0.0150000000000000,0.100000000000000,4,monomial_based,8/31,nan,nan,647/1922,nan,nan,0.6465120315551758
124,11,0.0150000000000000,0.100000000000000,4,list_based,47/124,17/31,97/124,nan,14/31,1/4,0.15737128257751465
124,11,0.0150000000000000,0.100000000000000,5,monomial_based,29/124,nan,nan,659/1922,nan,nan,0.6175687313079834
124,11,0.0150000000000000,0.100000000000000,5,list_based,33/62,75/124,53/62,nan,10/31,25/124,0.14388012886047363
124,11,0.0150000000000000,0.150000000000000,1,monomial_based,7/62,nan,nan,7375/15376,nan,nan,0.5562891960144043
124,11,0.0150000000000000,0.150000000000000,1,list_based,10/31,51/124,24/31,nan,29/62,39/124,0.1366732120513916
124,11,0.0150000000000000,0.150000000000000,2,monomial_based,7/124,nan,nan,7405/15376,nan,nan,0.5652198791503906
124,11,0.0150000000000000,0.150000000000000,2,list_based,43/124,55/124,47/62,nan,59/124,21/62,0.16635417938232422
124,11,0.0150000000000000,0.150000000000000,3,monomial_based,25/124,nan,nan,1795/3844,nan,nan,0.6781229972839355
124,11,0.0150000000000000,0.150000000000000,3,list_based,49/124,16/31,45/62,nan,27/62,21/62,0.15457630157470703
124,11,0.0150000000000000,0.150000000000000,4,monomial_based,19/124,nan,nan,7195/15376,nan,nan,0.6261398792266846
124,11,0.0150000000000000,0.150000000000000,4,list_based,29/124,43/124,22/31,nan,67/124,11/31,0.14588499069213867
124,11,0.0150000000000000,0.150000000000000,5,monomial_based,9/62,nan,nan,917/1922,nan,nan,0.563849925994873
124,11,0.0150000000000000,0.150000000000000,5,list_based,49/124,15/31,25/31,nan,14/31,8/31,0.1492459774017334
124,11,0.0150000000000000,0.200000000000000,1,monomial_based,5/62,nan,nan,4547/7688,nan,nan,0.572941780090332
124,11,0.0150000000000000,0.200000000000000,1,list_based,29/124,37/124,89/124,nan,73/124,47/124,0.13576912879943848
124,11,0.0150000000000000,0.200000000000000,2,monomial_based,7/124,nan,nan,9125/15376,nan,nan,0.555840015411377
124,11,0.0150000000000000,0.200000000000000,2,list_based,33/124,45/124,85/124,nan,67/124,55/124,0.16411805152893066
124,11,0.0150000000000000,0.200000000000000,3,monomial_based,7/62,nan,nan,559/961,nan,nan,0.6962540149688721
124,11,0.0150000000000000,0.200000000000000,3,list_based,25/124,43/124,81/124,nan,33/62,13/31,0.14293813705444336
124,11,0.0150000000000000,0.200000000000000,4,monomial_based,9/124,nan,nan,8955/15376,nan,nan,0.5871951580047607
124,11,0.0150000000000000,0.200000000000000,4,list_based,13/124,5/31,21/31,nan,43/62,49/124,0.13668107986450195
124,11,0.0150000000000000,0.200000000000000,5,monomial_based,13/124,nan,nan,4543/7688,nan,nan,0.5232260227203369
124,11,0.0150000000000000,0.200000000000000,5,list_based,19/62,51/124,45/62,nan,67/124,47/124,0.13100171089172363
124,11,0.0200000000000000,0.0500000000000000,1,monomial_based,45/124,nan,nan,2879/15376,nan,nan,0.5730152130126953
124,11,0.0200000000000000,0.0500000000000000,1,list_based,91/124,49/62,28/31,nan,13/62,15/124,0.131727933883667
124,11,0.0200000000000000,0.0500000000000000,2,monomial_based,53/124,nan,nan,2881/15376,nan,nan,0.5856451988220215
124,11,0.0200000000000000,0.0500000000000000,2,list_based,75/124,83/124,55/62,nan,39/124,19/124,0.1291050910949707
124,11,0.0200000000000000,0.0500000000000000,3,monomial_based,47/124,nan,nan,1403/7688,nan,nan,0.5982480049133301
124,11,0.0200000000000000,0.0500000000000000,3,list_based,79/124,24/31,103/124,nan,11/62,21/124,0.13320183753967285
124,11,0.0200000000000000,0.0500000000000000,4,monomial_based,55/124,nan,nan,1383/7688,nan,nan,0.5716662406921387
124,11,0.0200000000000000,0.0500000000000000,4,list_based,61/124,77/124,53/62,nan,8/31,5/31,0.1266639232635498
124,11,0.0200000000000000,0.0500000000000000,5,monomial_based,47/124,nan,nan,2787/15376,nan,nan,0.5743188858032227
124,11,0.0200000000000000,0.0500000000000000,5,list_based,81/124,89/124,55/62,nan,13/62,9/62,0.12785696983337402
124,11,0.0200000000000000,0.100000000000000,1,monomial_based,25/124,nan,nan,5285/15376,nan,nan,0.5609631538391113
124,11,0.0200000000000000,0.100000000000000,1,list_based,29/62,69/124,103/124,nan,21/62,7/31,0.13369488716125488
124,11,0.0200000000000000,0.100000000000000,2,monomial_based,23/124,nan,nan,1331/3844,nan,nan,0.5510909557342529
124,11,0.0200000000000000,0.100000000000000,2,list_based,65/124,73/124,26/31,nan,51/124,7/31,0.13801074028015137
124,11,0.0200000000000000,0.100000000000000,3,monomial_based,29/124,nan,nan,5199/15376,nan,nan,0.5554592609405518
124,11,0.0200000000000000,0.100000000000000,3,list_based,15/31,20/31,3/4,nan,41/124,9/31,0.13672590255737305
124,11,0.0200000000000000,0.100000000000000,4,monomial_based,8/31,nan,nan,2589/7688,nan,nan,0.5957643985748291
124,11,0.0200000000000000,0.100000000000000,4,list_based,11/31,61/124,97/124,nan,14/31,1/4,0.13584470748901367
124,11,0.0200000000000000,0.100000000000000,5,monomial_based,6/31,nan,nan,659/1922,nan,nan,0.5815448760986328
124,11,0.0200000000000000,0.100000000000000,5,list_based,57/124,65/124,105/124,nan,41/124,13/62,0.13205313682556152
124,11,0.0200000000000000,0.150000000000000,1,monomial_based,4/31,nan,nan,7375/15376,nan,nan,0.5038478374481201
124,11,0.0200000000000000,0.150000000000000,1,list_based,9/31,23/62,3/4,nan,59/124,41/124,0.1304149627685547
124,11,0.0200000000000000,0.150000000000000,2,monomial_based,7/124,nan,nan,7405/15376,nan,nan,0.5329430103302002
124,11,0.0200000000000000,0.150000000000000,2,list_based,37/124,25/62,3/4,nan,1/2,43/124,0.13528704643249512
124,11,0.0200000000000000,0.150000000000000,3,monomial_based,23/124,nan,nan,3591/7688,nan,nan,0.5752849578857422
124,11,0.0200000000000000,0.150000000000000,3,list_based,43/124,14/31,89/124,nan,14/31,43/124,0.13173413276672363
124,11,0.0200000000000000,0.150000000000000,4,monomial_based,19/124,nan,nan,7197/15376,nan,nan,0.6018681526184082
124,11,0.0200000000000000,0.150000000000000,4,list_based,8/31,51/124,89/124,nan,67/124,11/31,0.14065194129943848
124,11,0.0200000000000000,0.150000000000000,5,monomial_based,5/31,nan,nan,917/1922,nan,nan,0.5704059600830078
124,11,0.0200000000000000,0.150000000000000,5,list_based,45/124,14/31,99/124,nan,57/124,33/124,0.20244503021240234
124,11,0.0200000000000000,0.200000000000000,1,monomial_based,11/124,nan,nan,4547/7688,nan,nan,0.5810501575469971
124,11,0.0200000000000000,0.200000000000000,1,list_based,13/62,35/124,87/124,nan,37/62,49/124,0.1501150131225586
124,11,0.0200000000000000,0.200000000000000,2,monomial_based,9/124,nan,nan,9125/15376,nan,nan,0.6274328231811523
124,11,0.0200000000000000,0.200000000000000,2,list_based,9/31,49/124,21/31,nan,35/62,14/31,0.15936803817749023
124,11,0.0200000000000000,0.200000000000000,3,monomial_based,15/124,nan,nan,4473/7688,nan,nan,0.5266869068145752
124,11,0.0200000000000000,0.200000000000000,3,list_based,39/124,29/62,20/31,nan,17/31,53/124,0.14051103591918945
124,11,0.0200000000000000,0.200000000000000,4,monomial_based,2/31,nan,nan,8957/15376,nan,nan,0.5557310581207275
124,11,0.0200000000000000,0.200000000000000,4,list_based,9/62,27/124,21/31,nan,43/62,49/124,0.11726617813110352
124,11,0.0200000000000000,0.200000000000000,5,monomial_based,9/124,nan,nan,4543/7688,nan,nan,0.4710547924041748
124,11,0.0200000000000000,0.200000000000000,5,list_based,8/31,47/124,89/124,nan,17/31,47/124,0.11895489692687988
124,31,0.00500000000000000,0.0500000000000000,1,monomial_based,37/62,nan,nan,3367/15376,nan,nan,0.9042508602142334
124,31,0.00500000000000000,0.0500000000000000,1,list_based,43/62,99/124,109/124,nan,13/62,15/124,0.11643385887145996
124,31,0.00500000000000000,0.0500000000000000,2,monomial_based,67/124,nan,nan,1689/7688,nan,nan,0.9364297389984131
124,31,0.00500000000000000,0.0500000000000000,2,list_based,21/31,24/31,111/124,nan,11/62,13/124,0.12096166610717773
124,31,0.00500000000000000,0.0500000000000000,3,monomial_based,39/62,nan,nan,3399/15376,nan,nan,0.9524078369140625
124,31,0.00500000000000000,0.0500000000000000,3,list_based,45/62,107/124,107/124,nan,19/124,17/124,0.14656782150268555
124,31,0.00500000000000000,0.0500000000000000,4,monomial_based,20/31,nan,nan,55/248,nan,nan,1.0087990760803223
124,31,0.00500000000000000,0.0500000000000000,4,list_based,47/62,53/62,27/31,nan,25/124,4/31,0.1791999340057373
124,31,0.00500000000000000,0.0500000000000000,5,monomial_based,37/62,nan,nan,3477/15376,nan,nan,1.047504186630249
124,31,0.00500000000000000,0.0500000000000000,5,list_based,85/124,24/31,107/124,nan,27/124,17/124,0.13694381713867188
124,31,0.00500000000000000,0.100000000000000,1,monomial_based,55/124,nan,nan,6191/15376,nan,nan,0.8965258598327637
124,31,0.00500000000000000,0.100000000000000,1,list_based,16/31,21/31,24/31,nan,10/31,29/124,0.13563895225524902
124,31,0.00500000000000000,0.100000000000000,2,monomial_based,21/62,nan,nan,6233/15376,nan,nan,0.9665229320526123
124,31,0.00500000000000000,0.100000000000000,2,list_based,67/124,81/124,103/124,nan,21/62,21/124,0.1319410800933838
124,31,0.00500000000000000,0.100000000000000,3,monomial_based,47/124,nan,nan,384/961,nan,nan,0.9246141910552979
124,31,0.00500000000000000,0.100000000000000,3,list_based,14/31,75/124,95/124,nan,37/124,29/124,0.1334519386291504
124,31,0.00500000000000000,0.100000000000000,4,monomial_based,21/62,nan,nan,3115/7688,nan,nan,0.9140810966491699
124,31,0.00500000000000000,0.100000000000000,4,list_based,29/62,37/62,99/124,nan,41/124,25/124,0.13118505477905273
124,31,0.00500000000000000,0.100000000000000,5,monomial_based,10/31,nan,nan,783/1922,nan,nan,0.9015281200408936
124,31,0.00500000000000000,0.100000000000000,5,list_based,61/124,19/31,95/124,nan,41/124,15/62,0.13255786895751953
124,31,0.00500000000000000,0.150000000000000,1,monomial_based,35/124,nan,nan,4249/7688,nan,nan,0.9924218654632568
124,31,0.00500000000000000,0.150000000000000,1,list_based,23/62,33/62,43/62,nan,51/124,39/124,0.12970304489135742
124,31,0.00500000000000000,0.150000000000000,2,monomial_based,23/124,nan,nan,1061/1922,nan,nan,0.9204649925231934
124,31,0.00500000000000000,0.150000000000000,2,list_based,41/124,15/31,45/62,nan,51/124,17/62,0.1461319923400879
124,31,0.00500000000000000,0.150000000000000,3,monomial_based,37/124,nan,nan,8399/15376,nan,nan,1.0202202796936035
124,31,0.00500000000000000,0.150000000000000,3,list_based,10/31,53/124,21/31,nan,13/31,10/31,0.14000606536865234
124,31,0.00500000000000000,0.150000000000000,4,monomial_based,29/124,nan,nan,2099/3844,nan,nan,1.0571799278259277
124,31,0.00500000000000000,0.150000000000000,4,list_based,43/124,63/124,91/124,nan,29/62,33/124,0.14185094833374023
124,31,0.00500000000000000,0.150000000000000,5,monomial_based,5/31,nan,nan,8467/15376,nan,nan,1.0177421569824219
124,31,0.00500000000000000,0.150000000000000,5,list_based,47/124,33/62,81/124,nan,13/31,11/31,0.17476630210876465
124,31,0.00500000000000000,0.200000000000000,1,monomial_based,5/31,nan,nan,10239/15376,nan,nan,0.911980152130127
124,31,0.00500000000000000,0.200000000000000,1,list_based,29/124,45/124,75/124,nan,17/31,25/62,0.1426239013671875
124,31,0.00500000000000000,0.200000000000000,2,monomial_based,3/31,nan,nan,2563/3844,nan,nan,1.4100439548492432
124,31,0.00500000000000000,0.200000000000000,2,list_based,5/31,1/4,20/31,nan,67/124,11/31,0.15554571151733398
124,31,0.00500000000000000,0.200000000000000,3,monomial_based,23/124,nan,nan,10241/15376,nan,nan,0.9804418087005615
124,31,0.00500000000000000,0.200000000000000,3,list_based,17/62,13/31,18/31,nan,29/62,53/124,0.1408689022064209
124,31,0.00500000000000000,0.200000000000000,4,monomial_based,13/124,nan,nan,5095/7688,nan,nan,0.9215459823608398
124,31,0.00500000000000000,0.200000000000000,4,list_based,25/124,37/124,81/124,nan,37/62,43/124,0.13516902923583984
124,31,0.00500000000000000,0.200000000000000,5,monomial_based,15/124,nan,nan,2577/3844,nan,nan,0.9354150295257568
124,31,0.00500000000000000,0.200000000000000,5,list_based,15/62,49/124,71/124,nan,61/124,27/62,0.17612099647521973
124,31,0.0100000000000000,0.0500000000000000,1,monomial_based,75/124,nan,nan,3367/15376,nan,nan,1.1869251728057861
124,31,0.0100000000000000,0.0500000000000000,1,list_based,41/62,95/124,53/62,nan,27/124,9/62,0.14696192741394043
124,31,0.0100000000000000,0.0500000000000000,2,monomial_based,17/31,nan,nan,109/496,nan,nan,1.0628418922424316
124,31,0.0100000000000000,0.0500000000000000,2,list_based,22/31,101/124,55/62,nan,6/31,7/62,0.14117670059204102
124,31,0.0100000000000000,0.0500000000000000,3,monomial_based,37/62,nan,nan,3399/15376,nan,nan,0.9473869800567627
124,31,0.0100000000000000,0.0500000000000000,3,list_based,22/31,107/124,105/124,nan,5/31,19/124,0.17775893211364746
124,31,0.0100000000000000,0.0500000000000000,4,monomial_based,19/31,nan,nan,55/248,nan,nan,0.9240901470184326
124,31,0.0100000000000000,0.0500000000000000,4,list_based,43/62,25/31,53/62,nan,13/62,9/62,0.1557769775390625
124,31,0.0100000000000000,0.0500000000000000,5,monomial_based,71/124,nan,nan,435/1922,nan,nan,1.022935152053833
124,31,0.0100000000000000,0.0500000000000000,5,list_based,81/124,3/4,105/124,nan,7/31,19/124,0.13782620429992676
124,31,0.0100000000000000,0.100000000000000,1,monomial_based,57/124,nan,nan,6191/15376,nan,nan,0.9640576839447021
124,31,0.0100000000000000,0.100000000000000,1,list_based,57/124,79/124,3/4,nan,41/124,8/31,0.13472199440002441
124,31,0.0100000000000000,0.100000000000000,2,monomial_based,37/124,nan,nan,3117/7688,nan,nan,0.8932580947875977
124,31,0.0100000000000000,0.100000000000000,2,list_based,33/62,81/124,51/62,nan,11/31,11/62,0.13622093200683594
124,31,0.0100000000000000,0.100000000000000,3,monomial_based,51/124,nan,nan,384/961,nan,nan,1.0139319896697998
124,31,0.0100000000000000,0.100000000000000,3,list_based,55/124,19/31,3/4,nan,19/62,1/4,0.13831186294555664
124,31,0.0100000000000000,0.100000000000000,4,monomial_based,12/31,nan,nan,3115/7688,nan,nan,0.9511270523071289
124,31,0.0100000000000000,0.100000000000000,4,list_based,17/31,43/62,97/124,nan,21/62,27/124,0.13765406608581543
124,31,0.0100000000000000,0.100000000000000,5,monomial_based,11/31,nan,nan,6265/15376,nan,nan,0.9070849418640137
124,31,0.0100000000000000,0.100000000000000,5,list_based,57/124,37/62,3/4,nan,21/62,8/31,0.1387479305267334
124,31,0.0100000000000000,0.150000000000000,1,monomial_based,7/31,nan,nan,4249/7688,nan,nan,1.0108838081359863
124,31,0.0100000000000000,0.150000000000000,1,list_based,21/62,16/31,21/31,nan,13/31,41/124,0.1370830535888672
124,31,0.0100000000000000,0.150000000000000,2,monomial_based,25/124,nan,nan,1061/1922,nan,nan,0.9967670440673828
124,31,0.0100000000000000,0.150000000000000,2,list_based,21/62,15/31,91/124,nan,53/124,17/62,0.13918685913085938
124,31,0.0100000000000000,0.150000000000000,3,monomial_based,9/31,nan,nan,8399/15376,nan,nan,0.978416919708252
124,31,0.0100000000000000,0.150000000000000,3,list_based,17/62,29/62,41/62,nan,53/124,21/62,0.13754987716674805
124,31,0.0100000000000000,0.150000000000000,4,monomial_based,13/62,nan,nan,2099/3844,nan,nan,1.0033049583435059
124,31,0.0100000000000000,0.150000000000000,4,list_based,41/124,57/124,45/62,nan,59/124,35/124,0.18712997436523438
124,31,0.0100000000000000,0.150000000000000,5,monomial_based,5/31,nan,nan,2117/3844,nan,nan,0.959909200668335
124,31,0.0100000000000000,0.150000000000000,5,list_based,41/124,61/124,39/62,nan,53/124,23/62,0.13803577423095703
124,31,0.0100000000000000,0.200000000000000,1,monomial_based,23/124,nan,nan,10239/15376,nan,nan,0.9266157150268555
124,31,0.0100000000000000,0.200000000000000,1,list_based,23/124,39/124,73/124,nan,69/124,13/31,0.13657903671264648
124,31,0.0100000000000000,0.200000000000000,2,monomial_based,11/124,nan,nan,2563/3844,nan,nan,0.9654641151428223
124,31,0.0100000000000000,0.200000000000000,2,list_based,7/31,41/124,20/31,nan,17/31,11/31,0.13857102394104004
124,31,0.0100000000000000,0.200000000000000,3,monomial_based,23/124,nan,nan,10241/15376,nan,nan,0.914679765701294
124,31,0.0100000000000000,0.200000000000000,3,list_based,15/62,49/124,35/62,nan,59/124,55/124,0.13751983642578125
124,31,0.0100000000000000,0.200000000000000,4,monomial_based,2/31,nan,nan,5095/7688,nan,nan,0.9001610279083252
124,31,0.0100000000000000,0.200000000000000,4,list_based,9/62,27/124,20/31,nan,75/124,11/31,0.17447304725646973
124,31,0.0100000000000000,0.200000000000000,5,monomial_based,4/31,nan,nan,10309/15376,nan,nan,0.8564128875732422
124,31,0.0100000000000000,0.200000000000000,5,list_based,21/124,45/124,35/62,nan,1/2,55/124,0.15011310577392578
124,31,0.0150000000000000,0.0500000000000000,1,monomial_based,19/31,nan,nan,3367/15376,nan,nan,0.9524691104888916
124,31,0.0150000000000000,0.0500000000000000,1,list_based,18/31,43/62,53/62,nan,7/31,9/62,0.15020418167114258
124,31,0.0150000000000000,0.0500000000000000,2,monomial_based,33/62,nan,nan,109/496,nan,nan,0.9811391830444336
124,31,0.0150000000000000,0.0500000000000000,2,list_based,85/124,97/124,55/62,nan,25/124,7/62,0.1349947452545166
124,31,0.0150000000000000,0.0500000000000000,3,monomial_based,19/31,nan,nan,3399/15376,nan,nan,0.9872419834136963
124,31,0.0150000000000000,0.0500000000000000,3,list_based,43/62,105/124,105/124,nan,5/31,19/124,0.1344130039215088
124,31,0.0150000000000000,0.0500000000000000,4,monomial_based,19/31,nan,nan,853/3844,nan,nan,0.9811067581176758
124,31,0.0150000000000000,0.0500000000000000,4,list_based,79/124,91/124,105/124,nan,7/31,19/124,0.14115619659423828
124,31,0.0150000000000000,0.0500000000000000,5,monomial_based,17/31,nan,nan,871/3844,nan,nan,0.9362671375274658
124,31,0.0150000000000000,0.0500000000000000,5,list_based,39/62,22/31,26/31,nan,15/62,5/31,0.1365211009979248
124,31,0.0150000000000000,0.100000000000000,1,monomial_based,14/31,nan,nan,6191/15376,nan,nan,1.0084407329559326
124,31,0.0150000000000000,0.100000000000000,1,list_based,14/31,19/31,23/31,nan,21/62,8/31,0.1396009922027588
124,31,0.0150000000000000,0.100000000000000,2,monomial_based,19/62,nan,nan,3117/7688,nan,nan,0.9380710124969482
124,31,0.0150000000000000,0.100000000000000,2,list_based,59/124,71/124,51/62,nan,45/124,11/62,0.13503503799438477
124,31,0.0150000000000000,0.100000000000000,3,monomial_based,47/124,nan,nan,384/961,nan,nan,0.9566001892089844
124,31,0.0150000000000000,0.100000000000000,3,list_based,55/124,39/62,3/4,nan,19/62,1/4,0.15845012664794922
124,31,0.0150000000000000,0.100000000000000,4,monomial_based,45/124,nan,nan,779/1922,nan,nan,1.0015461444854736
124,31,0.0150000000000000,0.100000000000000,4,list_based,15/31,77/124,24/31,nan,11/31,7/31,0.1411910057067871
124,31,0.0150000000000000,0.100000000000000,5,monomial_based,19/62,nan,nan,6269/15376,nan,nan,0.9757068157196045
124,31,0.0150000000000000,0.100000000000000,5,list_based,15/31,19/31,91/124,nan,11/31,33/124,0.1588606834411621
124,31,0.0150000000000000,0.150000000000000,1,monomial_based,7/31,nan,nan,4249/7688,nan,nan,0.974085807800293
124,31,0.0150000000000000,0.150000000000000,1,list_based,41/124,55/124,83/124,nan,53/124,41/124,0.14315533638000488
124,31,0.0150000000000000,0.150000000000000,2,monomial_based,11/62,nan,nan,1061/1922,nan,nan,1.0170249938964844
124,31,0.0150000000000000,0.150000000000000,2,list_based,23/62,59/124,23/31,nan,27/62,17/62,0.13632822036743164
124,31,0.0150000000000000,0.150000000000000,3,monomial_based,19/62,nan,nan,8399/15376,nan,nan,0.9391899108886719
124,31,0.0150000000000000,0.150000000000000,3,list_based,1/4,14/31,41/62,nan,53/124,21/62,0.16628813743591309
124,31,0.0150000000000000,0.150000000000000,4,monomial_based,25/124,nan,nan,8397/15376,nan,nan,0.9056980609893799
124,31,0.0150000000000000,0.150000000000000,4,list_based,21/62,59/124,22/31,nan,61/124,9/31,0.13565611839294434
124,31,0.0150000000000000,0.150000000000000,5,monomial_based,15/124,nan,nan,1059/1922,nan,nan,0.9434990882873535
124,31,0.0150000000000000,0.150000000000000,5,list_based,9/31,14/31,39/62,nan,55/124,23/62,0.14583897590637207
124,31,0.0150000000000000,0.200000000000000,1,monomial_based,9/62,nan,nan,10239/15376,nan,nan,0.9495909214019775
124,31,0.0150000000000000,0.200000000000000,1,list_based,27/124,47/124,18/31,nan,69/124,13/31,0.13923192024230957
124,31,0.0150000000000000,0.200000000000000,2,monomial_based,13/124,nan,nan,2563/3844,nan,nan,0.9439260959625244
124,31,0.0150000000000000,0.200000000000000,2,list_based,25/124,37/124,20/31,nan,69/124,11/31,0.14918971061706543
124,31,0.0150000000000000,0.200000000000000,3,monomial_based,11/62,nan,nan,10241/15376,nan,nan,0.9422290325164795
124,31,0.0150000000000000,0.200000000000000,3,list_based,13/62,12/31,69/124,nan,59/124,55/124,0.14445900917053223
124,31,0.0150000000000000,0.200000000000000,4,monomial_based,13/124,nan,nan,10191/15376,nan,nan,0.9734501838684082
124,31,0.0150000000000000,0.200000000000000,4,list_based,6/31,19/62,79/124,nan,77/124,45/124,0.14307093620300293
124,31,0.0150000000000000,0.200000000000000,5,monomial_based,15/124,nan,nan,10311/15376,nan,nan,0.9595770835876465
124,31,0.0150000000000000,0.200000000000000,5,list_based,23/124,41/124,69/124,nan,16/31,55/124,0.1428670883178711
124,31,0.0200000000000000,0.0500000000000000,1,monomial_based,37/62,nan,nan,421/1922,nan,nan,1.0071721076965332
124,31,0.0200000000000000,0.0500000000000000,1,list_based,77/124,91/124,105/124,nan,8/31,19/124,0.14738202095031738
124,31,0.0200000000000000,0.0500000000000000,2,monomial_based,67/124,nan,nan,845/3844,nan,nan,1.0978062152862549
124,31,0.0200000000000000,0.0500000000000000,2,list_based,83/124,24/31,109/124,nan,13/62,15/124,0.14178919792175293
124,31,0.0200000000000000,0.0500000000000000,3,monomial_based,77/124,nan,nan,425/1922,nan,nan,0.9760239124298096
124,31,0.0200000000000000,0.0500000000000000,3,list_based,81/124,101/124,26/31,nan,21/124,5/31,0.17694091796875
124,31,0.0200000000000000,0.0500000000000000,4,monomial_based,19/31,nan,nan,853/3844,nan,nan,0.9504358768463135
124,31,0.0200000000000000,0.0500000000000000,4,list_based,79/124,95/124,103/124,nan,7/31,21/124,0.1342010498046875
124,31,0.0200000000000000,0.0500000000000000,5,monomial_based,16/31,nan,nan,871/3844,nan,nan,0.9570479393005371
124,31,0.0200000000000000,0.0500000000000000,5,list_based,73/124,21/31,26/31,nan,17/62,5/31,0.13635516166687012
124,31,0.0200000000000000,0.100000000000000,1,monomial_based,55/124,nan,nan,387/961,nan,nan,1.000006914138794
124,31,0.0200000000000000,0.100000000000000,1,list_based,27/62,71/124,23/31,nan,23/62,33/124,0.13419604301452637
124,31,0.0200000000000000,0.100000000000000,2,monomial_based,39/124,nan,nan,3117/7688,nan,nan,0.9358258247375488
124,31,0.0200000000000000,0.100000000000000,2,list_based,29/62,71/124,101/124,nan,23/62,23/124,0.17199110984802246
124,31,0.0200000000000000,0.100000000000000,3,monomial_based,23/62,nan,nan,6145/15376,nan,nan,0.9196889400482178
124,31,0.0200000000000000,0.100000000000000,3,list_based,51/124,71/124,23/31,nan,39/124,8/31,0.14883828163146973
124,31,0.0200000000000000,0.100000000000000,4,monomial_based,12/31,nan,nan,779/1922,nan,nan,0.97452712059021
124,31,0.0200000000000000,0.100000000000000,4,list_based,63/124,83/124,47/62,nan,11/31,15/62,0.14882302284240723
124,31,0.0200000000000000,0.100000000000000,5,monomial_based,41/124,nan,nan,6269/15376,nan,nan,0.9937689304351807
124,31,0.0200000000000000,0.100000000000000,5,list_based,55/124,71/124,23/31,nan,12/31,33/124,0.1353168487548828
124,31,0.0200000000000000,0.150000000000000,1,monomial_based,1/4,nan,nan,8499/15376,nan,nan,0.9878411293029785
124,31,0.0200000000000000,0.150000000000000,1,list_based,41/124,27/62,83/124,nan,57/124,21/62,0.1427006721496582
124,31,0.0200000000000000,0.150000000000000,2,monomial_based,23/124,nan,nan,1061/1922,nan,nan,0.9282078742980957
124,31,0.0200000000000000,0.150000000000000,2,list_based,21/62,1/2,89/124,nan,55/124,35/124,0.14588093757629395
124,31,0.0200000000000000,0.150000000000000,3,monomial_based,9/31,nan,nan,525/961,nan,nan,1.0674870014190674
124,31,0.0200000000000000,0.150000000000000,3,list_based,7/31,25/62,81/124,nan,27/62,43/124,0.1453690528869629
124,31,0.0200000000000000,0.150000000000000,4,monomial_based,27/124,nan,nan,8397/15376,nan,nan,1.0079920291900635
124,31,0.0200000000000000,0.150000000000000,4,list_based,39/124,15/31,87/124,nan,61/124,37/124,0.15348196029663086
124,31,0.0200000000000000,0.150000000000000,5,monomial_based,5/31,nan,nan,1059/1922,nan,nan,1.1073253154754639
124,31,0.0200000000000000,0.150000000000000,5,list_based,17/62,57/124,79/124,nan,29/62,23/62,0.15821003913879395
124,31,0.0200000000000000,0.200000000000000,1,monomial_based,4/31,nan,nan,640/961,nan,nan,0.9682717323303223
124,31,0.0200000000000000,0.200000000000000,1,list_based,19/124,9/31,18/31,nan,71/124,53/124,0.1517930030822754
124,31,0.0200000000000000,0.200000000000000,2,monomial_based,9/124,nan,nan,2563/3844,nan,nan,0.9216811656951904
124,31,0.0200000000000000,0.200000000000000,2,list_based,19/124,7/31,79/124,nan,35/62,45/124,0.15310311317443848
124,31,0.0200000000000000,0.200000000000000,3,monomial_based,17/124,nan,nan,5121/7688,nan,nan,0.9468121528625488
124,31,0.0200000000000000,0.200000000000000,3,list_based,1/4,13/31,35/62,nan,15/31,55/124,0.1367170810699463
124,31,0.0200000000000000,0.200000000000000,4,monomial_based,7/62,nan,nan,10191/15376,nan,nan,0.9437460899353027
124,31,0.0200000000000000,0.200000000000000,4,list_based,11/62,1/4,39/62,nan,77/124,23/62,0.18256878852844238
124,31,0.0200000000000000,0.200000000000000,5,monomial_based,15/124,nan,nan,10311/15376,nan,nan,0.9445998668670654
124,31,0.0200000000000000,0.200000000000000,5,list_based,13/62,47/124,35/62,nan,67/124,55/124,0.17421674728393555
124,127,0.00500000000000000,0.0500000000000000,1,monomial_based,47/62,nan,nan,4609/15376,nan,nan,2.9051198959350586
124,127,0.00500000000000000,0.0500000000000000,1,list_based,41/62,97/124,105/124,nan,21/124,19/124,0.2072148323059082
124,127,0.00500000000000000,0.0500000000000000,2,monomial_based,43/62,nan,nan,571/1922,nan,nan,2.7203822135925293
124,127,0.00500000000000000,0.0500000000000000,2,list_based,43/62,53/62,101/124,nan,4/31,23/124,0.28525495529174805
124,127,0.00500000000000000,0.0500000000000000,3,monomial_based,26/31,nan,nan,2315/7688,nan,nan,3.1667299270629883
124,127,0.00500000000000000,0.0500000000000000,3,list_based,75/124,23/31,51/62,nan,11/62,11/62,0.29043102264404297
124,127,0.00500000000000000,0.0500000000000000,4,monomial_based,43/62,nan,nan,2301/7688,nan,nan,3.4200708866119385
124,127,0.00500000000000000,0.0500000000000000,4,list_based,89/124,25/31,109/124,nan,25/124,15/124,0.21841907501220703
124,127,0.00500000000000000,0.0500000000000000,5,monomial_based,95/124,nan,nan,4559/15376,nan,nan,2.844660997390747
124,127,0.00500000000000000,0.0500000000000000,5,list_based,43/62,99/124,27/31,nan,33/124,4/31,0.20784306526184082
124,127,0.00500000000000000,0.100000000000000,1,monomial_based,1/2,nan,nan,7973/15376,nan,nan,2.9506120681762695
124,127,0.00500000000000000,0.100000000000000,1,list_based,14/31,77/124,43/62,nan,35/124,19/62,0.2439560890197754
124,127,0.00500000000000000,0.100000000000000,2,monomial_based,51/124,nan,nan,7969/15376,nan,nan,3.3297107219696045
124,127,0.00500000000000000,0.100000000000000,2,list_based,1/2,23/31,85/124,nan,8/31,39/124,0.24138283729553223
124,127,0.00500000000000000,0.100000000000000,3,monomial_based,17/31,nan,nan,3953/7688,nan,nan,3.2105391025543213
124,127,0.00500000000000000,0.100000000000000,3,list_based,57/124,79/124,89/124,nan,33/124,9/31,0.22011089324951172
124,127,0.00500000000000000,0.100000000000000,4,monomial_based,25/62,nan,nan,3979/7688,nan,nan,2.948802947998047
124,127,0.00500000000000000,0.100000000000000,4,list_based,45/124,17/31,43/62,nan,11/31,19/62,0.21324801445007324
124,127,0.00500000000000000,0.100000000000000,5,monomial_based,67/124,nan,nan,993/1922,nan,nan,3.0228190422058105
124,127,0.00500000000000000,0.100000000000000,5,list_based,15/31,37/62,97/124,nan,41/124,27/124,0.22004079818725586
124,127,0.00500000000000000,0.150000000000000,1,monomial_based,9/31,nan,nan,10381/15376,nan,nan,2.878028154373169
124,127,0.00500000000000000,0.150000000000000,1,list_based,1/4,57/124,75/124,nan,55/124,51/124,0.22362279891967773
124,127,0.00500000000000000,0.150000000000000,2,monomial_based,15/62,nan,nan,10483/15376,nan,nan,2.8864059448242188
124,127,0.00500000000000000,0.150000000000000,2,list_based,33/124,57/124,75/124,nan,49/124,49/124,0.21763396263122559
124,127,0.00500000000000000,0.150000000000000,3,monomial_based,47/124,nan,nan,5203/7688,nan,nan,2.9656529426574707
124,127,0.00500000000000000,0.150000000000000,3,list_based,7/31,59/124,16/31,nan,13/31,15/31,0.215773344039917
124,127,0.00500000000000000,0.150000000000000,4,monomial_based,25/124,nan,nan,10391/15376,nan,nan,2.8338780403137207
124,127,0.00500000000000000,0.150000000000000,4,list_based,33/124,14/31,75/124,nan,59/124,49/124,0.2124929428100586
124,127,0.00500000000000000,0.150000000000000,5,monomial_based,9/31,nan,nan,10363/15376,nan,nan,2.777843952178955
124,127,0.00500000000000000,0.150000000000000,5,list_based,9/31,57/124,20/31,nan,51/124,45/124,0.21163415908813477
124,127,0.00500000000000000,0.200000000000000,1,monomial_based,17/124,nan,nan,6031/7688,nan,nan,2.964081048965454
124,127,0.00500000000000000,0.200000000000000,1,list_based,19/124,43/124,59/124,nan,63/124,65/124,0.24387621879577637
124,127,0.00500000000000000,0.200000000000000,2,monomial_based,4/31,nan,nan,12125/15376,nan,nan,3.0644683837890625
124,127,0.00500000000000000,0.200000000000000,2,list_based,19/124,12/31,63/124,nan,15/31,61/124,0.20913386344909668
124,127,0.00500000000000000,0.200000000000000,3,monomial_based,27/124,nan,nan,12111/15376,nan,nan,2.885577917098999
124,127,0.00500000000000000,0.200000000000000,3,list_based,9/62,23/62,47/124,nan,63/124,77/124,0.21742582321166992
124,127,0.00500000000000000,0.200000000000000,4,monomial_based,17/124,nan,nan,12135/15376,nan,nan,2.882788896560669
124,127,0.00500000000000000,0.200000000000000,4,list_based,5/31,23/62,1/2,nan,73/124,1/2,0.21184778213500977
124,127,0.00500000000000000,0.200000000000000,5,monomial_based,11/62,nan,nan,12097/15376,nan,nan,2.830441951751709
124,127,0.00500000000000000,0.200000000000000,5,list_based,13/62,21/62,69/124,nan,65/124,14/31,0.2151188850402832
124,127,0.0100000000000000,0.0500000000000000,1,monomial_based,23/31,nan,nan,4609/15376,nan,nan,2.9771268367767334
124,127,0.0100000000000000,0.0500000000000000,1,list_based,81/124,25/31,51/62,nan,21/124,11/62,0.21718502044677734
124,127,0.0100000000000000,0.0500000000000000,2,monomial_based,21/31,nan,nan,4569/15376,nan,nan,2.8794212341308594
124,127,0.0100000000000000,0.0500000000000000,2,list_based,20/31,99/124,101/124,nan,19/124,23/124,0.20976805686950684
124,127,0.0100000000000000,0.0500000000000000,3,monomial_based,99/124,nan,nan,579/1922,nan,nan,2.9043610095977783
124,127,0.0100000000000000,0.0500000000000000,3,list_based,75/124,95/124,99/124,nan,23/124,25/124,0.20943689346313477
124,127,0.0100000000000000,0.0500000000000000,4,monomial_based,43/62,nan,nan,4603/15376,nan,nan,2.860898971557617
124,127,0.0100000000000000,0.0500000000000000,4,list_based,21/31,97/124,53/62,nan,7/31,9/62,0.2070908546447754
124,127,0.0100000000000000,0.0500000000000000,5,monomial_based,3/4,nan,nan,285/961,nan,nan,2.8004000186920166
124,127,0.0100000000000000,0.0500000000000000,5,list_based,19/31,89/124,27/31,nan,33/124,4/31,0.20691704750061035
124,127,0.0100000000000000,0.100000000000000,1,monomial_based,63/124,nan,nan,7973/15376,nan,nan,2.8225879669189453
124,127,0.0100000000000000,0.100000000000000,1,list_based,13/31,77/124,83/124,nan,35/124,41/124,0.206373929977417
124,127,0.0100000000000000,0.100000000000000,2,monomial_based,25/62,nan,nan,3985/7688,nan,nan,2.7789249420166016
124,127,0.0100000000000000,0.100000000000000,2,list_based,13/31,20/31,85/124,nan,35/124,39/124,0.21799302101135254
124,127,0.0100000000000000,0.100000000000000,3,monomial_based,17/31,nan,nan,1977/3844,nan,nan,2.876239776611328
124,127,0.0100000000000000,0.100000000000000,3,list_based,27/62,81/124,43/62,nan,17/62,19/62,0.26668715476989746
124,127,0.0100000000000000,0.100000000000000,4,monomial_based,53/124,nan,nan,7959/15376,nan,nan,2.680842161178589
124,127,0.0100000000000000,0.100000000000000,4,list_based,39/124,16/31,85/124,nan,47/124,39/124,0.20490694046020508
124,127,0.0100000000000000,0.100000000000000,5,monomial_based,17/31,nan,nan,7945/15376,nan,nan,2.8889169692993164
124,127,0.0100000000000000,0.100000000000000,5,list_based,59/124,37/62,97/124,nan,41/124,27/124,0.20757508277893066
124,127,0.0100000000000000,0.150000000000000,1,monomial_based,37/124,nan,nan,10381/15376,nan,nan,2.8390820026397705
124,127,0.0100000000000000,0.150000000000000,1,list_based,7/31,27/62,35/62,nan,55/124,27/62,0.20425796508789062
124,127,0.0100000000000000,0.150000000000000,2,monomial_based,1/4,nan,nan,2621/3844,nan,nan,3.142104148864746
124,127,0.0100000000000000,0.150000000000000,2,list_based,1/4,59/124,75/124,nan,13/31,49/124,0.27109670639038086
124,127,0.0100000000000000,0.150000000000000,3,monomial_based,43/124,nan,nan,1301/1922,nan,nan,2.6533608436584473
124,127,0.0100000000000000,0.150000000000000,3,list_based,27/124,29/62,1/2,nan,53/124,1/2,0.2057199478149414
124,127,0.0100000000000000,0.150000000000000,4,monomial_based,29/124,nan,nan,1299/1922,nan,nan,2.81286883354187
124,127,0.0100000000000000,0.150000000000000,4,list_based,29/124,59/124,37/62,nan,61/124,25/62,0.20630311965942383
124,127,0.0100000000000000,0.150000000000000,5,monomial_based,17/62,nan,nan,2591/3844,nan,nan,2.872623920440674
124,127,0.0100000000000000,0.150000000000000,5,list_based,21/62,16/31,79/124,nan,51/124,45/124,0.2033071517944336
124,127,0.0100000000000000,0.200000000000000,1,monomial_based,5/31,nan,nan,6031/7688,nan,nan,2.691721200942993
124,127,0.0100000000000000,0.200000000000000,1,list_based,23/124,49/124,14/31,nan,63/124,17/31,0.20580291748046875
124,127,0.0100000000000000,0.200000000000000,2,monomial_based,4/31,nan,nan,6063/7688,nan,nan,2.693828821182251
124,127,0.0100000000000000,0.200000000000000,2,list_based,11/62,49/124,63/124,nan,63/124,61/124,0.21115589141845703
124,127,0.0100000000000000,0.200000000000000,3,monomial_based,15/62,nan,nan,757/961,nan,nan,2.800532817840576
124,127,0.0100000000000000,0.200000000000000,3,list_based,13/124,39/124,45/124,nan,16/31,79/124,0.22141695022583008
124,127,0.0100000000000000,0.200000000000000,4,monomial_based,4/31,nan,nan,12135/15376,nan,nan,2.7967722415924072
124,127,0.0100000000000000,0.200000000000000,4,list_based,15/124,19/62,61/124,nan,75/124,63/124,0.20662522315979004
124,127,0.0100000000000000,0.200000000000000,5,monomial_based,23/124,nan,nan,6049/7688,nan,nan,2.7232539653778076
124,127,0.0100000000000000,0.200000000000000,5,list_based,1/4,49/124,69/124,nan,65/124,14/31,0.2056591510772705
124,127,0.0150000000000000,0.0500000000000000,1,monomial_based,3/4,nan,nan,2305/7688,nan,nan,2.8087961673736572
124,127,0.0150000000000000,0.0500000000000000,1,list_based,77/124,24/31,101/124,nan,6/31,23/124,0.20485997200012207
124,127,0.0150000000000000,0.0500000000000000,2,monomial_based,79/124,nan,nan,4571/15376,nan,nan,2.9213929176330566
124,127,0.0150000000000000,0.0500000000000000,2,list_based,81/124,51/62,101/124,nan,5/31,23/124,0.21365880966186523
124,127,0.0150000000000000,0.0500000000000000,3,monomial_based,24/31,nan,nan,2317/7688,nan,nan,2.920112133026123
124,127,0.0150000000000000,0.0500000000000000,3,list_based,69/124,22/31,49/62,nan,25/124,13/62,0.2081468105316162
124,127,0.0150000000000000,0.0500000000000000,4,monomial_based,81/124,nan,nan,1151/3844,nan,nan,2.807102918624878
124,127,0.0150000000000000,0.0500000000000000,4,list_based,18/31,22/31,51/62,nan,8/31,11/62,0.20846199989318848
124,127,0.0150000000000000,0.0500000000000000,5,monomial_based,89/124,nan,nan,285/961,nan,nan,2.869459390640259
124,127,0.0150000000000000,0.0500000000000000,5,list_based,19/31,91/124,26/31,nan,33/124,5/31,0.20906615257263184
124,127,0.0150000000000000,0.100000000000000,1,monomial_based,16/31,nan,nan,3987/7688,nan,nan,2.7861487865448
124,127,0.0150000000000000,0.100000000000000,1,list_based,57/124,21/31,41/62,nan,19/62,21/62,0.28830504417419434
124,127,0.0150000000000000,0.100000000000000,2,monomial_based,12/31,nan,nan,1993/3844,nan,nan,2.8706321716308594
124,127,0.0150000000000000,0.100000000000000,2,list_based,29/62,87/124,85/124,nan,9/31,39/124,0.22232508659362793
124,127,0.0150000000000000,0.100000000000000,3,monomial_based,67/124,nan,nan,7909/15376,nan,nan,2.85975980758667
124,127,0.0150000000000000,0.100000000000000,3,list_based,13/31,77/124,43/62,nan,9/31,19/62,0.20341992378234863
124,127,0.0150000000000000,0.100000000000000,4,monomial_based,51/124,nan,nan,995/1922,nan,nan,2.94530987739563
124,127,0.0150000000000000,0.100000000000000,4,list_based,11/31,35/62,41/62,nan,49/124,21/62,0.20818185806274414
124,127,0.0150000000000000,0.100000000000000,5,monomial_based,67/124,nan,nan,7945/15376,nan,nan,2.8593451976776123
124,127,0.0150000000000000,0.100000000000000,5,list_based,61/124,83/124,3/4,nan,41/124,1/4,0.20912504196166992
124,127,0.0150000000000000,0.150000000000000,1,monomial_based,33/124,nan,nan,5191/7688,nan,nan,2.936569929122925
124,127,0.0150000000000000,0.150000000000000,1,list_based,33/124,57/124,69/124,nan,57/124,55/124,0.20988917350769043
124,127,0.0150000000000000,0.150000000000000,2,monomial_based,15/62,nan,nan,10485/15376,nan,nan,2.7921910285949707
124,127,0.0150000000000000,0.150000000000000,2,list_based,7/31,53/124,19/31,nan,13/31,49/124,0.21419882774353027
124,127,0.0150000000000000,0.150000000000000,3,monomial_based,21/62,nan,nan,10409/15376,nan,nan,2.8660361766815186
124,127,0.0150000000000000,0.150000000000000,3,list_based,6/31,57/124,1/2,nan,55/124,1/2,0.23622894287109375
124,127,0.0150000000000000,0.150000000000000,4,monomial_based,13/62,nan,nan,10393/15376,nan,nan,2.858289957046509
124,127,0.0150000000000000,0.150000000000000,4,list_based,15/62,27/62,18/31,nan,1/2,53/124,0.21637988090515137
124,127,0.0150000000000000,0.150000000000000,5,monomial_based,17/62,nan,nan,2591/3844,nan,nan,2.820603132247925
124,127,0.0150000000000000,0.150000000000000,5,list_based,37/124,63/124,19/31,nan,51/124,12/31,0.20552897453308105
124,127,0.0150000000000000,0.200000000000000,1,monomial_based,9/62,nan,nan,12063/15376,nan,nan,2.8910112380981445
124,127,0.0150000000000000,0.200000000000000,1,list_based,21/124,49/124,55/124,nan,16/31,69/124,0.20884990692138672
124,127,0.0150000000000000,0.200000000000000,2,monomial_based,3/31,nan,nan,12127/15376,nan,nan,2.8900318145751953
124,127,0.0150000000000000,0.200000000000000,2,list_based,5/31,10/31,63/124,nan,63/124,61/124,0.20815491676330566
124,127,0.0150000000000000,0.200000000000000,3,monomial_based,15/62,nan,nan,12113/15376,nan,nan,2.8376529216766357
124,127,0.0150000000000000,0.200000000000000,3,list_based,4/31,10/31,45/124,nan,65/124,79/124,0.20908164978027344
124,127,0.0150000000000000,0.200000000000000,4,monomial_based,15/124,nan,nan,1517/1922,nan,nan,2.865816831588745
124,127,0.0150000000000000,0.200000000000000,4,list_based,15/124,1/4,29/62,nan,19/31,33/62,0.2689228057861328
124,127,0.0150000000000000,0.200000000000000,5,monomial_based,11/62,nan,nan,6049/7688,nan,nan,2.8625848293304443
124,127,0.0150000000000000,0.200000000000000,5,list_based,23/124,49/124,65/124,nan,65/124,59/124,0.2119131088256836
124,127,0.0200000000000000,0.0500000000000000,1,monomial_based,45/62,nan,nan,1153/3844,nan,nan,2.9108169078826904
124,127,0.0200000000000000,0.0500000000000000,1,list_based,77/124,95/124,101/124,nan,13/62,23/124,0.20558595657348633
124,127,0.0200000000000000,0.0500000000000000,2,monomial_based,79/124,nan,nan,1143/3844,nan,nan,2.932109832763672
124,127,0.0200000000000000,0.0500000000000000,2,list_based,37/62,24/31,25/31,nan,13/62,6/31,0.232191801071167
124,127,0.0200000000000000,0.0500000000000000,3,monomial_based,47/62,nan,nan,4635/15376,nan,nan,2.813145160675049
124,127,0.0200000000000000,0.0500000000000000,3,list_based,33/62,43/62,95/124,nan,27/124,29/124,0.2114698886871338
124,127,0.0200000000000000,0.0500000000000000,4,monomial_based,20/31,nan,nan,4607/15376,nan,nan,2.9905002117156982
124,127,0.0200000000000000,0.0500000000000000,4,list_based,16/31,19/31,101/124,nan,35/124,23/124,0.2106781005859375
124,127,0.0200000000000000,0.0500000000000000,5,monomial_based,89/124,nan,nan,4563/15376,nan,nan,2.951496124267578
124,127,0.0200000000000000,0.0500000000000000,5,list_based,73/124,45/62,101/124,nan,17/62,23/124,0.21742486953735352
124,127,0.0200000000000000,0.100000000000000,1,monomial_based,16/31,nan,nan,7975/15376,nan,nan,2.870192766189575
124,127,0.0200000000000000,0.100000000000000,1,list_based,13/31,81/124,41/62,nan,10/31,21/62,0.20993328094482422
124,127,0.0200000000000000,0.100000000000000,2,monomial_based,12/31,nan,nan,1993/3844,nan,nan,2.7449159622192383
124,127,0.0200000000000000,0.100000000000000,2,list_based,51/124,75/124,21/31,nan,21/62,10/31,0.2071068286895752
124,127,0.0200000000000000,0.100000000000000,3,monomial_based,69/124,nan,nan,3955/7688,nan,nan,2.749882698059082
124,127,0.0200000000000000,0.100000000000000,3,list_based,25/62,37/62,83/124,nan,37/124,41/124,0.21152019500732422
124,127,0.0200000000000000,0.100000000000000,4,monomial_based,49/124,nan,nan,3981/7688,nan,nan,2.7916696071624756
124,127,0.0200000000000000,0.100000000000000,4,list_based,9/31,15/31,81/124,nan,13/31,43/124,0.22864484786987305
124,127,0.0200000000000000,0.100000000000000,5,monomial_based,16/31,nan,nan,1987/3844,nan,nan,2.761906862258911
124,127,0.0200000000000000,0.100000000000000,5,list_based,53/124,71/124,45/62,nan,21/62,17/62,0.2071092128753662
124,127,0.0200000000000000,0.150000000000000,1,monomial_based,35/124,nan,nan,10383/15376,nan,nan,2.808746099472046
124,127,0.0200000000000000,0.150000000000000,1,list_based,23/124,12/31,69/124,nan,59/124,55/124,0.21261000633239746
124,127,0.0200000000000000,0.150000000000000,2,monomial_based,15/62,nan,nan,10485/15376,nan,nan,2.8563578128814697
124,127,0.0200000000000000,0.150000000000000,2,list_based,13/62,13/31,37/62,nan,57/124,25/62,0.21619606018066406
124,127,0.0200000000000000,0.150000000000000,3,monomial_based,10/31,nan,nan,10409/15376,nan,nan,2.902841806411743
124,127,0.0200000000000000,0.150000000000000,3,list_based,9/62,47/124,15/31,nan,14/31,16/31,0.276561975479126
124,127,0.0200000000000000,0.150000000000000,4,monomial_based,11/62,nan,nan,10395/15376,nan,nan,3.1091723442077637
124,127,0.0200000000000000,0.150000000000000,4,list_based,25/124,27/62,35/62,nan,65/124,27/62,0.20667695999145508
124,127,0.0200000000000000,0.150000000000000,5,monomial_based,9/31,nan,nan,10367/15376,nan,nan,2.9331960678100586
124,127,0.0200000000000000,0.150000000000000,5,list_based,1/4,14/31,37/62,nan,51/124,51/124,0.21104097366333008
124,127,0.0200000000000000,0.200000000000000,1,monomial_based,19/124,nan,nan,754/961,nan,nan,2.7735679149627686
124,127,0.0200000000000000,0.200000000000000,1,list_based,9/62,45/124,55/124,nan,33/62,69/124,0.20794296264648438
124,127,0.0200000000000000,0.200000000000000,2,monomial_based,15/124,nan,nan,12127/15376,nan,nan,2.851594924926758
124,127,0.0200000000000000,0.200000000000000,2,list_based,19/124,23/62,1/2,nan,33/62,1/2,0.21217632293701172
124,127,0.0200000000000000,0.200000000000000,3,monomial_based,7/31,nan,nan,12113/15376,nan,nan,2.7448699474334717
124,127,0.0200000000000000,0.200000000000000,3,list_based,17/124,53/124,11/31,nan,33/62,20/31,0.20675110816955566
124,127,0.0200000000000000,0.200000000000000,4,monomial_based,13/124,nan,nan,6069/7688,nan,nan,2.7889740467071533
124,127,0.0200000000000000,0.200000000000000,4,list_based,9/62,41/124,57/124,nan,77/124,67/124,0.20810699462890625
124,127,0.0200000000000000,0.200000000000000,5,monomial_based,11/62,nan,nan,12101/15376,nan,nan,2.866230010986328
124,127,0.0200000000000000,0.200000000000000,5,list_based,13/62,53/124,16/31,nan,65/124,61/124,0.21450328826904297
256,5,0.00500000000000000,0.0500000000000000,1,monomial_based,0.203125,nan,nan,0.140899658203125,nan,nan,1.5815761089324951
256,5,0.00500000000000000,0.0500000000000000,1,list_based,0.7109375,0.7421875,0.953125,nan,0.2109375,0.07421875,0.48614501953125
256,5,0.00500000000000000,0.0500000000000000,2,monomial_based,0.1484375,nan,nan,0.144622802734375,nan,nan,1.7250123023986816
256,5,0.00500000000000000,0.0500000000000000,2,list_based,0.70703125,0.75,0.9453125,nan,0.234375,0.1015625,0.5004539489746094
256,5,0.00500000000000000,0.0500000000000000,3,monomial_based,0.22265625,nan,nan,0.1412200927734375,nan,nan,1.7699761390686035
256,5,0.00500000000000000,0.0500000000000000,3,list_based,0.734375,0.76171875,0.97265625,nan,0.19140625,0.0625,0.5076110363006592
256,5,0.00500000000000000,0.0500000000000000,4,monomial_based,0.1640625,nan,nan,0.1427154541015625,nan,nan,1.7048437595367432
256,5,0.00500000000000000,0.0500000000000000,4,list_based,0.796875,0.859375,0.92578125,nan,0.13671875,0.08984375,0.5093109607696533
256,5,0.00500000000000000,0.0500000000000000,5,monomial_based,0.17578125,nan,nan,0.1417083740234375,nan,nan,1.7640531063079834
256,5,0.00500000000000000,0.0500000000000000,5,list_based,0.7421875,0.796875,0.9375,nan,0.2109375,0.1171875,0.5635342597961426
256,5,0.00500000000000000,0.100000000000000,1,monomial_based,0.11328125,nan,nan,0.271514892578125,nan,nan,1.6853268146514893
256,5,0.00500000000000000,0.100000000000000,1,list_based,0.5,0.5234375,0.91796875,nan,0.375,0.1640625,0.553508996963501
256,5,0.00500000000000000,0.100000000000000,2,monomial_based,0.07421875,nan,nan,0.27264404296875,nan,nan,1.9251718521118164
256,5,0.00500000000000000,0.100000000000000,2,list_based,0.48828125,0.56640625,0.8671875,nan,0.37109375,0.2109375,0.5870139598846436
256,5,0.00500000000000000,0.100000000000000,3,monomial_based,0.10546875,nan,nan,0.2667694091796875,nan,nan,1.7170681953430176
256,5,0.00500000000000000,0.100000000000000,3,list_based,0.484375,0.53125,0.9140625,nan,0.33984375,0.16015625,0.5157759189605713
256,5,0.00500000000000000,0.100000000000000,4,monomial_based,0.109375,nan,nan,0.269500732421875,nan,nan,1.7464892864227295
256,5,0.00500000000000000,0.100000000000000,4,list_based,0.5703125,0.62109375,0.90234375,nan,0.27734375,0.13671875,0.5821828842163086
256,5,0.00500000000000000,0.100000000000000,5,monomial_based,0.0703125,nan,nan,0.2693023681640625,nan,nan,1.728269100189209
256,5,0.00500000000000000,0.100000000000000,5,list_based,0.47265625,0.5234375,0.890625,nan,0.3515625,0.1953125,0.5521879196166992
256,5,0.00500000000000000,0.150000000000000,1,monomial_based,0.03515625,nan,nan,0.387115478515625,nan,nan,1.6781032085418701
256,5,0.00500000000000000,0.150000000000000,1,list_based,0.32421875,0.35546875,0.8515625,nan,0.51171875,0.2578125,0.5306723117828369
256,5,0.00500000000000000,0.150000000000000,2,monomial_based,0.03125,nan,nan,0.387969970703125,nan,nan,1.68985915184021
256,5,0.00500000000000000,0.150000000000000,2,list_based,0.328125,0.38671875,0.83203125,nan,0.48828125,0.2734375,0.5239408016204834
256,5,0.00500000000000000,0.150000000000000,3,monomial_based,0.0390625,nan,nan,0.3826141357421875,nan,nan,1.63565993309021
256,5,0.00500000000000000,0.150000000000000,3,list_based,0.38671875,0.421875,0.87890625,nan,0.45703125,0.21875,0.5258948802947998
256,5,0.00500000000000000,0.150000000000000,4,monomial_based,0.046875,nan,nan,0.3838348388671875,nan,nan,1.6610298156738281
256,5,0.00500000000000000,0.150000000000000,4,list_based,0.41015625,0.46875,0.859375,nan,0.43359375,0.23828125,0.5804939270019531
256,5,0.00500000000000000,0.150000000000000,5,monomial_based,0.04296875,nan,nan,0.383819580078125,nan,nan,1.8942101001739502
256,5,0.00500000000000000,0.150000000000000,5,list_based,0.33203125,0.421875,0.8125,nan,0.46484375,0.3046875,0.604949951171875
256,5,0.00500000000000000,0.200000000000000,1,monomial_based,0.015625,nan,nan,0.488433837890625,nan,nan,1.646630048751831
256,5,0.00500000000000000,0.200000000000000,1,list_based,0.2421875,0.28125,0.80078125,nan,0.6015625,0.3515625,0.5682549476623535
256,5,0.00500000000000000,0.200000000000000,2,monomial_based,0.02734375,nan,nan,0.4902191162109375,nan,nan,1.665402889251709
256,5,0.00500000000000000,0.200000000000000,2,list_based,0.1953125,0.26171875,0.79296875,nan,0.59375,0.328125,0.5451822280883789
256,5,0.00500000000000000,0.200000000000000,3,monomial_based,0.02734375,nan,nan,0.4855804443359375,nan,nan,1.6525049209594727
256,5,0.00500000000000000,0.200000000000000,3,list_based,0.25390625,0.28125,0.83203125,nan,0.5546875,0.3125,0.5626208782196045
256,5,0.00500000000000000,0.200000000000000,4,monomial_based,0.015625,nan,nan,0.486724853515625,nan,nan,1.73403000831604
256,5,0.00500000000000000,0.200000000000000,4,list_based,0.25390625,0.30078125,0.78515625,nan,0.53125,0.33984375,0.5786900520324707
256,5,0.00500000000000000,0.200000000000000,5,monomial_based,0.03125,nan,nan,0.484588623046875,nan,nan,1.7613699436187744
256,5,0.00500000000000000,0.200000000000000,5,list_based,0.1875,0.25390625,0.79296875,nan,0.55078125,0.36328125,0.6610500812530518
256,5,0.0100000000000000,0.0500000000000000,1,monomial_based,0.21875,nan,nan,0.1409149169921875,nan,nan,2.07954478263855
256,5,0.0100000000000000,0.0500000000000000,1,list_based,0.71875,0.75390625,0.9453125,nan,0.21875,0.08984375,0.7010900974273682
256,5,0.0100000000000000,0.0500000000000000,2,monomial_based,0.1640625,nan,nan,0.1446533203125,nan,nan,1.8277091979980469
256,5,0.0100000000000000,0.0500000000000000,2,list_based,0.640625,0.6796875,0.9453125,nan,0.25390625,0.10546875,0.5624279975891113
256,5,0.0100000000000000,0.0500000000000000,3,monomial_based,0.22265625,nan,nan,0.1412506103515625,nan,nan,1.8726117610931396
256,5,0.0100000000000000,0.0500000000000000,3,list_based,0.6796875,0.71484375,0.9609375,nan,0.21484375,0.0625,0.5448987483978271
256,5,0.0100000000000000,0.0500000000000000,4,monomial_based,0.16015625,nan,nan,0.142730712890625,nan,nan,1.8002800941467285
256,5,0.0100000000000000,0.0500000000000000,4,list_based,0.74609375,0.78515625,0.94921875,nan,0.15625,0.09765625,0.5669198036193848
256,5,0.0100000000000000,0.0500000000000000,5,monomial_based,0.1796875,nan,nan,0.1417236328125,nan,nan,1.8095190525054932
256,5,0.0100000000000000,0.0500000000000000,5,list_based,0.640625,0.7109375,0.91796875,nan,0.24609375,0.1328125,0.5356009006500244
256,5,0.0100000000000000,0.100000000000000,1,monomial_based,0.1171875,nan,nan,0.2715301513671875,nan,nan,1.7483620643615723
256,5,0.0100000000000000,0.100000000000000,1,list_based,0.49609375,0.5234375,0.90234375,nan,0.3828125,0.1796875,0.5494320392608643
256,5,0.0100000000000000,0.100000000000000,2,monomial_based,0.08203125,nan,nan,0.272674560546875,nan,nan,1.7425041198730469
256,5,0.0100000000000000,0.100000000000000,2,list_based,0.43359375,0.49609375,0.86328125,nan,0.38671875,0.21484375,0.5772688388824463
256,5,0.0100000000000000,0.100000000000000,3,monomial_based,0.11328125,nan,nan,0.2667999267578125,nan,nan,1.6849610805511475
256,5,0.0100000000000000,0.100000000000000,3,list_based,0.50390625,0.54296875,0.9140625,nan,0.35546875,0.16015625,0.5318713188171387
256,5,0.0100000000000000,0.100000000000000,4,monomial_based,0.09765625,nan,nan,0.2695159912109375,nan,nan,1.7575550079345703
256,5,0.0100000000000000,0.100000000000000,4,list_based,0.54296875,0.60546875,0.89453125,nan,0.296875,0.14453125,0.5880930423736572
256,5,0.0100000000000000,0.100000000000000,5,monomial_based,0.0859375,nan,nan,0.269317626953125,nan,nan,1.7739982604980469
256,5,0.0100000000000000,0.100000000000000,5,list_based,0.43359375,0.5,0.875,nan,0.3828125,0.2109375,0.5596210956573486
256,5,0.0100000000000000,0.150000000000000,1,monomial_based,0.0625,nan,nan,0.3871307373046875,nan,nan,1.7744410037994385
256,5,0.0100000000000000,0.150000000000000,1,list_based,0.3046875,0.328125,0.83984375,nan,0.51953125,0.2734375,0.5361959934234619
256,5,0.0100000000000000,0.150000000000000,2,monomial_based,0.046875,nan,nan,0.3879852294921875,nan,nan,1.8552839756011963
256,5,0.0100000000000000,0.150000000000000,2,list_based,0.328125,0.41015625,0.828125,nan,0.5,0.27734375,0.5479578971862793
256,5,0.0100000000000000,0.150000000000000,3,monomial_based,0.03125,nan,nan,0.3826446533203125,nan,nan,1.750236988067627
256,5,0.0100000000000000,0.150000000000000,3,list_based,0.33984375,0.375,0.87890625,nan,0.4609375,0.21875,0.5407018661499023
256,5,0.0100000000000000,0.150000000000000,4,monomial_based,0.046875,nan,nan,0.38385009765625,nan,nan,1.6936118602752686
256,5,0.0100000000000000,0.150000000000000,4,list_based,0.32421875,0.37890625,0.8515625,nan,0.4453125,0.24609375,0.5913650989532471
256,5,0.0100000000000000,0.150000000000000,5,monomial_based,0.04296875,nan,nan,0.3838348388671875,nan,nan,1.659898042678833
256,5,0.0100000000000000,0.150000000000000,5,list_based,0.27734375,0.359375,0.796875,nan,0.49609375,0.3203125,0.5516119003295898
256,5,0.0100000000000000,0.200000000000000,1,monomial_based,0.015625,nan,nan,0.4884490966796875,nan,nan,1.6248791217803955
256,5,0.0100000000000000,0.200000000000000,1,list_based,0.22265625,0.26171875,0.78515625,nan,0.609375,0.3671875,0.5891449451446533
256,5,0.0100000000000000,0.200000000000000,2,monomial_based,0.02734375,nan,nan,0.490234375,nan,nan,1.6099162101745605
256,5,0.0100000000000000,0.200000000000000,2,list_based,0.1875,0.24609375,0.7890625,nan,0.60546875,0.33203125,0.5375509262084961
256,5,0.0100000000000000,0.200000000000000,3,monomial_based,0.02734375,nan,nan,0.4856109619140625,nan,nan,1.6590709686279297
256,5,0.0100000000000000,0.200000000000000,3,list_based,0.28125,0.31640625,0.83203125,nan,0.55859375,0.3125,0.5374767780303955
256,5,0.0100000000000000,0.200000000000000,4,monomial_based,0.015625,nan,nan,0.4867401123046875,nan,nan,1.6127088069915771
256,5,0.0100000000000000,0.200000000000000,4,list_based,0.29296875,0.36328125,0.77734375,nan,0.54296875,0.34765625,0.5918030738830566
256,5,0.0100000000000000,0.200000000000000,5,monomial_based,0.03125,nan,nan,0.4846038818359375,nan,nan,1.5745971202850342
256,5,0.0100000000000000,0.200000000000000,5,list_based,0.203125,0.28515625,0.77734375,nan,0.578125,0.37890625,0.5617799758911133
256,5,0.0150000000000000,0.0500000000000000,1,monomial_based,0.18359375,nan,nan,0.1409454345703125,nan,nan,1.8577227592468262
256,5,0.0150000000000000,0.0500000000000000,1,list_based,0.6640625,0.6875,0.93359375,nan,0.23828125,0.09375,0.5724260807037354
256,5,0.0150000000000000,0.0500000000000000,2,monomial_based,0.1484375,nan,nan,0.1446990966796875,nan,nan,1.7911229133605957
256,5,0.0150000000000000,0.0500000000000000,2,list_based,0.62109375,0.6640625,0.94140625,nan,0.27734375,0.109375,0.5339140892028809
256,5,0.0150000000000000,0.0500000000000000,3,monomial_based,0.234375,nan,nan,0.141265869140625,nan,nan,1.8772528171539307
256,5,0.0150000000000000,0.0500000000000000,3,list_based,0.703125,0.73046875,0.97265625,nan,0.21484375,0.0625,0.5443649291992188
256,5,0.0150000000000000,0.0500000000000000,4,monomial_based,0.16796875,nan,nan,0.142730712890625,nan,nan,1.8173890113830566
256,5,0.0150000000000000,0.0500000000000000,4,list_based,0.73046875,0.796875,0.91796875,nan,0.16796875,0.09765625,0.5246918201446533
256,5,0.0150000000000000,0.0500000000000000,5,monomial_based,0.16796875,nan,nan,0.1417236328125,nan,nan,1.82688307762146
256,5,0.0150000000000000,0.0500000000000000,5,list_based,0.609375,0.671875,0.9140625,nan,0.2734375,0.13671875,0.5262267589569092
256,5,0.0150000000000000,0.100000000000000,1,monomial_based,0.09765625,nan,nan,0.2715606689453125,nan,nan,1.7749531269073486
256,5,0.0150000000000000,0.100000000000000,1,list_based,0.5078125,0.53515625,0.8984375,nan,0.39453125,0.18359375,0.5319559574127197
256,5,0.0150000000000000,0.100000000000000,2,monomial_based,0.07421875,nan,nan,0.2727203369140625,nan,nan,1.7725028991699219
256,5,0.0150000000000000,0.100000000000000,2,list_based,0.40625,0.48046875,0.86328125,nan,0.40625,0.21875,0.5984530448913574
256,5,0.0150000000000000,0.100000000000000,3,monomial_based,0.12109375,nan,nan,0.2667999267578125,nan,nan,1.6830739974975586
256,5,0.0150000000000000,0.100000000000000,3,list_based,0.48046875,0.5234375,0.9140625,nan,0.35546875,0.16015625,0.5467181205749512
256,5,0.0150000000000000,0.100000000000000,4,monomial_based,0.10546875,nan,nan,0.2695159912109375,nan,nan,1.7620532512664795
256,5,0.0150000000000000,0.100000000000000,4,list_based,0.5234375,0.578125,0.89453125,nan,0.30859375,0.14453125,0.5784358978271484
256,5,0.0150000000000000,0.100000000000000,5,monomial_based,0.078125,nan,nan,0.269317626953125,nan,nan,1.7072219848632812
256,5,0.0150000000000000,0.100000000000000,5,list_based,0.40234375,0.4609375,0.87109375,nan,0.40234375,0.2109375,0.5661067962646484
256,5,0.0150000000000000,0.150000000000000,1,monomial_based,0.0546875,nan,nan,0.38714599609375,nan,nan,1.8082659244537354
256,5,0.0150000000000000,0.150000000000000,1,list_based,0.28125,0.3125,0.83203125,nan,0.52734375,0.27734375,0.5703129768371582
256,5,0.0150000000000000,0.150000000000000,2,monomial_based,0.046875,nan,nan,0.388031005859375,nan,nan,1.801462173461914
256,5,0.0150000000000000,0.150000000000000,2,list_based,0.3046875,0.37109375,0.828125,nan,0.51953125,0.28125,0.6179859638214111
256,5,0.0150000000000000,0.150000000000000,3,monomial_based,0.0390625,nan,nan,0.3826446533203125,nan,nan,2.0857369899749756
256,5,0.0150000000000000,0.150000000000000,3,list_based,0.33984375,0.37109375,0.87890625,nan,0.4609375,0.21875,0.6800031661987305
256,5,0.0150000000000000,0.150000000000000,4,monomial_based,0.0390625,nan,nan,0.38385009765625,nan,nan,1.8715488910675049
256,5,0.0150000000000000,0.150000000000000,4,list_based,0.35546875,0.41796875,0.84765625,nan,0.45703125,0.24609375,0.5838110446929932
256,5,0.0150000000000000,0.150000000000000,5,monomial_based,0.03515625,nan,nan,0.3838348388671875,nan,nan,1.8950700759887695
256,5,0.0150000000000000,0.150000000000000,5,list_based,0.25390625,0.3203125,0.796875,nan,0.51171875,0.3203125,0.5806090831756592
256,5,0.0150000000000000,0.200000000000000,1,monomial_based,0.01953125,nan,nan,0.4884490966796875,nan,nan,1.7924790382385254
256,5,0.0150000000000000,0.200000000000000,1,list_based,0.1640625,0.1953125,0.78125,nan,0.6171875,0.37109375,0.6019947528839111
256,5,0.0150000000000000,0.200000000000000,2,monomial_based,0.0390625,nan,nan,0.4902801513671875,nan,nan,1.7827162742614746
256,5,0.0150000000000000,0.200000000000000,2,list_based,0.20703125,0.24609375,0.7890625,nan,0.625,0.3359375,0.6494059562683105
256,5,0.0150000000000000,0.200000000000000,3,monomial_based,0.01953125,nan,nan,0.4856109619140625,nan,nan,1.7882468700408936
256,5,0.0150000000000000,0.200000000000000,3,list_based,0.28515625,0.31640625,0.83203125,nan,0.55859375,0.3125,0.5885839462280273
256,5,0.0150000000000000,0.200000000000000,4,monomial_based,0.01953125,nan,nan,0.4867401123046875,nan,nan,1.8285160064697266
256,5,0.0150000000000000,0.200000000000000,4,list_based,0.21875,0.296875,0.77734375,nan,0.5546875,0.34765625,0.5870010852813721
256,5,0.0150000000000000,0.200000000000000,5,monomial_based,0.04296875,nan,nan,0.4846038818359375,nan,nan,1.8450911045074463
256,5,0.0150000000000000,0.200000000000000,5,list_based,0.20703125,0.28125,0.77734375,nan,0.59375,0.37890625,0.6179807186126709
256,5,0.0200000000000000,0.0500000000000000,1,monomial_based,0.1875,nan,nan,0.1409759521484375,nan,nan,2.030094861984253
256,5,0.0200000000000000,0.0500000000000000,1,list_based,0.62109375,0.65234375,0.9296875,nan,0.26171875,0.09765625,0.6338889598846436
256,5,0.0200000000000000,0.0500000000000000,2,monomial_based,0.1484375,nan,nan,0.14471435546875,nan,nan,2.223065137863159
256,5,0.0200000000000000,0.0500000000000000,2,list_based,0.62109375,0.66015625,0.94140625,nan,0.2890625,0.109375,0.7231760025024414
256,5,0.0200000000000000,0.0500000000000000,3,monomial_based,0.21875,nan,nan,0.1412811279296875,nan,nan,2.150885820388794
256,5,0.0200000000000000,0.0500000000000000,3,list_based,0.66015625,0.69140625,0.96875,nan,0.23828125,0.06640625,0.6003608703613281
256,5,0.0200000000000000,0.0500000000000000,4,monomial_based,0.15625,nan,nan,0.142791748046875,nan,nan,2.082913875579834
256,5,0.0200000000000000,0.0500000000000000,4,list_based,0.68359375,0.74609375,0.9140625,nan,0.17578125,0.10546875,0.6315288543701172
256,5,0.0200000000000000,0.0500000000000000,5,monomial_based,0.17578125,nan,nan,0.1417999267578125,nan,nan,2.1779189109802246
256,5,0.0200000000000000,0.0500000000000000,5,list_based,0.5859375,0.65234375,0.91015625,nan,0.27734375,0.14453125,0.7680890560150146
256,5,0.0200000000000000,0.100000000000000,1,monomial_based,0.11328125,nan,nan,0.2715911865234375,nan,nan,2.178156852722168
256,5,0.0200000000000000,0.100000000000000,1,list_based,0.48046875,0.51171875,0.89453125,nan,0.41796875,0.1875,0.6796460151672363
256,5,0.0200000000000000,0.100000000000000,2,monomial_based,0.08203125,nan,nan,0.272735595703125,nan,nan,2.0308990478515625
256,5,0.0200000000000000,0.100000000000000,2,list_based,0.4140625,0.48046875,0.86328125,nan,0.4140625,0.21875,0.6675689220428467
256,5,0.0200000000000000,0.100000000000000,3,monomial_based,0.11328125,nan,nan,0.266815185546875,nan,nan,2.0401573181152344
256,5,0.0200000000000000,0.100000000000000,3,list_based,0.4921875,0.53515625,0.91015625,nan,0.37109375,0.1640625,0.6298608779907227
256,5,0.0200000000000000,0.100000000000000,4,monomial_based,0.09375,nan,nan,0.269561767578125,nan,nan,2.176027774810791
256,5,0.0200000000000000,0.100000000000000,4,list_based,0.5234375,0.578125,0.890625,nan,0.3125,0.15234375,0.666856050491333
256,5,0.0200000000000000,0.100000000000000,5,monomial_based,0.078125,nan,nan,0.2693939208984375,nan,nan,2.236527681350708
256,5,0.0200000000000000,0.100000000000000,5,list_based,0.4453125,0.51171875,0.87109375,nan,0.40625,0.21484375,0.6661238670349121
256,5,0.0200000000000000,0.150000000000000,1,monomial_based,0.04296875,nan,nan,0.387176513671875,nan,nan,2.42376971244812
256,5,0.0200000000000000,0.150000000000000,1,list_based,0.296875,0.32421875,0.83203125,nan,0.546875,0.28125,0.6908950805664062
256,5,0.0200000000000000,0.150000000000000,2,monomial_based,0.03125,nan,nan,0.3880462646484375,nan,nan,2.132028102874756
256,5,0.0200000000000000,0.150000000000000,2,list_based,0.31640625,0.3984375,0.82421875,nan,0.5234375,0.28125,0.6803038120269775
256,5,0.0200000000000000,0.150000000000000,3,monomial_based,0.03125,nan,nan,0.382659912109375,nan,nan,1.951718807220459
256,5,0.0200000000000000,0.150000000000000,3,list_based,0.3828125,0.42578125,0.875,nan,0.4765625,0.22265625,0.9285411834716797
256,5,0.0200000000000000,0.150000000000000,4,monomial_based,0.03125,nan,nan,0.3838958740234375,nan,nan,2.3088080883026123
256,5,0.0200000000000000,0.150000000000000,4,list_based,0.34375,0.4296875,0.84375,nan,0.45703125,0.25390625,0.6465418338775635
256,5,0.0200000000000000,0.150000000000000,5,monomial_based,0.04296875,nan,nan,0.3839111328125,nan,nan,1.984490156173706
256,5,0.0200000000000000,0.150000000000000,5,list_based,0.26171875,0.34375,0.7890625,nan,0.515625,0.32421875,0.6570899486541748
256,5,0.0200000000000000,0.200000000000000,1,monomial_based,0.04296875,nan,nan,0.4884796142578125,nan,nan,1.7898318767547607
256,5,0.0200000000000000,0.200000000000000,1,list_based,0.21484375,0.24609375,0.77734375,nan,0.63671875,0.375,0.6658940315246582
256,5,0.0200000000000000,0.200000000000000,2,monomial_based,0.03125,nan,nan,0.49029541015625,nan,nan,2.004831075668335
256,5,0.0200000000000000,0.200000000000000,2,list_based,0.21484375,0.27734375,0.7890625,nan,0.62890625,0.3359375,0.6114580631256104
256,5,0.0200000000000000,0.200000000000000,3,monomial_based,0.01953125,nan,nan,0.485626220703125,nan,nan,1.8609731197357178
256,5,0.0200000000000000,0.200000000000000,3,list_based,0.2421875,0.26953125,0.828125,nan,0.57421875,0.3125,0.6033239364624023
256,5,0.0200000000000000,0.200000000000000,4,monomial_based,0.01953125,nan,nan,0.486785888671875,nan,nan,1.8250548839569092
256,5,0.0200000000000000,0.200000000000000,4,list_based,0.2109375,0.296875,0.76953125,nan,0.5546875,0.3515625,0.6359739303588867
256,5,0.0200000000000000,0.200000000000000,5,monomial_based,0.015625,nan,nan,0.48468017578125,nan,nan,1.8386139869689941
256,5,0.0200000000000000,0.200000000000000,5,list_based,0.2109375,0.27734375,0.77734375,nan,0.59765625,0.3828125,0.6148421764373779
256,11,0.00500000000000000,0.0500000000000000,1,monomial_based,0.3046875,nan,nan,0.186004638671875,nan,nan,2.657806873321533
256,11,0.00500000000000000,0.0500000000000000,1,list_based,0.734375,0.78125,0.93359375,nan,0.1953125,0.08984375,0.596992015838623
256,11,0.00500000000000000,0.0500000000000000,2,monomial_based,0.30078125,nan,nan,0.1881256103515625,nan,nan,2.595106840133667
256,11,0.00500000000000000,0.0500000000000000,2,list_based,0.6640625,0.73828125,0.90234375,nan,0.21875,0.11328125,0.5904691219329834
256,11,0.00500000000000000,0.0500000000000000,3,monomial_based,0.29296875,nan,nan,0.1841888427734375,nan,nan,2.592647075653076
256,11,0.00500000000000000,0.0500000000000000,3,list_based,0.62890625,0.66015625,0.95703125,nan,0.2421875,0.0859375,0.5840280055999756
256,11,0.00500000000000000,0.0500000000000000,4,monomial_based,0.26171875,nan,nan,0.1853179931640625,nan,nan,2.5294718742370605
256,11,0.00500000000000000,0.0500000000000000,4,list_based,0.6640625,0.76171875,0.8828125,nan,0.22265625,0.125,0.5871732234954834
256,11,0.00500000000000000,0.0500000000000000,5,monomial_based,0.3203125,nan,nan,0.184967041015625,nan,nan,2.484733819961548
256,11,0.00500000000000000,0.0500000000000000,5,list_based,0.703125,0.765625,0.9140625,nan,0.1875,0.109375,0.643251895904541
256,11,0.00500000000000000,0.100000000000000,1,monomial_based,0.1484375,nan,nan,0.34429931640625,nan,nan,2.3973312377929688
256,11,0.00500000000000000,0.100000000000000,1,list_based,0.453125,0.53125,0.859375,nan,0.359375,0.1875,0.5933089256286621
256,11,0.00500000000000000,0.100000000000000,2,monomial_based,0.0859375,nan,nan,0.344329833984375,nan,nan,2.564302682876587
256,11,0.00500000000000000,0.100000000000000,2,list_based,0.39453125,0.46484375,0.83984375,nan,0.41015625,0.19140625,0.5885648727416992
256,11,0.00500000000000000,0.100000000000000,3,monomial_based,0.140625,nan,nan,0.3400421142578125,nan,nan,2.392967939376831
256,11,0.00500000000000000,0.100000000000000,3,list_based,0.4921875,0.53125,0.9140625,nan,0.375,0.1640625,0.5963969230651855
256,11,0.00500000000000000,0.100000000000000,4,monomial_based,0.11328125,nan,nan,0.3428497314453125,nan,nan,2.437333106994629
256,11,0.00500000000000000,0.100000000000000,4,list_based,0.37890625,0.484375,0.8125,nan,0.375,0.2109375,0.5909848213195801
256,11,0.00500000000000000,0.100000000000000,5,monomial_based,0.14453125,nan,nan,0.3421173095703125,nan,nan,2.3984882831573486
256,11,0.00500000000000000,0.100000000000000,5,list_based,0.515625,0.609375,0.8515625,nan,0.3203125,0.1953125,0.5797171592712402
256,11,0.00500000000000000,0.150000000000000,1,monomial_based,0.06640625,nan,nan,0.475677490234375,nan,nan,2.5550880432128906
256,11,0.00500000000000000,0.150000000000000,1,list_based,0.31640625,0.390625,0.77734375,nan,0.48046875,0.2734375,0.5910489559173584
256,11,0.00500000000000000,0.150000000000000,2,monomial_based,0.0546875,nan,nan,0.4792633056640625,nan,nan,2.517314910888672
256,11,0.00500000000000000,0.150000000000000,2,list_based,0.28515625,0.36328125,0.765625,nan,0.51953125,0.28515625,0.5752918720245361
256,11,0.00500000000000000,0.150000000000000,3,monomial_based,0.0859375,nan,nan,0.4745330810546875,nan,nan,2.376697063446045
256,11,0.00500000000000000,0.150000000000000,3,list_based,0.31640625,0.390625,0.80078125,nan,0.49609375,0.2890625,0.6392641067504883
256,11,0.00500000000000000,0.150000000000000,4,monomial_based,0.05859375,nan,nan,0.4774017333984375,nan,nan,2.3603739738464355
256,11,0.00500000000000000,0.150000000000000,4,list_based,0.2890625,0.40625,0.72265625,nan,0.46875,0.29296875,0.5704271793365479
256,11,0.00500000000000000,0.150000000000000,5,monomial_based,0.0859375,nan,nan,0.4766387939453125,nan,nan,2.425673007965088
256,11,0.00500000000000000,0.150000000000000,5,list_based,0.34765625,0.44140625,0.78515625,nan,0.48046875,0.28515625,0.579362154006958
256,11,0.00500000000000000,0.200000000000000,1,monomial_based,0.05078125,nan,nan,0.5876312255859375,nan,nan,2.240198850631714
256,11,0.00500000000000000,0.200000000000000,1,list_based,0.19140625,0.265625,0.71484375,nan,0.5546875,0.35546875,0.5837628841400146
256,11,0.00500000000000000,0.200000000000000,2,monomial_based,0.02734375,nan,nan,0.592498779296875,nan,nan,2.295990228652954
256,11,0.00500000000000000,0.200000000000000,2,list_based,0.16015625,0.2109375,0.69140625,nan,0.625,0.37890625,0.5719568729400635
256,11,0.00500000000000000,0.200000000000000,3,monomial_based,0.0390625,nan,nan,0.587860107421875,nan,nan,2.1653032302856445
256,11,0.00500000000000000,0.200000000000000,3,list_based,0.14453125,0.203125,0.70703125,nan,0.625,0.3828125,0.6222798824310303
256,11,0.00500000000000000,0.200000000000000,4,monomial_based,0.03515625,nan,nan,0.5897064208984375,nan,nan,2.3910388946533203
256,11,0.00500000000000000,0.200000000000000,4,list_based,0.1640625,0.26953125,0.6640625,nan,0.58203125,0.38671875,0.6009068489074707
256,11,0.00500000000000000,0.200000000000000,5,monomial_based,0.0546875,nan,nan,0.58880615234375,nan,nan,2.3677849769592285
256,11,0.00500000000000000,0.200000000000000,5,list_based,0.1796875,0.24609375,0.70703125,nan,0.58984375,0.390625,0.578747034072876
256,11,0.0100000000000000,0.0500000000000000,1,monomial_based,0.30078125,nan,nan,0.186004638671875,nan,nan,2.53075909614563
256,11,0.0100000000000000,0.0500000000000000,1,list_based,0.68359375,0.73828125,0.921875,nan,0.20703125,0.09375,0.5583720207214355
256,11,0.0100000000000000,0.0500000000000000,2,monomial_based,0.265625,nan,nan,0.188140869140625,nan,nan,2.366323947906494
256,11,0.0100000000000000,0.0500000000000000,2,list_based,0.62890625,0.71484375,0.890625,nan,0.22265625,0.125,0.6242549419403076
256,11,0.0100000000000000,0.0500000000000000,3,monomial_based,0.28125,nan,nan,0.1842041015625,nan,nan,2.3606531620025635
256,11,0.0100000000000000,0.0500000000000000,3,list_based,0.62890625,0.6796875,0.9375,nan,0.25390625,0.10546875,0.5559778213500977
256,11,0.0100000000000000,0.0500000000000000,4,monomial_based,0.28515625,nan,nan,0.1853179931640625,nan,nan,2.439621686935425
256,11,0.0100000000000000,0.0500000000000000,4,list_based,0.5859375,0.67578125,0.87890625,nan,0.2421875,0.12890625,0.5723159313201904
256,11,0.0100000000000000,0.0500000000000000,5,monomial_based,0.3359375,nan,nan,0.1850433349609375,nan,nan,2.461271047592163
256,11,0.0100000000000000,0.0500000000000000,5,list_based,0.69140625,0.75,0.91015625,nan,0.20703125,0.1171875,0.5541026592254639
256,11,0.0100000000000000,0.100000000000000,1,monomial_based,0.14453125,nan,nan,0.34429931640625,nan,nan,2.3274948596954346
256,11,0.0100000000000000,0.100000000000000,1,list_based,0.43359375,0.50390625,0.85546875,nan,0.36328125,0.19140625,0.5547490119934082
256,11,0.0100000000000000,0.100000000000000,2,monomial_based,0.0859375,nan,nan,0.3443450927734375,nan,nan,2.301358222961426
256,11,0.0100000000000000,0.100000000000000,2,list_based,0.390625,0.45703125,0.828125,nan,0.4140625,0.203125,0.554271936416626
256,11,0.0100000000000000,0.100000000000000,3,monomial_based,0.13671875,nan,nan,0.340057373046875,nan,nan,2.314495086669922
256,11,0.0100000000000000,0.100000000000000,3,list_based,0.44140625,0.49609375,0.89453125,nan,0.38671875,0.1796875,0.5655701160430908
256,11,0.0100000000000000,0.100000000000000,4,monomial_based,0.109375,nan,nan,0.3428497314453125,nan,nan,2.3303380012512207
256,11,0.0100000000000000,0.100000000000000,4,list_based,0.375,0.4921875,0.80859375,nan,0.39453125,0.21484375,0.5552520751953125
256,11,0.0100000000000000,0.100000000000000,5,monomial_based,0.1171875,nan,nan,0.342193603515625,nan,nan,2.3178930282592773
256,11,0.0100000000000000,0.100000000000000,5,list_based,0.48046875,0.58203125,0.84375,nan,0.33984375,0.203125,0.5575909614562988
256,11,0.0100000000000000,0.150000000000000,1,monomial_based,0.07421875,nan,nan,0.475677490234375,nan,nan,2.3214111328125
256,11,0.0100000000000000,0.150000000000000,1,list_based,0.25390625,0.33203125,0.77734375,nan,0.484375,0.27734375,0.5676720142364502
256,11,0.0100000000000000,0.150000000000000,2,monomial_based,0.0546875,nan,nan,0.479278564453125,nan,nan,2.284111976623535
256,11,0.0100000000000000,0.150000000000000,2,list_based,0.203125,0.27734375,0.74609375,nan,0.5234375,0.296875,0.5718467235565186
256,11,0.0100000000000000,0.150000000000000,3,monomial_based,0.07421875,nan,nan,0.47454833984375,nan,nan,2.294862747192383
256,11,0.0100000000000000,0.150000000000000,3,list_based,0.265625,0.33984375,0.78125,nan,0.50390625,0.3046875,0.5502321720123291
256,11,0.0100000000000000,0.150000000000000,4,monomial_based,0.05859375,nan,nan,0.4774017333984375,nan,nan,2.221557855606079
256,11,0.0100000000000000,0.150000000000000,4,list_based,0.25390625,0.3671875,0.734375,nan,0.48828125,0.296875,0.5644569396972656
256,11,0.0100000000000000,0.150000000000000,5,monomial_based,0.09375,nan,nan,0.4766845703125,nan,nan,2.2299277782440186
256,11,0.0100000000000000,0.150000000000000,5,list_based,0.30859375,0.37109375,0.76953125,nan,0.4921875,0.29296875,0.5490288734436035
256,11,0.0100000000000000,0.200000000000000,1,monomial_based,0.05078125,nan,nan,0.5876312255859375,nan,nan,2.279097080230713
256,11,0.0100000000000000,0.200000000000000,1,list_based,0.21875,0.3046875,0.7109375,nan,0.55859375,0.359375,0.616894006729126
256,11,0.0100000000000000,0.200000000000000,2,monomial_based,0.02734375,nan,nan,0.5925140380859375,nan,nan,2.243192672729492
256,11,0.0100000000000000,0.200000000000000,2,list_based,0.1328125,0.20703125,0.6796875,nan,0.62890625,0.390625,0.5592117309570312
256,11,0.0100000000000000,0.200000000000000,3,monomial_based,0.02734375,nan,nan,0.5878753662109375,nan,nan,2.3385720252990723
256,11,0.0100000000000000,0.200000000000000,3,list_based,0.1796875,0.2734375,0.6875,nan,0.625,0.3984375,0.5691790580749512
256,11,0.0100000000000000,0.200000000000000,4,monomial_based,0.01953125,nan,nan,0.5897064208984375,nan,nan,2.331447124481201
256,11,0.0100000000000000,0.200000000000000,4,list_based,0.16015625,0.22265625,0.66015625,nan,0.59765625,0.390625,0.6582379341125488
256,11,0.0100000000000000,0.200000000000000,5,monomial_based,0.05078125,nan,nan,0.5888519287109375,nan,nan,2.5180280208587646
256,11,0.0100000000000000,0.200000000000000,5,list_based,0.19140625,0.2890625,0.69921875,nan,0.6015625,0.39453125,0.5635030269622803
256,11,0.0150000000000000,0.0500000000000000,1,monomial_based,0.29296875,nan,nan,0.18603515625,nan,nan,2.559936046600342
256,11,0.0150000000000000,0.0500000000000000,1,list_based,0.640625,0.69140625,0.92578125,nan,0.2265625,0.09765625,0.5559780597686768
256,11,0.0150000000000000,0.0500000000000000,2,monomial_based,0.25390625,nan,nan,0.188232421875,nan,nan,2.4261209964752197
256,11,0.0150000000000000,0.0500000000000000,2,list_based,0.6015625,0.69921875,0.87890625,nan,0.234375,0.1328125,0.5446779727935791
256,11,0.0150000000000000,0.0500000000000000,3,monomial_based,0.29296875,nan,nan,0.18426513671875,nan,nan,2.3799479007720947
256,11,0.0150000000000000,0.0500000000000000,3,list_based,0.60546875,0.65234375,0.9375,nan,0.265625,0.10546875,0.6097550392150879
256,11,0.0150000000000000,0.0500000000000000,4,monomial_based,0.31640625,nan,nan,0.18536376953125,nan,nan,2.351667881011963
256,11,0.0150000000000000,0.0500000000000000,4,list_based,0.61328125,0.7109375,0.87109375,nan,0.25390625,0.13671875,0.5559320449829102
256,11,0.0150000000000000,0.0500000000000000,5,monomial_based,0.28515625,nan,nan,0.185089111328125,nan,nan,2.3977060317993164
256,11,0.0150000000000000,0.0500000000000000,5,list_based,0.65234375,0.70703125,0.90625,nan,0.2265625,0.12109375,0.5622909069061279
256,11,0.0150000000000000,0.100000000000000,1,monomial_based,0.1484375,nan,nan,0.344329833984375,nan,nan,2.3950917720794678
256,11,0.0150000000000000,0.100000000000000,1,list_based,0.40234375,0.4609375,0.8515625,nan,0.37890625,0.1953125,0.5560944080352783
256,11,0.0150000000000000,0.100000000000000,2,monomial_based,0.10546875,nan,nan,0.3444061279296875,nan,nan,2.3416430950164795
256,11,0.0150000000000000,0.100000000000000,2,list_based,0.3515625,0.4453125,0.81640625,nan,0.421875,0.2109375,0.5492379665374756
256,11,0.0150000000000000,0.100000000000000,3,monomial_based,0.1171875,nan,nan,0.340118408203125,nan,nan,2.323385238647461
256,11,0.0150000000000000,0.100000000000000,3,list_based,0.421875,0.45703125,0.89453125,nan,0.3984375,0.1796875,0.549785852432251
256,11,0.0150000000000000,0.100000000000000,4,monomial_based,0.1171875,nan,nan,0.3428955078125,nan,nan,2.333477735519409
256,11,0.0150000000000000,0.100000000000000,4,list_based,0.38671875,0.49609375,0.80078125,nan,0.40625,0.22265625,0.5691549777984619
256,11,0.0150000000000000,0.100000000000000,5,monomial_based,0.140625,nan,nan,0.3422393798828125,nan,nan,2.353048801422119
256,11,0.0150000000000000,0.100000000000000,5,list_based,0.45703125,0.51953125,0.84375,nan,0.359375,0.20703125,0.5512518882751465
256,11,0.0150000000000000,0.150000000000000,1,monomial_based,0.078125,nan,nan,0.4757080078125,nan,nan,2.2838351726531982
256,11,0.0150000000000000,0.150000000000000,1,list_based,0.29296875,0.36328125,0.7734375,nan,0.5,0.28125,0.5676071643829346
256,11,0.0150000000000000,0.150000000000000,2,monomial_based,0.05078125,nan,nan,0.47930908203125,nan,nan,2.276601791381836
256,11,0.0150000000000000,0.150000000000000,2,list_based,0.2421875,0.30859375,0.7421875,nan,0.53125,0.3046875,0.585604190826416
256,11,0.0150000000000000,0.150000000000000,3,monomial_based,0.0703125,nan,nan,0.4745941162109375,nan,nan,2.259416103363037
256,11,0.0150000000000000,0.150000000000000,3,list_based,0.2421875,0.3203125,0.78125,nan,0.515625,0.3046875,0.6514770984649658
256,11,0.0150000000000000,0.150000000000000,4,monomial_based,0.05078125,nan,nan,0.477447509765625,nan,nan,2.2624130249023438
256,11,0.0150000000000000,0.150000000000000,4,list_based,0.26171875,0.36328125,0.73046875,nan,0.49609375,0.30078125,0.5552000999450684
256,11,0.0150000000000000,0.150000000000000,5,monomial_based,0.0859375,nan,nan,0.476715087890625,nan,nan,2.264336109161377
256,11,0.0150000000000000,0.150000000000000,5,list_based,0.2890625,0.359375,0.765625,nan,0.50390625,0.296875,0.581171989440918
256,11,0.0150000000000000,0.200000000000000,1,monomial_based,0.04296875,nan,nan,0.5876617431640625,nan,nan,2.4744651317596436
256,11,0.0150000000000000,0.200000000000000,1,list_based,0.19140625,0.26953125,0.70703125,nan,0.5703125,0.36328125,0.5850658416748047
256,11,0.0150000000000000,0.200000000000000,2,monomial_based,0.04296875,nan,nan,0.5925140380859375,nan,nan,2.308288097381592
256,11,0.0150000000000000,0.200000000000000,2,list_based,0.1640625,0.2421875,0.671875,nan,0.63671875,0.3984375,0.55568528175354
256,11,0.0150000000000000,0.200000000000000,3,monomial_based,0.03125,nan,nan,0.5879058837890625,nan,nan,2.191596031188965
256,11,0.0150000000000000,0.200000000000000,3,list_based,0.15234375,0.2265625,0.6875,nan,0.6328125,0.3984375,0.5621089935302734
256,11,0.0150000000000000,0.200000000000000,4,monomial_based,0.01171875,nan,nan,0.589752197265625,nan,nan,2.2537872791290283
256,11,0.0150000000000000,0.200000000000000,4,list_based,0.18359375,0.2734375,0.65625,nan,0.6015625,0.39453125,0.6406221389770508
256,11,0.0150000000000000,0.200000000000000,5,monomial_based,0.0625,nan,nan,0.5888824462890625,nan,nan,2.786017894744873
256,11,0.0150000000000000,0.200000000000000,5,list_based,0.1484375,0.234375,0.6953125,nan,0.609375,0.3984375,0.6289529800415039
256,11,0.0200000000000000,0.0500000000000000,1,monomial_based,0.296875,nan,nan,0.1860504150390625,nan,nan,2.5992379188537598
256,11,0.0200000000000000,0.0500000000000000,1,list_based,0.65234375,0.70703125,0.921875,nan,0.24609375,0.1015625,0.5673348903656006
256,11,0.0200000000000000,0.0500000000000000,2,monomial_based,0.25390625,nan,nan,0.188262939453125,nan,nan,2.4583942890167236
256,11,0.0200000000000000,0.0500000000000000,2,list_based,0.609375,0.70703125,0.87109375,nan,0.2421875,0.1484375,0.5572428703308105
256,11,0.0200000000000000,0.0500000000000000,3,monomial_based,0.27734375,nan,nan,0.1843719482421875,nan,nan,2.45711088180542
256,11,0.0200000000000000,0.0500000000000000,3,list_based,0.58984375,0.63671875,0.9375,nan,0.28125,0.109375,0.5721590518951416
256,11,0.0200000000000000,0.0500000000000000,4,monomial_based,0.2890625,nan,nan,0.1853790283203125,nan,nan,2.5159239768981934
256,11,0.0200000000000000,0.0500000000000000,4,list_based,0.56640625,0.65234375,0.87109375,nan,0.2734375,0.13671875,0.5928552150726318
256,11,0.0200000000000000,0.0500000000000000,5,monomial_based,0.3046875,nan,nan,0.1851043701171875,nan,nan,2.577214002609253
256,11,0.0200000000000000,0.0500000000000000,5,list_based,0.63671875,0.703125,0.89453125,nan,0.25,0.1328125,0.5729329586029053
256,11,0.0200000000000000,0.100000000000000,1,monomial_based,0.125,nan,nan,0.3443450927734375,nan,nan,2.4098877906799316
256,11,0.0200000000000000,0.100000000000000,1,list_based,0.4453125,0.515625,0.84765625,nan,0.3984375,0.19921875,0.5611529350280762
256,11,0.0200000000000000,0.100000000000000,2,monomial_based,0.1171875,nan,nan,0.3444366455078125,nan,nan,2.3942341804504395
256,11,0.0200000000000000,0.100000000000000,2,list_based,0.390625,0.48828125,0.80859375,nan,0.42578125,0.22265625,0.5946822166442871
256,11,0.0200000000000000,0.100000000000000,3,monomial_based,0.12890625,nan,nan,0.3402252197265625,nan,nan,2.4128880500793457
256,11,0.0200000000000000,0.100000000000000,3,list_based,0.4375,0.48828125,0.89453125,nan,0.4140625,0.18359375,0.6143131256103516
256,11,0.0200000000000000,0.100000000000000,4,monomial_based,0.1328125,nan,nan,0.3429107666015625,nan,nan,2.3351376056671143
256,11,0.0200000000000000,0.100000000000000,4,list_based,0.3828125,0.48828125,0.80078125,nan,0.421875,0.22265625,0.6053781509399414
256,11,0.0200000000000000,0.100000000000000,5,monomial_based,0.15234375,nan,nan,0.342254638671875,nan,nan,2.4268009662628174
256,11,0.0200000000000000,0.100000000000000,5,list_based,0.4609375,0.56640625,0.83203125,nan,0.37890625,0.21875,0.5820388793945312
256,11,0.0200000000000000,0.150000000000000,1,monomial_based,0.08203125,nan,nan,0.4757232666015625,nan,nan,2.3978099822998047
256,11,0.0200000000000000,0.150000000000000,1,list_based,0.26953125,0.3359375,0.76953125,nan,0.51171875,0.28515625,0.5618622303009033
256,11,0.0200000000000000,0.150000000000000,2,monomial_based,0.0625,nan,nan,0.479339599609375,nan,nan,2.270014762878418
256,11,0.0200000000000000,0.150000000000000,2,list_based,0.203125,0.29296875,0.734375,nan,0.53515625,0.3125,0.6334640979766846
256,11,0.0200000000000000,0.150000000000000,3,monomial_based,0.078125,nan,nan,0.474700927734375,nan,nan,2.227322816848755
256,11,0.0200000000000000,0.150000000000000,3,list_based,0.2421875,0.3125,0.77734375,nan,0.53125,0.30859375,0.5640699863433838
256,11,0.0200000000000000,0.150000000000000,4,monomial_based,0.04296875,nan,nan,0.4774627685546875,nan,nan,2.2596490383148193
256,11,0.0200000000000000,0.150000000000000,4,list_based,0.265625,0.37109375,0.734375,nan,0.51171875,0.30078125,0.5558137893676758
256,11,0.0200000000000000,0.150000000000000,5,monomial_based,0.08203125,nan,nan,0.4767303466796875,nan,nan,2.2979581356048584
256,11,0.0200000000000000,0.150000000000000,5,list_based,0.2734375,0.375,0.7578125,nan,0.515625,0.3046875,0.5684719085693359
256,11,0.0200000000000000,0.200000000000000,1,monomial_based,0.0390625,nan,nan,0.587677001953125,nan,nan,2.53186297416687
256,11,0.0200000000000000,0.200000000000000,1,list_based,0.234375,0.32421875,0.703125,nan,0.58203125,0.3671875,0.6505680084228516
256,11,0.0200000000000000,0.200000000000000,2,monomial_based,0.03125,nan,nan,0.5925445556640625,nan,nan,2.130441904067993
256,11,0.0200000000000000,0.200000000000000,2,list_based,0.1640625,0.25,0.6640625,nan,0.640625,0.40625,0.5648329257965088
256,11,0.0200000000000000,0.200000000000000,3,monomial_based,0.03515625,nan,nan,0.5880126953125,nan,nan,2.19484806060791
256,11,0.0200000000000000,0.200000000000000,3,list_based,0.15234375,0.20703125,0.6875,nan,0.640625,0.40234375,0.5893831253051758
256,11,0.0200000000000000,0.200000000000000,4,monomial_based,0.0234375,nan,nan,0.5897674560546875,nan,nan,2.2605371475219727
256,11,0.0200000000000000,0.200000000000000,4,list_based,0.1796875,0.2421875,0.65625,nan,0.61328125,0.39453125,0.5910820960998535
256,11,0.0200000000000000,0.200000000000000,5,monomial_based,0.0546875,nan,nan,0.588897705078125,nan,nan,2.1653261184692383
256,11,0.0200000000000000,0.200000000000000,5,list_based,0.1796875,0.2734375,0.6875,nan,0.62109375,0.40625,0.6506509780883789
256,31,0.00500000000000000,0.0500000000000000,1,monomial_based,0.54296875,nan,nan,0.224395751953125,nan,nan,4.270301818847656
256,31,0.00500000000000000,0.0500000000000000,1,list_based,0.625,0.703125,0.890625,nan,0.20703125,0.11328125,0.5899782180786133
256,31,0.00500000000000000,0.0500000000000000,2,monomial_based,0.55078125,nan,nan,0.2238616943359375,nan,nan,4.249895811080933
256,31,0.00500000000000000,0.0500000000000000,2,list_based,0.6640625,0.76953125,0.85546875,nan,0.1875,0.14453125,0.5726327896118164
256,31,0.00500000000000000,0.0500000000000000,3,monomial_based,0.48046875,nan,nan,0.224609375,nan,nan,4.049566984176636
256,31,0.00500000000000000,0.0500000000000000,3,list_based,0.71875,0.8046875,0.89453125,nan,0.1796875,0.11328125,0.7426760196685791
256,31,0.00500000000000000,0.0500000000000000,4,monomial_based,0.53125,nan,nan,0.226318359375,nan,nan,4.200840950012207
256,31,0.00500000000000000,0.0500000000000000,4,list_based,0.640625,0.73046875,0.8828125,nan,0.21875,0.1171875,0.5913500785827637
256,31,0.00500000000000000,0.0500000000000000,5,monomial_based,0.47265625,nan,nan,0.2264862060546875,nan,nan,4.133559942245483
256,31,0.00500000000000000,0.0500000000000000,5,list_based,0.69140625,0.77734375,0.89453125,nan,0.1875,0.109375,0.5621511936187744
256,31,0.00500000000000000,0.100000000000000,1,monomial_based,0.296875,nan,nan,0.409210205078125,nan,nan,4.08854603767395
256,31,0.00500000000000000,0.100000000000000,1,list_based,0.42578125,0.53125,0.796875,nan,0.37109375,0.2109375,0.6495249271392822
256,31,0.00500000000000000,0.100000000000000,2,monomial_based,0.25,nan,nan,0.4080657958984375,nan,nan,4.185307025909424
256,31,0.00500000000000000,0.100000000000000,2,list_based,0.5078125,0.671875,0.76171875,nan,0.32421875,0.2421875,0.5999789237976074
256,31,0.00500000000000000,0.100000000000000,3,monomial_based,0.2578125,nan,nan,0.4059600830078125,nan,nan,4.315288782119751
256,31,0.00500000000000000,0.100000000000000,3,list_based,0.4921875,0.6171875,0.78515625,nan,0.3046875,0.22265625,0.5669939517974854
256,31,0.00500000000000000,0.100000000000000,4,monomial_based,0.33203125,nan,nan,0.4075775146484375,nan,nan,4.435921907424927
256,31,0.00500000000000000,0.100000000000000,4,list_based,0.44921875,0.5625,0.78125,nan,0.375,0.22265625,0.5899491310119629
256,31,0.00500000000000000,0.100000000000000,5,monomial_based,0.25,nan,nan,0.4069366455078125,nan,nan,4.11267614364624
256,31,0.00500000000000000,0.100000000000000,5,list_based,0.44921875,0.5390625,0.80859375,nan,0.36328125,0.1953125,0.5634880065917969
256,31,0.00500000000000000,0.150000000000000,1,monomial_based,0.1328125,nan,nan,0.55694580078125,nan,nan,4.162150144577026
256,31,0.00500000000000000,0.150000000000000,1,list_based,0.23828125,0.35546875,0.66015625,nan,0.515625,0.34765625,0.6383812427520752
256,31,0.00500000000000000,0.150000000000000,2,monomial_based,0.109375,nan,nan,0.5559844970703125,nan,nan,4.555583953857422
256,31,0.00500000000000000,0.150000000000000,2,list_based,0.328125,0.484375,0.66015625,nan,0.4453125,0.34375,0.5761630535125732
256,31,0.00500000000000000,0.150000000000000,3,monomial_based,0.14453125,nan,nan,0.5521392822265625,nan,nan,4.149042129516602
256,31,0.00500000000000000,0.150000000000000,3,list_based,0.27734375,0.41796875,0.6640625,nan,0.45703125,0.34375,0.5586659908294678
256,31,0.00500000000000000,0.150000000000000,4,monomial_based,0.15234375,nan,nan,0.553955078125,nan,nan,4.095963001251221
256,31,0.00500000000000000,0.150000000000000,4,list_based,0.3125,0.45703125,0.69140625,nan,0.4765625,0.3203125,0.591763973236084
256,31,0.00500000000000000,0.150000000000000,5,monomial_based,0.125,nan,nan,0.5534820556640625,nan,nan,4.13678503036499
256,31,0.00500000000000000,0.150000000000000,5,list_based,0.26953125,0.37890625,0.69921875,nan,0.48828125,0.3046875,0.5604550838470459
256,31,0.00500000000000000,0.200000000000000,1,monomial_based,0.06640625,nan,nan,0.6726531982421875,nan,nan,3.961998224258423
256,31,0.00500000000000000,0.200000000000000,1,list_based,0.18359375,0.30078125,0.58203125,nan,0.59765625,0.42578125,0.5750126838684082
256,31,0.00500000000000000,0.200000000000000,2,monomial_based,0.0625,nan,nan,0.6710662841796875,nan,nan,3.978156089782715
256,31,0.00500000000000000,0.200000000000000,2,list_based,0.1640625,0.3046875,0.5546875,nan,0.56640625,0.44921875,0.5926382541656494
256,31,0.00500000000000000,0.200000000000000,3,monomial_based,0.05078125,nan,nan,0.6675872802734375,nan,nan,3.9924397468566895
256,31,0.00500000000000000,0.200000000000000,3,list_based,0.15625,0.30078125,0.5859375,nan,0.57421875,0.421875,0.5586121082305908
256,31,0.00500000000000000,0.200000000000000,4,monomial_based,0.08203125,nan,nan,0.669830322265625,nan,nan,3.995837926864624
256,31,0.00500000000000000,0.200000000000000,4,list_based,0.15234375,0.25,0.60546875,nan,0.6171875,0.40625,0.5760889053344727
256,31,0.00500000000000000,0.200000000000000,5,monomial_based,0.05859375,nan,nan,0.6678466796875,nan,nan,4.307286739349365
256,31,0.00500000000000000,0.200000000000000,5,list_based,0.1796875,0.30859375,0.6015625,nan,0.57421875,0.40234375,0.5630638599395752
256,31,0.0100000000000000,0.0500000000000000,1,monomial_based,0.5703125,nan,nan,0.22442626953125,nan,nan,3.984117031097412
256,31,0.0100000000000000,0.0500000000000000,1,list_based,0.58984375,0.67578125,0.875,nan,0.21484375,0.12890625,0.55513596534729
256,31,0.0100000000000000,0.0500000000000000,2,monomial_based,0.5,nan,nan,0.223907470703125,nan,nan,3.8699069023132324
256,31,0.0100000000000000,0.0500000000000000,2,list_based,0.6484375,0.75390625,0.8515625,nan,0.20703125,0.1484375,0.5794339179992676
256,31,0.0100000000000000,0.0500000000000000,3,monomial_based,0.46875,nan,nan,0.224700927734375,nan,nan,3.972381830215454
256,31,0.0100000000000000,0.0500000000000000,3,list_based,0.671875,0.75,0.88671875,nan,0.1953125,0.12109375,0.5496759414672852
256,31,0.0100000000000000,0.0500000000000000,4,monomial_based,0.5234375,nan,nan,0.226409912109375,nan,nan,4.492140054702759
256,31,0.0100000000000000,0.0500000000000000,4,list_based,0.6484375,0.734375,0.87109375,nan,0.23828125,0.12890625,0.5677213668823242
256,31,0.0100000000000000,0.0500000000000000,5,monomial_based,0.47265625,nan,nan,0.2265625,nan,nan,4.276427984237671
256,31,0.0100000000000000,0.0500000000000000,5,list_based,0.6640625,0.75,0.890625,nan,0.19140625,0.11328125,0.552401065826416
256,31,0.0100000000000000,0.100000000000000,1,monomial_based,0.27734375,nan,nan,0.40924072265625,nan,nan,3.8331902027130127
256,31,0.0100000000000000,0.100000000000000,1,list_based,0.421875,0.546875,0.78125,nan,0.37890625,0.2265625,0.6460261344909668
256,31,0.0100000000000000,0.100000000000000,2,monomial_based,0.265625,nan,nan,0.408111572265625,nan,nan,3.7188751697540283
256,31,0.0100000000000000,0.100000000000000,2,list_based,0.47265625,0.625,0.7578125,nan,0.34375,0.24609375,0.5692348480224609
256,31,0.0100000000000000,0.100000000000000,3,monomial_based,0.2421875,nan,nan,0.406036376953125,nan,nan,3.9294888973236084
256,31,0.0100000000000000,0.100000000000000,3,list_based,0.47265625,0.59375,0.77734375,nan,0.31640625,0.23046875,0.5554530620574951
256,31,0.0100000000000000,0.100000000000000,4,monomial_based,0.33203125,nan,nan,0.4076690673828125,nan,nan,3.7942731380462646
256,31,0.0100000000000000,0.100000000000000,4,list_based,0.37109375,0.484375,0.76953125,nan,0.39453125,0.234375,0.5601091384887695
256,31,0.0100000000000000,0.100000000000000,5,monomial_based,0.24609375,nan,nan,0.407012939453125,nan,nan,3.8896541595458984
256,31,0.0100000000000000,0.100000000000000,5,list_based,0.41015625,0.515625,0.8046875,nan,0.3671875,0.19921875,0.5509212017059326
256,31,0.0100000000000000,0.150000000000000,1,monomial_based,0.1171875,nan,nan,0.5569610595703125,nan,nan,4.0351011753082275
256,31,0.0100000000000000,0.150000000000000,1,list_based,0.19140625,0.30078125,0.64453125,nan,0.5234375,0.359375,0.5600390434265137
256,31,0.0100000000000000,0.150000000000000,2,monomial_based,0.12109375,nan,nan,0.5560302734375,nan,nan,3.979923963546753
256,31,0.0100000000000000,0.150000000000000,2,list_based,0.265625,0.44140625,0.65625,nan,0.4609375,0.34765625,0.6103520393371582
256,31,0.0100000000000000,0.150000000000000,3,monomial_based,0.12890625,nan,nan,0.552215576171875,nan,nan,4.033608913421631
256,31,0.0100000000000000,0.150000000000000,3,list_based,0.26171875,0.3984375,0.65234375,nan,0.46484375,0.34765625,0.5565056800842285
256,31,0.0100000000000000,0.150000000000000,4,monomial_based,0.1484375,nan,nan,0.5540313720703125,nan,nan,4.057740926742554
256,31,0.0100000000000000,0.150000000000000,4,list_based,0.25,0.37109375,0.671875,nan,0.4921875,0.33203125,0.5545151233673096
256,31,0.0100000000000000,0.150000000000000,5,monomial_based,0.10546875,nan,nan,0.553558349609375,nan,nan,3.9541361331939697
256,31,0.0100000000000000,0.150000000000000,5,list_based,0.29296875,0.3984375,0.6953125,nan,0.4921875,0.30859375,0.5724589824676514
256,31,0.0100000000000000,0.200000000000000,1,monomial_based,0.05859375,nan,nan,0.67266845703125,nan,nan,3.70334792137146
256,31,0.0100000000000000,0.200000000000000,1,list_based,0.1796875,0.3046875,0.5703125,nan,0.60546875,0.4375,0.6541061401367188
256,31,0.0100000000000000,0.200000000000000,2,monomial_based,0.0625,nan,nan,0.671112060546875,nan,nan,3.6051552295684814
256,31,0.0100000000000000,0.200000000000000,2,list_based,0.1640625,0.31640625,0.5546875,nan,0.58203125,0.44921875,0.5641889572143555
256,31,0.0100000000000000,0.200000000000000,3,monomial_based,0.0546875,nan,nan,0.66766357421875,nan,nan,3.7387888431549072
256,31,0.0100000000000000,0.200000000000000,3,list_based,0.17578125,0.28515625,0.58203125,nan,0.578125,0.42578125,0.57647705078125
256,31,0.0100000000000000,0.200000000000000,4,monomial_based,0.09375,nan,nan,0.669891357421875,nan,nan,3.773981809616089
256,31,0.0100000000000000,0.200000000000000,4,list_based,0.140625,0.234375,0.59765625,nan,0.62890625,0.4140625,0.5605201721191406
256,31,0.0100000000000000,0.200000000000000,5,monomial_based,0.06640625,nan,nan,0.6679229736328125,nan,nan,3.7830162048339844
256,31,0.0100000000000000,0.200000000000000,5,list_based,0.140625,0.23828125,0.59765625,nan,0.578125,0.40625,0.5580968856811523
256,31,0.0150000000000000,0.0500000000000000,1,monomial_based,0.50390625,nan,nan,0.2244415283203125,nan,nan,3.970241069793701
256,31,0.0150000000000000,0.0500000000000000,1,list_based,0.5625,0.6484375,0.86328125,nan,0.24609375,0.140625,0.5488603115081787
256,31,0.0150000000000000,0.0500000000000000,2,monomial_based,0.5390625,nan,nan,0.223907470703125,nan,nan,3.9089391231536865
256,31,0.0150000000000000,0.0500000000000000,2,list_based,0.58984375,0.69921875,0.84765625,nan,0.23046875,0.15625,0.5519230365753174
256,31,0.0150000000000000,0.0500000000000000,3,monomial_based,0.44921875,nan,nan,0.224761962890625,nan,nan,3.9296109676361084
256,31,0.0150000000000000,0.0500000000000000,3,list_based,0.609375,0.703125,0.8671875,nan,0.2109375,0.13671875,0.5530397891998291
256,31,0.0150000000000000,0.0500000000000000,4,monomial_based,0.53515625,nan,nan,0.2264251708984375,nan,nan,3.9637868404388428
256,31,0.0150000000000000,0.0500000000000000,4,list_based,0.5859375,0.703125,0.84765625,nan,0.2421875,0.15234375,0.5468332767486572
256,31,0.0150000000000000,0.0500000000000000,5,monomial_based,0.4296875,nan,nan,0.22662353515625,nan,nan,3.9409728050231934
256,31,0.0150000000000000,0.0500000000000000,5,list_based,0.66015625,0.75,0.87890625,nan,0.20703125,0.12109375,0.5529153347015381
256,31,0.0150000000000000,0.100000000000000,1,monomial_based,0.28125,nan,nan,0.4092559814453125,nan,nan,3.864063262939453
256,31,0.0150000000000000,0.100000000000000,1,list_based,0.36328125,0.4765625,0.765625,nan,0.40234375,0.23828125,0.5575799942016602
256,31,0.0150000000000000,0.100000000000000,2,monomial_based,0.2734375,nan,nan,0.408111572265625,nan,nan,3.8003127574920654
256,31,0.0150000000000000,0.100000000000000,2,list_based,0.43359375,0.6015625,0.75,nan,0.3671875,0.25390625,0.63912034034729
256,31,0.0150000000000000,0.100000000000000,3,monomial_based,0.2109375,nan,nan,0.406097412109375,nan,nan,3.728821039199829
256,31,0.0150000000000000,0.100000000000000,3,list_based,0.39453125,0.52734375,0.76171875,nan,0.33203125,0.24609375,0.5687389373779297
256,31,0.0150000000000000,0.100000000000000,4,monomial_based,0.33203125,nan,nan,0.407684326171875,nan,nan,3.839648962020874
256,31,0.0150000000000000,0.100000000000000,4,list_based,0.3828125,0.4921875,0.74609375,nan,0.39453125,0.2578125,0.6469361782073975
256,31,0.0150000000000000,0.100000000000000,5,monomial_based,0.2265625,nan,nan,0.4070587158203125,nan,nan,3.778700113296509
256,31,0.0150000000000000,0.100000000000000,5,list_based,0.40234375,0.49609375,0.796875,nan,0.3828125,0.20703125,0.5739681720733643
256,31,0.0150000000000000,0.150000000000000,1,monomial_based,0.12890625,nan,nan,0.556976318359375,nan,nan,4.055868864059448
256,31,0.0150000000000000,0.150000000000000,1,list_based,0.19921875,0.328125,0.6328125,nan,0.54296875,0.3671875,0.5706727504730225
256,31,0.0150000000000000,0.150000000000000,2,monomial_based,0.08984375,nan,nan,0.5560302734375,nan,nan,3.9840168952941895
256,31,0.0150000000000000,0.150000000000000,2,list_based,0.2734375,0.41796875,0.6484375,nan,0.484375,0.35546875,0.5608410835266113
256,31,0.0150000000000000,0.150000000000000,3,monomial_based,0.12890625,nan,nan,0.552276611328125,nan,nan,3.776153087615967
256,31,0.0150000000000000,0.150000000000000,3,list_based,0.25,0.40625,0.65234375,nan,0.48046875,0.35546875,0.555117130279541
256,31,0.0150000000000000,0.150000000000000,4,monomial_based,0.16796875,nan,nan,0.554046630859375,nan,nan,3.7203710079193115
256,31,0.0150000000000000,0.150000000000000,4,list_based,0.26953125,0.41015625,0.65625,nan,0.4921875,0.35546875,0.572800874710083
256,31,0.0150000000000000,0.150000000000000,5,monomial_based,0.11328125,nan,nan,0.5535888671875,nan,nan,3.773473024368286
256,31,0.0150000000000000,0.150000000000000,5,list_based,0.26953125,0.3515625,0.6875,nan,0.5078125,0.31640625,0.6165440082550049
256,31,0.0150000000000000,0.200000000000000,1,monomial_based,0.0546875,nan,nan,0.6726837158203125,nan,nan,3.9179790019989014
256,31,0.0150000000000000,0.200000000000000,1,list_based,0.1484375,0.2421875,0.5625,nan,0.625,0.4453125,0.556710958480835
256,31,0.0150000000000000,0.200000000000000,2,monomial_based,0.05078125,nan,nan,0.671112060546875,nan,nan,3.6805639266967773
256,31,0.0150000000000000,0.200000000000000,2,list_based,0.14453125,0.26171875,0.55078125,nan,0.6015625,0.45703125,0.5555598735809326
256,31,0.0150000000000000,0.200000000000000,3,monomial_based,0.04296875,nan,nan,0.667724609375,nan,nan,3.7124218940734863
256,31,0.0150000000000000,0.200000000000000,3,list_based,0.1328125,0.27734375,0.57421875,nan,0.59375,0.43359375,0.583482027053833
256,31,0.0150000000000000,0.200000000000000,4,monomial_based,0.08203125,nan,nan,0.669891357421875,nan,nan,3.8796920776367188
256,31,0.0150000000000000,0.200000000000000,4,list_based,0.15234375,0.265625,0.58203125,nan,0.62890625,0.4296875,0.5711350440979004
256,31,0.0150000000000000,0.200000000000000,5,monomial_based,0.05859375,nan,nan,0.6679534912109375,nan,nan,3.77256441116333
256,31,0.0150000000000000,0.200000000000000,5,list_based,0.16796875,0.30078125,0.59765625,nan,0.58984375,0.4140625,0.5592198371887207
256,31,0.0200000000000000,0.0500000000000000,1,monomial_based,0.53125,nan,nan,0.2244873046875,nan,nan,4.007712125778198
256,31,0.0200000000000000,0.0500000000000000,1,list_based,0.51953125,0.61328125,0.84375,nan,0.25,0.16015625,0.562244176864624
256,31,0.0200000000000000,0.0500000000000000,2,monomial_based,0.4921875,nan,nan,0.2239532470703125,nan,nan,4.405372858047485
256,31,0.0200000000000000,0.0500000000000000,2,list_based,0.56640625,0.6640625,0.84375,nan,0.26171875,0.15625,0.6000549793243408
256,31,0.0200000000000000,0.0500000000000000,3,monomial_based,0.44921875,nan,nan,0.2248077392578125,nan,nan,3.944261312484741
256,31,0.0200000000000000,0.0500000000000000,3,list_based,0.59375,0.6875,0.859375,nan,0.2265625,0.1484375,0.6277930736541748
256,31,0.0200000000000000,0.0500000000000000,4,monomial_based,0.53515625,nan,nan,0.2264404296875,nan,nan,3.877573251724243
256,31,0.0200000000000000,0.0500000000000000,4,list_based,0.54296875,0.65234375,0.83984375,nan,0.265625,0.16015625,0.6402900218963623
256,31,0.0200000000000000,0.0500000000000000,5,monomial_based,0.453125,nan,nan,0.2266387939453125,nan,nan,3.837754011154175
256,31,0.0200000000000000,0.0500000000000000,5,list_based,0.58984375,0.6875,0.86328125,nan,0.234375,0.140625,0.5680649280548096
256,31,0.0200000000000000,0.100000000000000,1,monomial_based,0.2734375,nan,nan,0.4093017578125,nan,nan,4.112333059310913
256,31,0.0200000000000000,0.100000000000000,1,list_based,0.34375,0.4765625,0.75,nan,0.40625,0.2578125,0.5669920444488525
256,31,0.0200000000000000,0.100000000000000,2,monomial_based,0.23828125,nan,nan,0.4081573486328125,nan,nan,4.014770984649658
256,31,0.0200000000000000,0.100000000000000,2,list_based,0.4140625,0.55078125,0.75,nan,0.39453125,0.25390625,0.5720887184143066
256,31,0.0200000000000000,0.100000000000000,3,monomial_based,0.23046875,nan,nan,0.4061279296875,nan,nan,3.9784960746765137
256,31,0.0200000000000000,0.100000000000000,3,list_based,0.44140625,0.58984375,0.75390625,nan,0.34765625,0.25390625,0.5584239959716797
256,31,0.0200000000000000,0.100000000000000,4,monomial_based,0.35546875,nan,nan,0.4076995849609375,nan,nan,4.0875701904296875
256,31,0.0200000000000000,0.100000000000000,4,list_based,0.37890625,0.5078125,0.73828125,nan,0.41796875,0.265625,0.5475080013275146
256,31,0.0200000000000000,0.100000000000000,5,monomial_based,0.2421875,nan,nan,0.407073974609375,nan,nan,4.026625156402588
256,31,0.0200000000000000,0.100000000000000,5,list_based,0.421875,0.5390625,0.78125,nan,0.40625,0.22265625,0.5624639987945557
256,31,0.0200000000000000,0.150000000000000,1,monomial_based,0.13671875,nan,nan,0.5569915771484375,nan,nan,3.7204058170318604
256,31,0.0200000000000000,0.150000000000000,1,list_based,0.19140625,0.328125,0.625,nan,0.546875,0.3828125,0.5547950267791748
256,31,0.0200000000000000,0.150000000000000,2,monomial_based,0.10546875,nan,nan,0.5560760498046875,nan,nan,3.818087100982666
256,31,0.0200000000000000,0.150000000000000,2,list_based,0.29296875,0.44921875,0.6484375,nan,0.50390625,0.35546875,0.5535650253295898
256,31,0.0200000000000000,0.150000000000000,3,monomial_based,0.1171875,nan,nan,0.55230712890625,nan,nan,3.7856099605560303
256,31,0.0200000000000000,0.150000000000000,3,list_based,0.25390625,0.39453125,0.64453125,nan,0.4921875,0.36328125,0.5759811401367188
256,31,0.0200000000000000,0.150000000000000,4,monomial_based,0.16796875,nan,nan,0.5540618896484375,nan,nan,4.160531997680664
256,31,0.0200000000000000,0.150000000000000,4,list_based,0.26953125,0.40625,0.6484375,nan,0.5078125,0.36328125,0.654350996017456
256,31,0.0200000000000000,0.150000000000000,5,monomial_based,0.10546875,nan,nan,0.5536041259765625,nan,nan,3.655480146408081
256,31,0.0200000000000000,0.150000000000000,5,list_based,0.2578125,0.37109375,0.671875,nan,0.51953125,0.33203125,0.5536272525787354
256,31,0.0200000000000000,0.200000000000000,1,monomial_based,0.0546875,nan,nan,0.672698974609375,nan,nan,4.012248992919922
256,31,0.0200000000000000,0.200000000000000,1,list_based,0.14453125,0.26953125,0.5546875,nan,0.62890625,0.453125,0.5544369220733643
256,31,0.0200000000000000,0.200000000000000,2,monomial_based,0.05078125,nan,nan,0.6711578369140625,nan,nan,3.9265758991241455
256,31,0.0200000000000000,0.200000000000000,2,list_based,0.16015625,0.265625,0.546875,nan,0.62109375,0.45703125,0.6045498847961426
256,31,0.0200000000000000,0.200000000000000,3,monomial_based,0.046875,nan,nan,0.6677398681640625,nan,nan,3.9800193309783936
256,31,0.0200000000000000,0.200000000000000,3,list_based,0.12109375,0.234375,0.5703125,nan,0.60546875,0.4375,0.6073379516601562
256,31,0.0200000000000000,0.200000000000000,4,monomial_based,0.10546875,nan,nan,0.6699066162109375,nan,nan,4.027108907699585
256,31,0.0200000000000000,0.200000000000000,4,list_based,0.1640625,0.2734375,0.57421875,nan,0.640625,0.4375,0.6074221134185791
256,31,0.0200000000000000,0.200000000000000,5,monomial_based,0.0546875,nan,nan,0.6679534912109375,nan,nan,3.995651960372925
256,31,0.0200000000000000,0.200000000000000,5,list_based,0.125,0.203125,0.57421875,nan,0.59375,0.4296875,0.5680062770843506
256,127,0.00500000000000000,0.0500000000000000,1,monomial_based,0.66796875,nan,nan,0.3015899658203125,nan,nan,11.927574872970581
256,127,0.00500000000000000,0.0500000000000000,1,list_based,0.69140625,0.8125,0.8359375,nan,0.1875,0.1640625,0.6262907981872559
256,127,0.00500000000000000,0.0500000000000000,2,monomial_based,0.66015625,nan,nan,0.298828125,nan,nan,11.747176885604858
256,127,0.00500000000000000,0.0500000000000000,2,list_based,0.62890625,0.73828125,0.8359375,nan,0.203125,0.1640625,0.6313199996948242
256,127,0.00500000000000000,0.0500000000000000,3,monomial_based,0.6015625,nan,nan,0.29974365234375,nan,nan,11.74770998954773
256,127,0.00500000000000000,0.0500000000000000,3,list_based,0.6484375,0.7578125,0.859375,nan,0.16796875,0.140625,0.6333308219909668
256,127,0.00500000000000000,0.0500000000000000,4,monomial_based,0.7109375,nan,nan,0.3030853271484375,nan,nan,11.905379056930542
256,127,0.00500000000000000,0.0500000000000000,4,list_based,0.67578125,0.80078125,0.8515625,nan,0.16796875,0.1484375,0.6674020290374756
256,127,0.00500000000000000,0.0500000000000000,5,monomial_based,0.640625,nan,nan,0.3028106689453125,nan,nan,11.810284852981567
256,127,0.00500000000000000,0.0500000000000000,5,list_based,0.66796875,0.77734375,0.84375,nan,0.18359375,0.15625,0.6513760089874268
256,127,0.00500000000000000,0.100000000000000,1,monomial_based,0.34765625,nan,nan,0.521942138671875,nan,nan,11.781370878219604
256,127,0.00500000000000000,0.100000000000000,1,list_based,0.4140625,0.58203125,0.70703125,nan,0.3515625,0.29296875,0.6338880062103271
256,127,0.00500000000000000,0.100000000000000,2,monomial_based,0.421875,nan,nan,0.51971435546875,nan,nan,12.027416944503784
256,127,0.00500000000000000,0.100000000000000,2,list_based,0.34765625,0.48046875,0.72265625,nan,0.390625,0.27734375,0.6422090530395508
256,127,0.00500000000000000,0.100000000000000,3,monomial_based,0.32421875,nan,nan,0.5161285400390625,nan,nan,11.487137794494629
256,127,0.00500000000000000,0.100000000000000,3,list_based,0.421875,0.58984375,0.703125,nan,0.30859375,0.296875,0.6345052719116211
256,127,0.00500000000000000,0.100000000000000,4,monomial_based,0.421875,nan,nan,0.5194091796875,nan,nan,11.912843704223633
256,127,0.00500000000000000,0.100000000000000,4,list_based,0.453125,0.62890625,0.70703125,nan,0.2890625,0.29296875,0.7016017436981201
256,127,0.00500000000000000,0.100000000000000,5,monomial_based,0.3828125,nan,nan,0.5193328857421875,nan,nan,11.746970891952515
256,127,0.00500000000000000,0.100000000000000,5,list_based,0.421875,0.56640625,0.68359375,nan,0.33203125,0.31640625,0.6329681873321533
256,127,0.00500000000000000,0.150000000000000,1,monomial_based,0.21484375,nan,nan,0.6806793212890625,nan,nan,11.299571990966797
256,127,0.00500000000000000,0.150000000000000,1,list_based,0.25,0.43359375,0.58984375,nan,0.4765625,0.41015625,0.6448190212249756
256,127,0.00500000000000000,0.150000000000000,2,monomial_based,0.20703125,nan,nan,0.67767333984375,nan,nan,11.621922969818115
256,127,0.00500000000000000,0.150000000000000,2,list_based,0.23046875,0.390625,0.609375,nan,0.49609375,0.390625,0.6332612037658691
256,127,0.00500000000000000,0.150000000000000,3,monomial_based,0.15234375,nan,nan,0.6744384765625,nan,nan,11.37463092803955
256,127,0.00500000000000000,0.150000000000000,3,list_based,0.26171875,0.421875,0.5859375,nan,0.4453125,0.4140625,0.6268668174743652
256,127,0.00500000000000000,0.150000000000000,4,monomial_based,0.22265625,nan,nan,0.6774749755859375,nan,nan,11.629167795181274
256,127,0.00500000000000000,0.150000000000000,4,list_based,0.26953125,0.484375,0.57421875,nan,0.46484375,0.42578125,0.6077871322631836
256,127,0.00500000000000000,0.150000000000000,5,monomial_based,0.18359375,nan,nan,0.67889404296875,nan,nan,11.31023907661438
256,127,0.00500000000000000,0.150000000000000,5,list_based,0.2265625,0.40234375,0.53515625,nan,0.44921875,0.46484375,0.6343622207641602
256,127,0.00500000000000000,0.200000000000000,1,monomial_based,0.11328125,nan,nan,0.7917938232421875,nan,nan,11.507429838180542
256,127,0.00500000000000000,0.200000000000000,1,list_based,0.109375,0.3203125,0.4765625,nan,0.5703125,0.52734375,0.6360080242156982
256,127,0.00500000000000000,0.200000000000000,2,monomial_based,0.09765625,nan,nan,0.78955078125,nan,nan,11.561722040176392
256,127,0.00500000000000000,0.200000000000000,2,list_based,0.1875,0.31640625,0.48828125,nan,0.61328125,0.51171875,0.7813692092895508
256,127,0.00500000000000000,0.200000000000000,3,monomial_based,0.08984375,nan,nan,0.7878570556640625,nan,nan,11.521407127380371
256,127,0.00500000000000000,0.200000000000000,3,list_based,0.1796875,0.34375,0.515625,nan,0.56640625,0.484375,0.6275959014892578
256,127,0.00500000000000000,0.200000000000000,4,monomial_based,0.15234375,nan,nan,0.787567138671875,nan,nan,11.517978191375732
256,127,0.00500000000000000,0.200000000000000,4,list_based,0.08984375,0.2734375,0.44140625,nan,0.6015625,0.55859375,0.6202409267425537
256,127,0.00500000000000000,0.200000000000000,5,monomial_based,0.0859375,nan,nan,0.7876434326171875,nan,nan,11.530401945114136
256,127,0.00500000000000000,0.200000000000000,5,list_based,0.140625,0.30078125,0.421875,nan,0.55078125,0.578125,0.6254971027374268
256,127,0.0100000000000000,0.0500000000000000,1,monomial_based,0.6640625,nan,nan,0.3016357421875,nan,nan,11.275624752044678
256,127,0.0100000000000000,0.0500000000000000,1,list_based,0.59375,0.73046875,0.82421875,nan,0.2109375,0.1796875,0.6234469413757324
256,127,0.0100000000000000,0.0500000000000000,2,monomial_based,0.67578125,nan,nan,0.29888916015625,nan,nan,11.91407322883606
256,127,0.0100000000000000,0.0500000000000000,2,list_based,0.60546875,0.72265625,0.8203125,nan,0.234375,0.1796875,0.6203699111938477
256,127,0.0100000000000000,0.0500000000000000,3,monomial_based,0.5859375,nan,nan,0.299774169921875,nan,nan,11.748465299606323
256,127,0.0100000000000000,0.0500000000000000,3,list_based,0.60546875,0.71875,0.8359375,nan,0.1796875,0.1640625,0.6326167583465576
256,127,0.0100000000000000,0.0500000000000000,4,monomial_based,0.6953125,nan,nan,0.303131103515625,nan,nan,12.10364580154419
256,127,0.0100000000000000,0.0500000000000000,4,list_based,0.63671875,0.76171875,0.8359375,nan,0.17578125,0.1640625,0.7063112258911133
256,127,0.0100000000000000,0.0500000000000000,5,monomial_based,0.65234375,nan,nan,0.3028717041015625,nan,nan,12.933017015457153
256,127,0.0100000000000000,0.0500000000000000,5,list_based,0.609375,0.734375,0.828125,nan,0.1953125,0.171875,0.703524112701416
256,127,0.0100000000000000,0.100000000000000,1,monomial_based,0.3359375,nan,nan,0.5219879150390625,nan,nan,12.551321268081665
256,127,0.0100000000000000,0.100000000000000,1,list_based,0.37890625,0.546875,0.703125,nan,0.375,0.30078125,0.7934408187866211
256,127,0.0100000000000000,0.100000000000000,2,monomial_based,0.39453125,nan,nan,0.519775390625,nan,nan,11.64126706123352
256,127,0.0100000000000000,0.100000000000000,2,list_based,0.32421875,0.484375,0.7109375,nan,0.40625,0.2890625,0.8066589832305908
256,127,0.0100000000000000,0.100000000000000,3,monomial_based,0.3125,nan,nan,0.5161590576171875,nan,nan,11.806318044662476
256,127,0.0100000000000000,0.100000000000000,3,list_based,0.40625,0.60546875,0.68359375,nan,0.3203125,0.31640625,0.7879490852355957
256,127,0.0100000000000000,0.100000000000000,4,monomial_based,0.43359375,nan,nan,0.5194549560546875,nan,nan,11.452737808227539
256,127,0.0100000000000000,0.100000000000000,4,list_based,0.44140625,0.63671875,0.6953125,nan,0.296875,0.3046875,0.8676900863647461
256,127,0.0100000000000000,0.100000000000000,5,monomial_based,0.33984375,nan,nan,0.5193939208984375,nan,nan,11.421979904174805
256,127,0.0100000000000000,0.100000000000000,5,list_based,0.375,0.5625,0.66796875,nan,0.33984375,0.33203125,0.8198211193084717
256,127,0.0100000000000000,0.150000000000000,1,monomial_based,0.20703125,nan,nan,0.68072509765625,nan,nan,11.367923974990845
256,127,0.0100000000000000,0.150000000000000,1,list_based,0.234375,0.421875,0.5859375,nan,0.49609375,0.41796875,0.7879631519317627
256,127,0.0100000000000000,0.150000000000000,2,monomial_based,0.17578125,nan,nan,0.6777191162109375,nan,nan,11.45450472831726
256,127,0.0100000000000000,0.150000000000000,2,list_based,0.19921875,0.34375,0.59765625,nan,0.51171875,0.40234375,0.9582948684692383
256,127,0.0100000000000000,0.150000000000000,3,monomial_based,0.1484375,nan,nan,0.674468994140625,nan,nan,11.767385959625244
256,127,0.0100000000000000,0.150000000000000,3,list_based,0.23828125,0.42578125,0.57421875,nan,0.453125,0.42578125,0.8227710723876953
256,127,0.0100000000000000,0.150000000000000,4,monomial_based,0.2421875,nan,nan,0.6775054931640625,nan,nan,12.077491998672485
256,127,0.0100000000000000,0.150000000000000,4,list_based,0.296875,0.51171875,0.5625,nan,0.46875,0.4375,0.8421249389648438
256,127,0.0100000000000000,0.150000000000000,5,monomial_based,0.203125,nan,nan,0.6789398193359375,nan,nan,12.280945062637329
256,127,0.0100000000000000,0.150000000000000,5,list_based,0.19140625,0.36328125,0.5234375,nan,0.45703125,0.4765625,0.6567749977111816
256,127,0.0100000000000000,0.200000000000000,1,monomial_based,0.10546875,nan,nan,0.791839599609375,nan,nan,11.898855924606323
256,127,0.0100000000000000,0.200000000000000,1,list_based,0.15625,0.3125,0.46875,nan,0.58203125,0.53515625,0.7048051357269287
256,127,0.0100000000000000,0.200000000000000,2,monomial_based,0.09765625,nan,nan,0.7895965576171875,nan,nan,11.666038036346436
256,127,0.0100000000000000,0.200000000000000,2,list_based,0.15234375,0.29296875,0.48046875,nan,0.625,0.51953125,0.6371719837188721
256,127,0.0100000000000000,0.200000000000000,3,monomial_based,0.08984375,nan,nan,0.787872314453125,nan,nan,11.733788967132568
256,127,0.0100000000000000,0.200000000000000,3,list_based,0.14453125,0.31640625,0.50390625,nan,0.57421875,0.49609375,0.6404969692230225
256,127,0.0100000000000000,0.200000000000000,4,monomial_based,0.1328125,nan,nan,0.7875823974609375,nan,nan,11.779171705245972
256,127,0.0100000000000000,0.200000000000000,4,list_based,0.11328125,0.27734375,0.4296875,nan,0.60546875,0.5703125,0.6690208911895752
256,127,0.0100000000000000,0.200000000000000,5,monomial_based,0.078125,nan,nan,0.7876739501953125,nan,nan,11.546310901641846
256,127,0.0100000000000000,0.200000000000000,5,list_based,0.10546875,0.28515625,0.41015625,nan,0.55859375,0.58984375,0.6367371082305908
256,127,0.0150000000000000,0.0500000000000000,1,monomial_based,0.640625,nan,nan,0.30169677734375,nan,nan,12.081869840621948
256,127,0.0150000000000000,0.0500000000000000,1,list_based,0.5859375,0.7421875,0.80078125,nan,0.21484375,0.19921875,0.6337811946868896
256,127,0.0150000000000000,0.0500000000000000,2,monomial_based,0.65234375,nan,nan,0.2989501953125,nan,nan,12.06050705909729
256,127,0.0150000000000000,0.0500000000000000,2,list_based,0.55078125,0.671875,0.80078125,nan,0.2421875,0.19921875,0.671302318572998
256,127,0.0150000000000000,0.0500000000000000,3,monomial_based,0.5625,nan,nan,0.2998809814453125,nan,nan,12.072710275650024
256,127,0.0150000000000000,0.0500000000000000,3,list_based,0.63671875,0.76171875,0.82421875,nan,0.1953125,0.17578125,0.6729938983917236
256,127,0.0150000000000000,0.0500000000000000,4,monomial_based,0.671875,nan,nan,0.30316162109375,nan,nan,11.4926278591156
256,127,0.0150000000000000,0.0500000000000000,4,list_based,0.65234375,0.7890625,0.83203125,nan,0.1953125,0.16796875,0.6321179866790771
256,127,0.0150000000000000,0.0500000000000000,5,monomial_based,0.625,nan,nan,0.3028717041015625,nan,nan,11.657827854156494
256,127,0.0150000000000000,0.0500000000000000,5,list_based,0.62890625,0.765625,0.81640625,nan,0.21875,0.18359375,0.6307778358459473
256,127,0.0150000000000000,0.100000000000000,1,monomial_based,0.3359375,nan,nan,0.5220489501953125,nan,nan,11.532643795013428
256,127,0.0150000000000000,0.100000000000000,1,list_based,0.37109375,0.5390625,0.68359375,nan,0.37890625,0.31640625,0.64792799949646
256,127,0.0150000000000000,0.100000000000000,2,monomial_based,0.37890625,nan,nan,0.519805908203125,nan,nan,11.756259202957153
256,127,0.0150000000000000,0.100000000000000,2,list_based,0.3203125,0.4765625,0.6953125,nan,0.4140625,0.3046875,0.6287250518798828
256,127,0.0150000000000000,0.100000000000000,3,monomial_based,0.3046875,nan,nan,0.516265869140625,nan,nan,11.928816795349121
256,127,0.0150000000000000,0.100000000000000,3,list_based,0.3828125,0.5625,0.671875,nan,0.3359375,0.328125,0.6182079315185547
256,127,0.0150000000000000,0.100000000000000,4,monomial_based,0.40234375,nan,nan,0.5194854736328125,nan,nan,11.176775932312012
256,127,0.0150000000000000,0.100000000000000,4,list_based,0.43359375,0.59765625,0.69140625,nan,0.31640625,0.30859375,0.6056661605834961
256,127,0.0150000000000000,0.100000000000000,5,monomial_based,0.34765625,nan,nan,0.5193939208984375,nan,nan,11.164369821548462
256,127,0.0150000000000000,0.100000000000000,5,list_based,0.35546875,0.5078125,0.66015625,nan,0.36328125,0.33984375,0.6013960838317871
256,127,0.0150000000000000,0.150000000000000,1,monomial_based,0.203125,nan,nan,0.6807861328125,nan,nan,11.33191204071045
256,127,0.0150000000000000,0.150000000000000,1,list_based,0.21875,0.41015625,0.5703125,nan,0.5,0.43359375,0.6475729942321777
256,127,0.0150000000000000,0.150000000000000,2,monomial_based,0.1953125,nan,nan,0.6777496337890625,nan,nan,12.102187871932983
256,127,0.0150000000000000,0.150000000000000,2,list_based,0.25390625,0.390625,0.5859375,nan,0.51953125,0.4140625,0.6185009479522705
256,127,0.0150000000000000,0.150000000000000,3,monomial_based,0.14453125,nan,nan,0.6745452880859375,nan,nan,11.519012928009033
256,127,0.0150000000000000,0.150000000000000,3,list_based,0.22265625,0.40234375,0.5625,nan,0.4609375,0.4375,0.6152479648590088
256,127,0.0150000000000000,0.150000000000000,4,monomial_based,0.24609375,nan,nan,0.6775360107421875,nan,nan,11.76916217803955
256,127,0.0150000000000000,0.150000000000000,4,list_based,0.21875,0.390625,0.55859375,nan,0.484375,0.44140625,0.6328203678131104
256,127,0.0150000000000000,0.150000000000000,5,monomial_based,0.1796875,nan,nan,0.6789398193359375,nan,nan,11.37917709350586
256,127,0.0150000000000000,0.150000000000000,5,list_based,0.19921875,0.38671875,0.515625,nan,0.47265625,0.484375,0.616771936416626
256,127,0.0150000000000000,0.200000000000000,1,monomial_based,0.10546875,nan,nan,0.791900634765625,nan,nan,12.62656307220459
256,127,0.0150000000000000,0.200000000000000,1,list_based,0.09765625,0.28515625,0.44921875,nan,0.5859375,0.55078125,0.6381580829620361
256,127,0.0150000000000000,0.200000000000000,2,monomial_based,0.109375,nan,nan,0.78961181640625,nan,nan,12.572597980499268
256,127,0.0150000000000000,0.200000000000000,2,list_based,0.12109375,0.23046875,0.46875,nan,0.62890625,0.53125,0.7993199825286865
256,127,0.0150000000000000,0.200000000000000,3,monomial_based,0.0859375,nan,nan,0.787933349609375,nan,nan,11.603765964508057
256,127,0.0150000000000000,0.200000000000000,3,list_based,0.140625,0.2890625,0.4921875,nan,0.58203125,0.5078125,0.6241819858551025
256,127,0.0150000000000000,0.200000000000000,4,monomial_based,0.140625,nan,nan,0.7876129150390625,nan,nan,11.33446192741394
256,127,0.0150000000000000,0.200000000000000,4,list_based,0.09765625,0.25390625,0.42578125,nan,0.6171875,0.57421875,0.6255459785461426
256,127,0.0150000000000000,0.200000000000000,5,monomial_based,0.07421875,nan,nan,0.7876739501953125,nan,nan,11.38448190689087
256,127,0.0150000000000000,0.200000000000000,5,list_based,0.11328125,0.27734375,0.40625,nan,0.5703125,0.59765625,0.6224119663238525
256,127,0.0200000000000000,0.0500000000000000,1,monomial_based,0.62109375,nan,nan,0.301788330078125,nan,nan,11.926320791244507
256,127,0.0200000000000000,0.0500000000000000,1,list_based,0.57421875,0.73046875,0.796875,nan,0.23046875,0.20703125,0.6361570358276367
256,127,0.0200000000000000,0.0500000000000000,2,monomial_based,0.609375,nan,nan,0.29901123046875,nan,nan,12.205311059951782
256,127,0.0200000000000000,0.0500000000000000,2,list_based,0.515625,0.65625,0.78125,nan,0.26171875,0.21875,0.6884877681732178
256,127,0.0200000000000000,0.0500000000000000,3,monomial_based,0.5390625,nan,nan,0.2999267578125,nan,nan,12.260494709014893
256,127,0.0200000000000000,0.0500000000000000,3,list_based,0.6015625,0.73046875,0.8125,nan,0.20703125,0.1875,0.6709740161895752
256,127,0.0200000000000000,0.0500000000000000,4,monomial_based,0.69921875,nan,nan,0.3032073974609375,nan,nan,12.061520099639893
256,127,0.0200000000000000,0.0500000000000000,4,list_based,0.578125,0.72265625,0.8125,nan,0.22265625,0.1875,0.7811861038208008
256,127,0.0200000000000000,0.0500000000000000,5,monomial_based,0.6328125,nan,nan,0.3029022216796875,nan,nan,12.358956098556519
256,127,0.0200000000000000,0.0500000000000000,5,list_based,0.59375,0.71875,0.81640625,nan,0.2421875,0.18359375,0.6275978088378906
256,127,0.0200000000000000,0.100000000000000,1,monomial_based,0.3125,nan,nan,0.522125244140625,nan,nan,11.462595701217651
256,127,0.0200000000000000,0.100000000000000,1,list_based,0.35546875,0.51953125,0.68359375,nan,0.390625,0.3203125,0.6382122039794922
256,127,0.0200000000000000,0.100000000000000,2,monomial_based,0.3828125,nan,nan,0.519866943359375,nan,nan,11.318763732910156
256,127,0.0200000000000000,0.100000000000000,2,list_based,0.34765625,0.50390625,0.67578125,nan,0.42578125,0.32421875,0.6259250640869141
256,127,0.0200000000000000,0.100000000000000,3,monomial_based,0.3046875,nan,nan,0.5163116455078125,nan,nan,11.375271320343018
256,127,0.0200000000000000,0.100000000000000,3,list_based,0.3984375,0.5859375,0.66015625,nan,0.34765625,0.33984375,0.6533858776092529
256,127,0.0200000000000000,0.100000000000000,4,monomial_based,0.39453125,nan,nan,0.519500732421875,nan,nan,12.95313310623169
256,127,0.0200000000000000,0.100000000000000,4,list_based,0.359375,0.55859375,0.671875,nan,0.34375,0.328125,0.6321241855621338
256,127,0.0200000000000000,0.100000000000000,5,monomial_based,0.34375,nan,nan,0.5194244384765625,nan,nan,11.423310041427612
256,127,0.0200000000000000,0.100000000000000,5,list_based,0.35546875,0.53515625,0.66015625,nan,0.3828125,0.33984375,0.6306910514831543
256,127,0.0200000000000000,0.150000000000000,1,monomial_based,0.19140625,nan,nan,0.68084716796875,nan,nan,11.411236047744751
256,127,0.0200000000000000,0.150000000000000,1,list_based,0.20703125,0.35546875,0.5703125,nan,0.51171875,0.43359375,0.6214649677276611
256,127,0.0200000000000000,0.150000000000000,2,monomial_based,0.1796875,nan,nan,0.67779541015625,nan,nan,11.449331998825073
256,127,0.0200000000000000,0.150000000000000,2,list_based,0.19921875,0.34375,0.56640625,nan,0.53125,0.43359375,0.6232907772064209
256,127,0.0200000000000000,0.150000000000000,3,monomial_based,0.14453125,nan,nan,0.674591064453125,nan,nan,11.547871112823486
256,127,0.0200000000000000,0.150000000000000,3,list_based,0.2421875,0.4375,0.5546875,nan,0.46875,0.4453125,0.6425971984863281
256,127,0.0200000000000000,0.150000000000000,4,monomial_based,0.23828125,nan,nan,0.67755126953125,nan,nan,11.953444719314575
256,127,0.0200000000000000,0.150000000000000,4,list_based,0.234375,0.4296875,0.5390625,nan,0.5,0.4609375,0.6604743003845215
256,127,0.0200000000000000,0.150000000000000,5,monomial_based,0.21484375,nan,nan,0.678955078125,nan,nan,11.832204103469849
256,127,0.0200000000000000,0.150000000000000,5,list_based,0.22265625,0.38671875,0.515625,nan,0.4921875,0.484375,0.623441219329834
256,127,0.0200000000000000,0.200000000000000,1,monomial_based,0.1015625,nan,nan,0.791961669921875,nan,nan,11.221771001815796
256,127,0.0200000000000000,0.200000000000000,1,list_based,0.140625,0.31640625,0.453125,nan,0.59375,0.55078125,0.6359560489654541
256,127,0.0200000000000000,0.200000000000000,2,monomial_based,0.09765625,nan,nan,0.7896575927734375,nan,nan,11.24246096611023
256,127,0.0200000000000000,0.200000000000000,2,list_based,0.11328125,0.22265625,0.44921875,nan,0.640625,0.55078125,0.6184732913970947
256,127,0.0200000000000000,0.200000000000000,3,monomial_based,0.078125,nan,nan,0.7879791259765625,nan,nan,11.217517852783203
256,127,0.0200000000000000,0.200000000000000,3,list_based,0.1328125,0.28515625,0.484375,nan,0.58984375,0.515625,0.6377160549163818
256,127,0.0200000000000000,0.200000000000000,4,monomial_based,0.140625,nan,nan,0.787628173828125,nan,nan,11.432172060012817
256,127,0.0200000000000000,0.200000000000000,4,list_based,0.1015625,0.24609375,0.4140625,nan,0.625,0.5859375,0.6320719718933105
256,127,0.0200000000000000,0.200000000000000,5,monomial_based,0.08203125,nan,nan,0.787689208984375,nan,nan,12.291839838027954
256,127,0.0200000000000000,0.200000000000000,5,list_based,0.11328125,0.25,0.40234375,nan,0.5859375,0.59765625,0.6400618553161621
