n,k,q,alpha,beta,rmax,weight_factor,budgets,enum_version,repair_algorithm,trial,seed,timestamp,m_pair_target,n_iter,max_trials_enum,gen_time_s,posterior_time_s,qhat_time_s,repair_time_s,total_time_s,rows_correct_full,rows_correct_support_only,n_rows_total,gv_bound,target_weight_used,uniqueness_guaranteed_gv,iters_used,enum_failures,pairs_recovered,pairs_correct,avg_active_error_dim,max_active_error_dim,frac_r_le_rmax,avg_v_weight,success,error
64,32,127,0.01,0.05,1,1.1,3,random,induced_sd_repair,0,1655622827,2026-08-06T04:47:20.731277+00:00,1,1000,10000,0.025637149810791016,0.08626890182495117,0.15060877799987793,311.66731810569763,311.9417269229889,52,9,64,25,28,True,1000,1000,0,0,,,,,False,
64,32,127,0.01,0.05,1,1.1,3,random,induced_sd_repair,1,926377576,2026-08-06T04:52:32.678734+00:00,1,1000,10000,0.003999948501586914,0.08775186538696289,0.15682601928710938,310.60923886299133,310.8641219139099,50,7,64,25,28,True,1000,1000,0,0,,,,,False,
64,32,127,0.01,0.05,1,1.1,3,random,structured_sd_repair,0,733412702,2026-08-06T04:57:43.548109+00:00,1,1000,10000,0.0039920806884765625,0.09353423118591309,0.15449190139770508,312.4434509277344,312.70170283317566,50,7,64,25,28,True,1000,1000,0,0,,,,,False,
64,32,127,0.01,0.05,1,1.1,3,random,structured_sd_repair,1,1165609436,2026-08-06T05:02:56.256057+00:00,1,1000,10000,0.0040378570556640625,0.08351707458496094,0.17118573188781738,310.9956798553467,311.2610538005829,50,9,64,25,28,True,1000,1000,0,0,,,,,False,
64,32,127,0.01,0.05,1,1.1,3,random,posterior_aware_prange_repair,0,83900990,2026-08-06T05:08:07.522380+00:00,1,1000,10000,0.003951072692871094,0.08770608901977539,0.15258121490478516,311.54119300842285,311.7918541431427,46,14,64,25,28,True,1000,1000,0,0,,,,,False,
64,32,127,0.01,0.05,1,1.1,3,random,posterior_aware_prange_repair,1,121656165,2026-08-06T05:13:19.319476+00:00,1,1000,10000,0.003946065902709961,0.0833578109741211,0.1702101230621338,311.03740906715393,311.3011450767517,42,17,64,25,28,True,1000,1000,0,0,,,,,False,
64,32,127,0.01,0.05,1,1.1,3,linear_combination,induced_sd_repair,0,1282888041,2026-08-06T05:18:30.625710+00:00,1,1000,10000,0.004038095474243164,0.08331680297851562,0.1527402400970459,147.2609348297119,147.5075478553772,54,8,64,25,28,True,1000,1000,0,0,,,,,False,
64,32,127,0.01,0.05,1,1.1,3,linear_combination,induced_sd_repair,1,968089220,2026-08-06T05:20:58.138178+00:00,1,1000,10000,0.003949165344238281,0.09963798522949219,0.15420174598693848,146.9816551208496,147.24579405784607,48,12,64,25,28,True,1000,1000,0,0,,,,,False,
64,32,127,0.01,0.05,1,1.1,3,linear_combination,structured_sd_repair,0,1377718668,2026-08-06T05:23:25.389089+00:00,1,1000,10000,0.003990888595581055,0.08338308334350586,0.1706221103668213,147.50212717056274,147.7664520740509,49,15,64,25,28,True,1000,1000,0,0,,,,,False,
64,32,127,0.01,0.05,1,1.1,3,linear_combination,structured_sd_repair,1,124974817,2026-08-06T05:25:53.160625+00:00,1,1000,10000,0.003953218460083008,0.08436894416809082,0.1537628173828125,147.46451926231384,147.71287298202515,50,6,64,25,28,True,1000,1000,0,0,,,,,False,
64,32,127,0.01,0.05,1,1.1,3,linear_combination,posterior_aware_prange_repair,0,1191266538,2026-08-06T05:28:20.878737+00:00,1,1000,10000,0.0039479732513427734,0.08324503898620605,0.15511798858642578,147.40398907661438,147.6526219844818,49,15,64,25,28,True,1000,1000,0,0,,,,,False,
64,32,127,0.01,0.05,1,1.1,3,linear_combination,posterior_aware_prange_repair,1,1872036150,2026-08-06T05:30:48.536193+00:00,1,1000,10000,0.003965854644775391,0.08505606651306152,0.15456414222717285,146.8349130153656,147.08489108085632,47,14,64,25,28,True,1000,1000,0,0,,,,,False,
64,32,127,0.01,0.05,1,1.1,3,local_search,induced_sd_repair,0,1330202424,2026-08-06T05:33:15.626263+00:00,1,1000,10000,0.003972768783569336,0.08803105354309082,0.1550912857055664,133.21604895591736,133.46945428848267,52,10,64,25,28,True,1000,1000,0,0,,,,,False,
64,32,127,0.01,0.05,1,1.1,3,local_search,induced_sd_repair,1,814615104,2026-08-06T05:35:29.100832+00:00,1,1000,10000,0.004151105880737305,0.08661198616027832,0.155015230178833,133.2324779033661,133.48455691337585,43,11,64,25,28,True,1000,1000,0,0,,,,,False,
64,32,127,0.01,0.05,1,1.1,3,local_search,structured_sd_repair,0,1254352887,2026-08-06T05:37:42.590536+00:00,1,1000,10000,0.0039670467376708984,0.09858894348144531,0.1544811725616455,133.2454330921173,133.5091199874878,54,10,64,25,28,True,1000,1000,0,0,,,,,False,
64,32,127,0.01,0.05,1,1.1,3,local_search,structured_sd_repair,1,1614411643,2026-08-06T05:39:56.104657+00:00,1,1000,10000,0.003940105438232422,0.09831690788269043,0.1528787612915039,133.18829202651978,133.44984102249146,51,11,64,25,28,True,1000,1000,0,0,,,,,False,
64,32,127,0.01,0.05,1,1.1,3,local_search,posterior_aware_prange_repair,0,1628138363,2026-08-06T05:42:09.559808+00:00,1,1000,10000,0.0039670467376708984,0.08302807807922363,0.15285086631774902,133.27749800682068,133.52963209152222,50,10,64,25,28,True,1000,1000,0,0,,,,,False,
64,32,127,0.01,0.05,1,1.1,3,local_search,posterior_aware_prange_repair,1,1679370391,2026-08-06T05:44:23.094480+00:00,1,1000,10000,0.0039560794830322266,0.08261370658874512,0.15427207946777344,133.57128190994263,133.8183150291443,55,3,64,25,28,True,1000,1000,0,0,,,,,False,
64,32,127,0.01,0.05,1,1.2,3,random,induced_sd_repair,0,2075396144,2026-08-06T05:46:36.917899+00:00,1,1000,10000,0.0039899349212646484,0.08353018760681152,0.15350031852722168,312.35414814949036,312.6015820503235,53,11,64,25,30,True,1000,987,0,0,5.538461538461538,7,0.0,,False,
64,32,127,0.01,0.05,1,1.2,3,random,induced_sd_repair,1,573703956,2026-08-06T05:51:49.524517+00:00,1,1000,10000,0.003973245620727539,0.08288788795471191,0.15348577499389648,312.4687490463257,312.7153639793396,44,13,64,25,30,True,1000,962,0,0,10.631578947368421,13,0.0,,False,
64,32,127,0.01,0.05,1,1.2,3,random,structured_sd_repair,0,1760569342,2026-08-06T05:57:02.245031+00:00,1,1000,10000,0.0039632320404052734,0.08532571792602539,0.16878485679626465,305.74199390411377,306.0064160823822,49,12,64,25,30,True,1000,963,0,0,6.864864864864865,9,0.0,,False,
64,32,127,0.01,0.05,1,1.2,3,random,structured_sd_repair,1,350784152,2026-08-06T06:02:08.256617+00:00,1,1000,10000,0.0039408206939697266,0.09483003616333008,0.15721583366394043,306.2588529586792,306.5213508605957,49,9,64,25,30,True,1000,968,0,0,3.875,5,0.0,,False,
64,32,127,0.01,0.05,1,1.2,3,random,posterior_aware_prange_repair,0,727265022,2026-08-06T06:07:14.783106+00:00,1,1000,10000,0.003938913345336914,0.08298373222351074,0.15443205833435059,311.7308118343353,311.9784848690033,51,8,64,25,30,True,1000,992,0,0,5.25,6,0.0,,False,
64,32,127,0.01,0.05,1,1.2,3,random,posterior_aware_prange_repair,1,1591254976,2026-08-06T06:12:26.766610+00:00,1,1000,10000,0.0039310455322265625,0.08290219306945801,0.15741586685180664,311.78286385536194,312.0334119796753,45,11,64,25,30,True,1000,975,0,0,7.04,8,0.0,,False,
64,32,127,0.01,0.05,1,1.2,3,linear_combination,induced_sd_repair,0,1029634723,2026-08-06T06:17:38.805176+00:00,1,1000,10000,0.0039670467376708984,0.08315706253051758,0.15338516235351562,146.31279110908508,146.55969381332397,45,17,64,25,30,True,1000,1000,0,0,,,,,False,
64,32,127,0.01,0.05,1,1.2,3,linear_combination,induced_sd_repair,1,781172641,2026-08-06T06:20:05.369872+00:00,1,1000,10000,0.003984928131103516,0.08631086349487305,0.1546950340270996,146.12539100646973,146.37676405906677,51,8,64,25,30,True,1000,1000,0,0,,,,,False,
64,32,127,0.01,0.05,1,1.2,3,linear_combination,structured_sd_repair,0,1247827359,2026-08-06T06:22:31.751835+00:00,1,1000,10000,0.00395512580871582,0.10350418090820312,0.15464305877685547,146.29098796844482,146.55931496620178,41,14,64,25,30,True,1000,1000,0,0,,,,,False,
64,32,127,0.01,0.05,1,1.2,3,linear_combination,structured_sd_repair,1,1517573120,2026-08-06T06:24:58.316367+00:00,1,1000,10000,0.003940105438232422,0.0966331958770752,0.15378999710083008,146.45856618881226,146.71953582763672,43,16,64,25,30,True,1000,1000,0,0,,,,,False,
64,32,127,0.01,0.05,1,1.2,3,linear_combination,posterior_aware_prange_repair,0,1370203643,2026-08-06T06:27:25.041195+00:00,1,1000,10000,0.0039670467376708984,0.08246183395385742,0.17065906524658203,146.39296412467957,146.65630912780762,46,11,64,25,30,True,1000,1000,0,0,,,,,False,
64,32,127,0.01,0.05,1,1.2,3,linear_combination,posterior_aware_prange_repair,1,238917868,2026-08-06T06:29:51.702722+00:00,1,1000,10000,0.004031181335449219,0.08337521553039551,0.1663351058959961,146.49166321754456,146.75361514091492,49,15,64,25,30,True,1000,1000,0,0,,,,,False,
64,32,127,0.01,0.05,1,1.2,3,local_search,induced_sd_repair,0,1562100230,2026-08-06T06:32:18.461291+00:00,1,1000,10000,0.003961086273193359,0.08256316184997559,0.15549802780151367,132.59576201438904,132.844092130661,49,6,64,25,30,True,1000,1000,0,0,,,,,False,
64,32,127,0.01,0.05,1,1.2,3,local_search,induced_sd_repair,1,523574598,2026-08-06T06:34:31.310404+00:00,1,1000,10000,0.003974199295043945,0.09917402267456055,0.15517091751098633,132.44757294654846,132.71249103546143,52,10,64,25,30,True,1000,1000,0,0,,,,,False,
64,32,127,0.01,0.05,1,1.2,3,local_search,structured_sd_repair,0,532019297,2026-08-06T06:36:44.028106+00:00,1,1000,10000,0.0039179325103759766,0.08297491073608398,0.15352988243103027,132.62155866622925,132.8685700893402,53,9,64,25,30,True,1000,1000,0,0,,,,,False,
64,32,127,0.01,0.05,1,1.2,3,local_search,structured_sd_repair,1,1706294855,2026-08-06T06:38:56.901707+00:00,1,1000,10000,0.003932952880859375,0.08483314514160156,0.17169499397277832,132.68479681015015,132.9516179561615,48,11,64,25,30,True,1000,1000,0,0,,,,,False,
64,32,127,0.01,0.05,1,1.2,3,local_search,posterior_aware_prange_repair,0,1326561825,2026-08-06T06:41:09.858740+00:00,1,1000,10000,0.0039141178131103516,0.08351016044616699,0.1535651683807373,132.47796893119812,132.72527408599854,52,12,64,25,30,True,1000,1000,0,0,,,,,False,
64,32,127,0.01,0.05,1,1.2,3,local_search,posterior_aware_prange_repair,1,1002453712,2026-08-06T06:43:22.589241+00:00,1,1000,10000,0.003969907760620117,0.08215188980102539,0.16860294342041016,132.93749594688416,133.19864511489868,54,10,64,25,30,True,1000,1000,0,0,,,,,False,
64,32,127,0.01,0.05,1,1.3,3,random,induced_sd_repair,0,551516524,2026-08-06T06:45:35.793026+00:00,1,1000,10000,0.0039560794830322266,0.08290886878967285,0.15243911743164062,188.30031895637512,188.5459578037262,49,8,64,25,32,True,1000,0,0,0,6.127,8,0.0,,False,
64,32,127,0.01,0.05,1,1.3,3,random,induced_sd_repair,1,621169278,2026-08-06T06:48:44.344048+00:00,1,1000,10000,0.0038263797760009766,0.08497786521911621,0.15411376953125,188.00505709648132,188.25440907478333,45,16,64,25,32,True,1000,0,0,0,9.815,12,0.0,,False,
64,32,127,0.01,0.05,1,1.3,3,random,structured_sd_repair,0,475230276,2026-08-06T06:51:52.603663+00:00,1,1000,10000,0.003874063491821289,0.08964681625366211,0.15351390838623047,8.564186811447144,8.817708015441895,50,12,64,25,32,True,1000,0,0,0,5.627,8,0.0,,False,
64,32,127,0.01,0.05,1,1.3,3,random,structured_sd_repair,1,661833943,2026-08-06T06:52:01.426430+00:00,1,1000,10000,0.003953218460083008,0.08274412155151367,0.1547689437866211,8.298518896102905,8.546327829360962,48,13,64,25,32,True,1000,0,0,0,9.842,12,0.0,,False,
64,32,127,0.01,0.05,1,1.3,3,random,posterior_aware_prange_repair,0,2133858069,2026-08-06T06:52:09.978010+00:00,1,1000,10000,0.0039501190185546875,0.08320879936218262,0.15612196922302246,207.21810293197632,207.46763610839844,46,12,64,25,32,True,1000,0,0,0,7.058,9,0.0,,False,
64,32,127,0.01,0.05,1,1.3,3,random,posterior_aware_prange_repair,1,840862837,2026-08-06T06:55:37.450721+00:00,1,1000,10000,0.003905773162841797,0.0863029956817627,0.1705470085144043,208.2620370388031,208.52925491333008,44,17,64,25,32,True,1000,0,0,0,10.157,12,0.0,,False,
64,32,127,0.01,0.05,1,1.3,3,linear_combination,induced_sd_repair,0,1565797020,2026-08-06T06:59:05.985104+00:00,1,1000,10000,0.0038900375366210938,0.1036069393157959,0.15432500839233398,146.86647701263428,147.13454270362854,49,9,64,25,32,True,1000,1000,0,0,,,,,False,
64,32,127,0.01,0.05,1,1.3,3,linear_combination,induced_sd_repair,1,758745352,2026-08-06T07:01:33.124905+00:00,1,1000,10000,0.003938913345336914,0.08692407608032227,0.15557408332824707,146.6000270843506,146.85267806053162,50,12,64,25,32,True,1000,1000,0,0,,,,,False,
64,32,127,0.01,0.05,1,1.3,3,linear_combination,structured_sd_repair,0,1484139293,2026-08-06T07:03:59.982762+00:00,1,1000,10000,0.003931760787963867,0.11253190040588379,0.15324807167053223,146.4418499469757,146.71791529655457,53,7,64,25,32,True,1000,1000,0,0,,,,,False,
64,32,127,0.01,0.05,1,1.3,3,linear_combination,structured_sd_repair,1,1963741733,2026-08-06T07:06:26.705883+00:00,1,1000,10000,0.003962278366088867,0.08293485641479492,0.17316985130310059,146.54380106925964,146.81028294563293,52,8,64,25,32,True,1000,1000,0,0,,,,,False,
64,32,127,0.01,0.05,1,1.3,3,linear_combination,posterior_aware_prange_repair,0,251276859,2026-08-06T07:08:53.521332+00:00,1,1000,10000,0.003931760787963867,0.08258605003356934,0.15564799308776855,146.80769419670105,147.05632090568542,50,11,64,25,32,True,1000,1000,0,0,,,,,False,
64,32,127,0.01,0.05,1,1.3,3,linear_combination,posterior_aware_prange_repair,1,257584167,2026-08-06T07:11:20.582822+00:00,1,1000,10000,0.003939151763916016,0.08304691314697266,0.15396404266357422,146.26101398468018,146.50831007957458,49,13,64,25,32,True,1000,1000,0,0,,,,,False,
64,32,127,0.01,0.05,1,1.3,3,local_search,induced_sd_repair,0,211533087,2026-08-06T07:13:47.096311+00:00,1,1000,10000,0.004040956497192383,0.09978199005126953,0.15656495094299316,133.0022292137146,133.26877403259277,48,8,64,25,32,True,1000,998,0,0,7.5,8,0.0,,False,
64,32,127,0.01,0.05,1,1.3,3,local_search,induced_sd_repair,1,1618277699,2026-08-06T07:16:00.370195+00:00,1,1000,10000,0.003962039947509766,0.08223390579223633,0.15458393096923828,132.65675711631775,132.9039101600647,42,14,64,25,32,True,1000,1000,0,0,,,,,False,
64,32,127,0.01,0.05,1,1.3,3,local_search,structured_sd_repair,0,1329837488,2026-08-06T07:18:13.279275+00:00,1,1000,10000,0.004006862640380859,0.08674311637878418,0.15315008163452148,132.82259106636047,133.07277417182922,46,16,64,25,32,True,1000,1000,0,0,,,,,False,
64,32,127,0.01,0.05,1,1.3,3,local_search,structured_sd_repair,1,1338306424,2026-08-06T07:20:26.357248+00:00,1,1000,10000,0.003946065902709961,0.10076594352722168,0.15389299392700195,133.19535398483276,133.46045804023743,52,12,64,25,32,True,1000,999,0,0,6.0,6,0.0,,False,
64,32,127,0.01,0.05,1,1.3,3,local_search,posterior_aware_prange_repair,0,1949214020,2026-08-06T07:22:39.822786+00:00,1,1000,10000,0.003946065902709961,0.08205962181091309,0.15160107612609863,132.78476524353027,133.0285289287567,49,8,64,25,32,True,1000,1000,0,0,,,,,False,
64,32,127,0.01,0.05,1,1.3,3,local_search,posterior_aware_prange_repair,1,1167141732,2026-08-06T07:24:52.856567+00:00,1,1000,10000,0.003964900970458984,0.08597707748413086,0.15219521522521973,132.8478240966797,133.09639191627502,50,8,64,25,32,True,1000,1000,0,0,,,,,False,
64,32,127,0.01,0.05,2,1.1,3,random,induced_sd_repair,0,1512204603,2026-08-06T07:27:05.958327+00:00,1,1000,10000,0.003988027572631836,0.08671998977661133,0.1702120304107666,309.9860169887543,310.25362515449524,50,14,64,25,28,True,1000,1000,0,0,,,,,False,
64,32,127,0.01,0.05,2,1.1,3,random,induced_sd_repair,1,85037403,2026-08-06T07:32:16.217236+00:00,1,1000,10000,0.003937244415283203,0.08661293983459473,0.15448808670043945,309.53697204589844,309.78834319114685,50,9,64,25,28,True,1000,1000,0,0,,,,,False,
64,32,127,0.01,0.05,2,1.1,3,random,structured_sd_repair,0,1758839138,2026-08-06T07:37:26.010976+00:00,1,1000,10000,0.003931999206542969,0.09723496437072754,0.15330982208251953,310.19892597198486,310.4597969055176,55,9,64,25,28,True,1000,1000,0,0,,,,,False,
64,32,127,0.01,0.05,2,1.1,3,random,structured_sd_repair,1,1100966048,2026-08-06T07:42:36.476088+00:00,1,1000,10000,0.0039272308349609375,0.08343720436096191,0.15344905853271484,310.2020411491394,310.44921708106995,45,12,64,25,28,True,1000,1000,0,0,,,,,False,
64,32,127,0.01,0.05,2,1.1,3,random,posterior_aware_prange_repair,0,616643670,2026-08-06T07:47:46.930440+00:00,1,1000,10000,0.003993034362792969,0.08302879333496094,0.15375900268554688,310.4410560131073,310.68848299980164,51,13,64,25,28,True,1000,1000,0,0,,,,,False,
64,32,127,0.01,0.05,2,1.1,3,random,posterior_aware_prange_repair,1,1730540498,2026-08-06T07:52:57.624059+00:00,1,1000,10000,0.003957033157348633,0.08235001564025879,0.17016911506652832,309.91168117523193,310.17463660240173,46,10,64,25,28,True,1000,1000,0,0,,,,,False,
64,32,127,0.01,0.05,2,1.1,3,linear_combination,induced_sd_repair,0,705256825,2026-08-06T07:58:07.803870+00:00,1,1000,10000,0.0041768550872802734,0.0824589729309082,0.16895794868469238,146.95545887947083,147.21721482276917,39,15,64,25,28,True,1000,1000,0,0,,,,,False,
64,32,127,0.01,0.05,2,1.1,3,linear_combination,induced_sd_repair,1,476947333,2026-08-06T08:00:35.026123+00:00,1,1000,10000,0.00394892692565918,0.0828099250793457,0.15386414527893066,146.70512199401855,146.95206809043884,49,9,64,25,28,True,1000,1000,0,0,,,,,False,
64,32,127,0.01,0.05,2,1.1,3,linear_combination,structured_sd_repair,0,1080662188,2026-08-06T08:03:01.983309+00:00,1,1000,10000,0.0041158199310302734,0.08275365829467773,0.15344905853271484,146.81399512290955,147.06083369255066,44,11,64,25,28,True,1000,1000,0,0,,,,,False,
64,32,127,0.01,0.05,2,1.1,3,linear_combination,structured_sd_repair,1,334467225,2026-08-06T08:05:29.049473+00:00,1,1000,10000,0.003938198089599609,0.08280181884765625,0.15558505058288574,146.6019332408905,146.8506920337677,43,11,64,25,28,True,1000,1000,0,0,,,,,False,
64,32,127,0.01,0.05,2,1.1,3,linear_combination,posterior_aware_prange_repair,0,347392941,2026-08-06T08:07:55.905175+00:00,1,1000,10000,0.003918886184692383,0.0988149642944336,0.15650081634521484,146.45896005630493,146.72446703910828,50,12,64,25,28,True,1000,1000,0,0,,,,,False,
64,32,127,0.01,0.05,2,1.1,3,linear_combination,posterior_aware_prange_repair,1,652485555,2026-08-06T08:10:22.634549+00:00,1,1000,10000,0.003952741622924805,0.0864708423614502,0.17174220085144043,146.46425485610962,146.73262405395508,49,8,64,25,28,True,1000,1000,0,0,,,,,False,
64,32,127,0.01,0.05,2,1.1,3,local_search,induced_sd_repair,0,1967532487,2026-08-06T08:12:49.371991+00:00,1,1000,10000,0.003972768783569336,0.08716106414794922,0.15292000770568848,132.87658095359802,133.12687301635742,49,10,64,25,28,True,1000,1000,0,0,,,,,False,
64,32,127,0.01,0.05,2,1.1,3,local_search,induced_sd_repair,1,1972098602,2026-08-06T08:15:02.504062+00:00,1,1000,10000,0.004006862640380859,0.08685588836669922,0.15425920486450195,132.91599082946777,133.16721510887146,43,12,64,25,28,True,1000,1000,0,0,,,,,False,
64,32,127,0.01,0.05,2,1.1,3,local_search,structured_sd_repair,0,578444647,2026-08-06T08:17:15.676494+00:00,1,1000,10000,0.003942966461181641,0.08630108833312988,0.16624808311462402,132.68236374855042,132.945081949234,46,10,64,25,28,True,1000,1000,0,0,,,,,False,
64,32,127,0.01,0.05,2,1.1,3,local_search,structured_sd_repair,1,479237231,2026-08-06T08:19:28.626641+00:00,1,1000,10000,0.0039730072021484375,0.09893989562988281,0.15395379066467285,133.00017404556274,133.26327419281006,43,13,64,25,28,True,1000,1000,0,0,,,,,False,
64,32,127,0.01,0.05,2,1.1,3,local_search,posterior_aware_prange_repair,0,834945361,2026-08-06T08:21:41.895146+00:00,1,1000,10000,0.003980159759521484,0.08272910118103027,0.16272282600402832,133.14423203468323,133.40548610687256,48,13,64,25,28,True,1000,1000,0,0,,,,,False,
64,32,127,0.01,0.05,2,1.1,3,local_search,posterior_aware_prange_repair,1,812589471,2026-08-06T08:23:55.305705+00:00,1,1000,10000,0.00394892692565918,0.08330082893371582,0.15475821495056152,132.7166669368744,132.96514511108398,49,10,64,25,28,True,1000,1000,0,0,,,,,False,
64,32,127,0.01,0.05,2,1.2,3,random,induced_sd_repair,0,561494629,2026-08-06T08:26:08.275992+00:00,1,1000,10000,0.003999233245849609,0.08292770385742188,0.153181791305542,311.74294781684875,311.98934626579285,50,10,64,25,30,True,1000,968,0,0,6.75,8,0.0,,False,
64,32,127,0.01,0.05,2,1.2,3,random,induced_sd_repair,1,1080045735,2026-08-06T08:31:20.270463+00:00,1,1000,10000,0.0039310455322265625,0.08204317092895508,0.15314936637878418,24.573866844177246,24.819281101226807,50,10,64,25,30,True,80,77,1,1,5.0,6,0.0,30.0,True,
64,32,127,0.01,0.05,2,1.2,3,random,structured_sd_repair,0,1968801629,2026-08-06T08:31:45.094959+00:00,1,1000,10000,0.0038771629333496094,0.0994269847869873,0.1547091007232666,308.90639090538025,309.1706790924072,52,9,64,25,30,True,1000,968,0,0,4.0625,5,0.0,,False,
64,32,127,0.01,0.05,2,1.2,3,random,structured_sd_repair,1,612225458,2026-08-06T08:36:54.270687+00:00,1,1000,10000,0.003969907760620117,0.08187508583068848,0.17089605331420898,307.7758798599243,308.0388159751892,48,12,64,25,30,True,1000,934,0,0,5.045454545454546,7,0.0,,False,
64,32,127,0.01,0.05,2,1.2,3,random,posterior_aware_prange_repair,0,1887097163,2026-08-06T08:42:02.314731+00:00,1,1000,10000,0.00393986701965332,0.0822296142578125,0.17029881477355957,0.3310739994049072,0.5939910411834717,55,6,64,25,30,True,3,1,1,1,2.0,2,1.0,30.0,True,
64,32,127,0.01,0.05,2,1.2,3,random,posterior_aware_prange_repair,1,1137574765,2026-08-06T08:42:02.913818+00:00,1,1000,10000,0.0038690567016601562,0.08515691757202148,0.15437698364257812,214.33683371543884,214.58655261993408,50,11,64,25,30,True,685,660,1,1,5.541666666666667,7,0.0,30.0,True,
64,32,127,0.01,0.05,2,1.2,3,linear_combination,induced_sd_repair,0,1411938400,2026-08-06T08:45:37.505594+00:00,1,1000,10000,0.0038750171661376953,0.08293890953063965,0.1704719066619873,146.60160422325134,146.86534023284912,52,6,64,25,30,True,1000,1000,0,0,,,,,False,
64,32,127,0.01,0.05,2,1.2,3,linear_combination,induced_sd_repair,1,343140744,2026-08-06T08:48:04.376364+00:00,1,1000,10000,0.003976106643676758,0.08264708518981934,0.1533660888671875,146.36294794082642,146.61256790161133,47,15,64,25,30,True,1000,1000,0,0,,,,,False,
64,32,127,0.01,0.05,2,1.2,3,linear_combination,structured_sd_repair,0,1202291461,2026-08-06T08:50:30.994083+00:00,1,1000,10000,0.003942012786865234,0.08323097229003906,0.15479016304016113,146.60649013519287,146.85457587242126,43,12,64,25,30,True,1000,1000,0,0,,,,,False,
64,32,127,0.01,0.05,2,1.2,3,linear_combination,structured_sd_repair,1,869690824,2026-08-06T08:52:57.853406+00:00,1,1000,10000,0.0038971900939941406,0.08222484588623047,0.1558847427368164,146.45426988601685,146.7028510570526,51,13,64,25,30,True,1000,1000,0,0,,,,,False,
64,32,127,0.01,0.05,2,1.2,3,linear_combination,posterior_aware_prange_repair,0,1918605766,2026-08-06T08:55:24.561372+00:00,1,1000,10000,0.003930091857910156,0.10326695442199707,0.1540060043334961,146.39726996421814,146.6648280620575,48,16,64,25,30,True,1000,1000,0,0,,,,,False,
64,32,127,0.01,0.05,2,1.2,3,linear_combination,posterior_aware_prange_repair,1,335264697,2026-08-06T08:57:51.231141+00:00,1,1000,10000,0.003957033157348633,0.08682012557983398,0.17045211791992188,146.67605185508728,146.94361686706543,55,7,64,25,30,True,1000,1000,0,0,,,,,False,
64,32,127,0.01,0.05,2,1.2,3,local_search,induced_sd_repair,0,255938871,2026-08-06T09:00:18.179949+00:00,1,1000,10000,0.003949165344238281,0.09133005142211914,0.15559911727905273,132.51233100891113,132.76969385147095,43,14,64,25,30,True,1000,1000,0,0,,,,,False,
64,32,127,0.01,0.05,2,1.2,3,local_search,induced_sd_repair,1,70821689,2026-08-06T09:02:30.954841+00:00,1,1000,10000,0.0039441585540771484,0.10523796081542969,0.16361021995544434,132.79049706459045,133.0697078704834,51,13,64,25,30,True,1000,1000,0,0,,,,,False,
64,32,127,0.01,0.05,2,1.2,3,local_search,structured_sd_repair,0,365893193,2026-08-06T09:04:44.030032+00:00,1,1000,10000,0.0040760040283203125,0.08248424530029297,0.17047810554504395,132.73579597473145,132.9991979598999,56,6,64,25,30,True,1000,1000,0,0,,,,,False,
64,32,127,0.01,0.05,2,1.2,3,local_search,structured_sd_repair,1,1178031065,2026-08-06T09:06:57.034452+00:00,1,1000,10000,0.003966331481933594,0.08301377296447754,0.15350794792175293,132.43377304077148,132.68074011802673,53,11,64,25,30,True,1000,1000,0,0,,,,,False,
64,32,127,0.01,0.05,2,1.2,3,local_search,posterior_aware_prange_repair,0,2006745328,2026-08-06T09:09:09.720405+00:00,1,1000,10000,0.0039899349212646484,0.08463907241821289,0.15463900566101074,132.52107071876526,132.77066707611084,49,9,64,25,30,True,1000,1000,0,0,,,,,False,
64,32,127,0.01,0.05,2,1.2,3,local_search,posterior_aware_prange_repair,1,255733758,2026-08-06T09:11:22.496229+00:00,1,1000,10000,0.003912925720214844,0.0997931957244873,0.1533219814300537,132.62639617919922,132.88974475860596,48,14,64,25,30,True,1000,1000,0,0,,,,,False,
64,32,127,0.01,0.05,2,1.3,3,random,induced_sd_repair,0,90277920,2026-08-06T09:13:35.391214+00:00,1,1000,10000,0.003916025161743164,0.08272027969360352,0.16939806938171387,187.39221477508545,187.6545159816742,42,17,64,25,32,True,1000,0,0,0,11.799,14,0.0,,False,
64,32,127,0.01,0.05,2,1.3,3,random,induced_sd_repair,1,2028166216,2026-08-06T09:16:43.051065+00:00,1,1000,10000,0.003895998001098633,0.08192992210388184,0.15291190147399902,176.6605041027069,176.90550303459167,51,10,64,25,32,True,944,0,1,1,6.980911983032874,9,0.0,32.0,True,
64,32,127,0.01,0.05,2,1.3,3,random,structured_sd_repair,0,1573328700,2026-08-06T09:19:39.961773+00:00,1,1000,10000,0.003977060317993164,0.08316206932067871,0.15211915969848633,109.80561923980713,110.05122017860413,51,11,64,25,32,True,1000,0,0,0,4.051,6,0.001,,False,
64,32,127,0.01,0.05,2,1.3,3,random,structured_sd_repair,1,1964807577,2026-08-06T09:21:30.018097+00:00,1,1000,10000,0.003942966461181641,0.08645105361938477,0.1523447036743164,106.59306979179382,106.84217286109924,49,8,64,25,32,True,1000,0,0,0,7.315,9,0.0,,False,
64,32,127,0.01,0.05,2,1.3,3,random,posterior_aware_prange_repair,0,1706149072,2026-08-06T09:23:16.865501+00:00,1,1000,10000,0.003963947296142578,0.08295106887817383,0.1567990779876709,0.4400629997253418,0.6907129287719727,58,6,64,25,32,True,4,0,1,1,5.0,6,0.0,32.0,True,
64,32,127,0.01,0.05,2,1.3,3,random,posterior_aware_prange_repair,1,417245727,2026-08-06T09:23:17.561160+00:00,1,1000,10000,0.004169940948486328,0.08271193504333496,0.15534591674804688,211.3592550754547,211.60764503479004,44,12,64,25,32,True,1000,0,0,0,12.878,15,0.0,,False,
64,32,127,0.01,0.05,2,1.3,3,linear_combination,induced_sd_repair,0,2013370181,2026-08-06T09:26:49.173977+00:00,1,1000,10000,0.003915071487426758,0.08339095115661621,0.1724097728729248,147.17231011390686,147.43825101852417,56,5,64,25,32,True,1000,1000,0,0,,,,,False,
64,32,127,0.01,0.05,2,1.3,3,linear_combination,induced_sd_repair,1,2134400707,2026-08-06T09:29:16.617373+00:00,1,1000,10000,0.003909111022949219,0.08212995529174805,0.15339303016662598,147.33013200759888,147.58345317840576,57,7,64,25,32,True,1000,1000,0,0,,,,,False,
64,32,127,0.01,0.05,2,1.3,3,linear_combination,structured_sd_repair,0,183365699,2026-08-06T09:31:44.206096+00:00,1,1000,10000,0.003937959671020508,0.08263921737670898,0.15320515632629395,146.9950840473175,147.24104499816895,48,9,64,25,32,True,1000,1000,0,0,,,,,False,
64,32,127,0.01,0.05,2,1.3,3,linear_combination,structured_sd_repair,1,1631385143,2026-08-06T09:34:11.452375+00:00,1,1000,10000,0.003946781158447266,0.0826869010925293,0.15369081497192383,147.08597898483276,147.33261585235596,41,14,64,25,32,True,1000,1000,0,0,,,,,False,
64,32,127,0.01,0.05,2,1.3,3,linear_combination,posterior_aware_prange_repair,0,112697020,2026-08-06T09:36:38.790117+00:00,1,1000,10000,0.0039479732513427734,0.08648514747619629,0.15582013130187988,146.3651909828186,146.61823105812073,47,13,64,25,32,True,1000,1000,0,0,,,,,False,
64,32,127,0.01,0.05,2,1.3,3,linear_combination,posterior_aware_prange_repair,1,1546034130,2026-08-06T09:39:05.413515+00:00,1,1000,10000,0.009442806243896484,0.10836625099182129,0.15464091300964355,147.001620054245,147.28037405014038,48,10,64,25,32,True,1000,1000,0,0,,,,,False,
64,32,127,0.01,0.05,2,1.3,3,local_search,induced_sd_repair,0,1189042384,2026-08-06T09:41:32.699701+00:00,1,1000,10000,0.003954887390136719,0.10893011093139648,0.15422320365905762,133.24810600280762,133.52123475074768,45,3,64,25,32,True,1000,1000,0,0,,,,,False,
64,32,127,0.01,0.05,2,1.3,3,local_search,induced_sd_repair,1,1999693465,2026-08-06T09:43:46.226050+00:00,1,1000,10000,0.003937959671020508,0.08246088027954102,0.17094111442565918,133.02244687080383,133.28605699539185,42,13,64,25,32,True,1000,1000,0,0,,,,,False,
64,32,127,0.01,0.05,2,1.3,3,local_search,structured_sd_repair,0,1876424306,2026-08-06T09:45:59.517471+00:00,1,1000,10000,0.003957986831665039,0.08289384841918945,0.15535593032836914,142.97206211090088,143.22087502479553,51,13,64,25,32,True,1000,1000,0,0,,,,,False,
64,32,127,0.01,0.05,2,1.3,3,local_search,structured_sd_repair,1,1226714301,2026-08-06T09:48:22.743804+00:00,1,1000,10000,0.00447392463684082,0.10717892646789551,0.17350125312805176,143.57687878608704,143.8689341545105,44,13,64,25,32,True,1000,1000,0,0,,,,,False,
64,32,127,0.01,0.05,2,1.3,3,local_search,posterior_aware_prange_repair,0,1049800794,2026-08-06T09:50:46.618916+00:00,1,1000,10000,0.004378080368041992,0.09182095527648926,0.18540000915527344,144.15118312835693,144.4399218559265,46,18,64,25,32,True,1000,999,0,0,9.0,9,0.0,,False,
64,32,127,0.01,0.05,2,1.3,3,local_search,posterior_aware_prange_repair,1,1756189533,2026-08-06T09:53:11.063990+00:00,1,1000,10000,0.004172801971435547,0.08808207511901855,0.16361069679260254,143.84076595306396,144.103333234787,48,12,64,25,32,True,1000,999,0,0,9.0,9,0.0,,False,
64,32,127,0.01,0.05,3,1.1,3,random,induced_sd_repair,0,775840731,2026-08-06T09:55:35.173468+00:00,1,1000,10000,0.0041429996490478516,0.08820414543151855,0.16230416297912598,334.49616408348083,334.75732493400574,43,10,64,25,28,True,1000,1000,0,0,,,,,False,
64,32,127,0.01,0.05,3,1.1,3,random,induced_sd_repair,1,76096565,2026-08-06T10:01:09.936111+00:00,1,1000,10000,0.0041730403900146484,0.08844804763793945,0.1610548496246338,17729.909130096436,17730.171585083008,49,15,64,25,28,True,1000,1000,0,0,,,,,False,
64,32,127,0.01,0.05,3,1.1,3,random,structured_sd_repair,0,2065666465,2026-08-06T14:56:40.171533+00:00,1,1000,10000,0.03016495704650879,0.0894310474395752,0.17092609405517578,346.94249200820923,347.26542115211487,48,9,64,25,28,True,1000,1000,0,0,,,,,False,
64,32,127,0.01,0.05,3,1.1,3,random,structured_sd_repair,1,127538951,2026-08-06T15:02:27.442615+00:00,1,1000,10000,0.0039479732513427734,0.09899020195007324,0.15723609924316406,312.1559360027313,312.4225869178772,49,15,64,25,28,True,1000,1000,0,0,,,,,False,
64,32,127,0.01,0.05,3,1.1,3,random,posterior_aware_prange_repair,0,1290675741,2026-08-06T15:07:39.870381+00:00,1,1000,10000,0.003943920135498047,0.23428106307983398,0.2503988742828369,310.4092900753021,310.90473103523254,53,11,64,25,28,True,1000,1000,0,0,,,,,False,
64,32,127,0.01,0.05,3,1.1,3,random,posterior_aware_prange_repair,1,1271148581,2026-08-06T15:12:50.779911+00:00,1,1000,10000,0.004303932189941406,0.11656498908996582,0.16714692115783691,310.1938979625702,310.4882001876831,46,14,64,25,28,True,1000,1000,0,0,,,,,False,
64,32,127,0.01,0.05,3,1.1,3,linear_combination,induced_sd_repair,0,165275400,2026-08-06T15:18:01.274105+00:00,1,1000,10000,0.00417017936706543,0.1877751350402832,0.15558409690856934,146.95999813079834,147.31453275680542,48,14,64,25,28,True,1000,1000,0,0,,,,,False,
64,32,127,0.01,0.05,3,1.1,3,linear_combination,induced_sd_repair,1,2017440734,2026-08-06T15:20:28.593654+00:00,1,1000,10000,0.003951072692871094,0.08472776412963867,0.16152596473693848,147.31120014190674,147.56780219078064,50,10,64,25,28,True,1000,1000,0,0,,,,,False,
64,32,127,0.01,0.05,3,1.1,3,linear_combination,structured_sd_repair,0,408495538,2026-08-06T15:22:56.166652+00:00,1,1000,10000,0.003944873809814453,0.09842491149902344,0.1560807228088379,147.68959164619446,147.95456910133362,51,9,64,25,28,True,1000,1000,0,0,,,,,False,
64,32,127,0.01,0.05,3,1.1,3,linear_combination,structured_sd_repair,1,1560038847,2026-08-06T15:25:24.126605+00:00,1,1000,10000,0.003962039947509766,0.08366107940673828,0.15581798553466797,147.40524101257324,147.65498995780945,46,15,64,25,28,True,1000,1000,0,0,,,,,False,
64,32,127,0.01,0.05,3,1.1,3,linear_combination,posterior_aware_prange_repair,0,1077290681,2026-08-06T15:27:51.786784+00:00,1,1000,10000,0.0039560794830322266,0.09846711158752441,0.15558314323425293,147.7896749973297,148.05416083335876,47,15,64,25,28,True,1000,1000,0,0,,,,,False,
64,32,127,0.01,0.05,3,1.1,3,linear_combination,posterior_aware_prange_repair,1,991448055,2026-08-06T15:30:19.846061+00:00,1,1000,10000,0.0040628910064697266,0.1017909049987793,0.15478992462158203,167.56046319007874,167.8273458480835,53,8,64,25,28,True,1000,1000,0,0,,,,,False,
64,32,127,0.01,0.05,3,1.1,3,local_search,induced_sd_repair,0,1523813445,2026-08-06T15:33:07.682725+00:00,1,1000,10000,0.00568079948425293,0.09722495079040527,0.17469382286071777,147.27292394638062,147.5581922531128,44,13,64,25,28,True,1000,1000,0,0,,,,,False,
64,32,127,0.01,0.05,3,1.1,3,local_search,induced_sd_repair,1,1000000223,2026-08-06T15:35:35.247285+00:00,1,1000,10000,0.004369258880615234,0.08551597595214844,0.20046615600585938,149.16068768501282,149.45747590065002,45,16,64,25,28,True,1000,1000,0,0,,,,,False,
64,32,127,0.01,0.05,3,1.1,3,local_search,structured_sd_repair,0,66049681,2026-08-06T15:38:04.711012+00:00,1,1000,10000,0.00403594970703125,0.08347582817077637,0.1533670425415039,154.33853101730347,154.58570098876953,54,10,64,25,28,True,1000,1000,0,0,,,,,False,
64,32,127,0.01,0.05,3,1.1,3,local_search,structured_sd_repair,1,1004061919,2026-08-06T15:40:39.304275+00:00,1,1000,10000,0.004553079605102539,0.09902310371398926,0.20055913925170898,168.39904308319092,168.71012091636658,48,11,64,25,28,True,1000,1000,0,0,,,,,False,
64,32,127,0.01,0.05,3,1.1,3,local_search,posterior_aware_prange_repair,0,422676164,2026-08-06T15:43:28.022656+00:00,1,1000,10000,0.004850864410400391,0.110443115234375,0.18836116790771484,168.64267802238464,168.9542031288147,46,7,64,25,28,True,1000,1000,0,0,,,,,False,
64,32,127,0.01,0.05,3,1.1,3,local_search,posterior_aware_prange_repair,1,640860325,2026-08-06T15:46:16.983393+00:00,1,1000,10000,0.004884958267211914,0.10627293586730957,0.18421196937561035,163.74074792861938,164.04359483718872,46,13,64,25,28,True,1000,1000,0,0,,,,,False,
64,32,127,0.01,0.05,3,1.2,3,random,induced_sd_repair,0,1759571113,2026-08-06T15:49:01.033906+00:00,1,1000,10000,0.00540924072265625,0.11468172073364258,0.22513890266418457,402.0517671108246,402.4053339958191,51,10,64,25,30,True,1000,961,0,0,7.897435897435898,10,0.0,,False,
64,32,127,0.01,0.05,3,1.2,3,random,induced_sd_repair,1,1158661715,2026-08-06T15:55:43.448251+00:00,1,1000,10000,0.006157875061035156,0.12783408164978027,0.24718999862670898,340.7465651035309,341.1368510723114,41,15,64,25,30,True,1000,954,0,0,11.434782608695652,13,0.0,,False,
64,32,127,0.01,0.05,3,1.2,3,random,structured_sd_repair,0,1775662686,2026-08-06T16:01:24.590934+00:00,1,1000,10000,0.003950834274291992,0.09129595756530762,0.16904211044311523,473.31715989112854,473.58769512176514,44,12,64,25,30,True,1000,954,0,0,9.217391304347826,11,0.0,,False,
64,32,127,0.01,0.05,3,1.2,3,random,structured_sd_repair,1,110112834,2026-08-06T16:09:18.197832+00:00,1,1000,10000,0.004445314407348633,0.0832817554473877,0.19564008712768555,456.6788558959961,456.9695188999176,42,13,64,25,30,True,1000,959,0,0,12.926829268292684,14,0.0,,False,
64,32,127,0.01,0.05,3,1.2,3,random,posterior_aware_prange_repair,0,498800281,2026-08-06T16:16:55.173805+00:00,1,1000,10000,0.003983974456787109,0.08217072486877441,0.15327000617980957,12.790154933929443,13.03599214553833,53,11,64,25,30,True,42,39,1,1,6.5,7,0.0,30.0,True,
64,32,127,0.01,0.05,3,1.2,3,random,posterior_aware_prange_repair,1,838833715,2026-08-06T16:17:08.215057+00:00,1,1000,10000,0.011832237243652344,0.09434199333190918,0.15293216705322266,11.793393850326538,12.05872106552124,46,11,64,25,30,True,39,36,1,1,6.0,7,0.0,30.0,True,
64,32,127,0.01,0.05,3,1.2,3,linear_combination,induced_sd_repair,0,1661120840,2026-08-06T16:17:20.279255+00:00,1,1000,10000,0.003924131393432617,0.08556294441223145,0.15278196334838867,147.11033082008362,147.35918807983398,55,9,64,25,30,True,1000,1000,0,0,,,,,False,
64,32,127,0.01,0.05,3,1.2,3,linear_combination,induced_sd_repair,1,1717159939,2026-08-06T16:19:47.644349+00:00,1,1000,10000,0.003943920135498047,0.11366391181945801,0.15374088287353516,156.18115091323853,156.4590549468994,48,12,64,25,30,True,1000,1000,0,0,,,,,False,
64,32,127,0.01,0.05,3,1.2,3,linear_combination,structured_sd_repair,0,1898578291,2026-08-06T16:22:24.115258+00:00,1,1000,10000,0.004724979400634766,0.09238195419311523,0.17545604705810547,157.73505091667175,158.0153431892395,45,12,64,25,30,True,1000,1000,0,0,,,,,False,
64,32,127,0.01,0.05,3,1.2,3,linear_combination,structured_sd_repair,1,1864774210,2026-08-06T16:25:02.137320+00:00,1,1000,10000,0.003960847854614258,0.08168888092041016,0.16629791259765625,147.32299709320068,147.5811848640442,45,10,64,25,30,True,1000,1000,0,0,,,,,False,
64,32,127,0.01,0.05,3,1.2,3,linear_combination,posterior_aware_prange_repair,0,146934531,2026-08-06T16:27:29.729305+00:00,1,1000,10000,0.004394054412841797,0.08233022689819336,0.16758394241333008,150.61457300186157,150.87566781044006,54,10,64,25,30,True,1000,1000,0,0,,,,,False,
64,32,127,0.01,0.05,3,1.2,3,linear_combination,posterior_aware_prange_repair,1,1269700949,2026-08-06T16:30:00.611056+00:00,1,1000,10000,0.003962039947509766,0.08153295516967773,0.16725993156433105,148.38784408569336,148.64715433120728,53,11,64,25,30,True,1000,1000,0,0,,,,,False,
64,32,127,0.01,0.05,3,1.2,3,local_search,induced_sd_repair,0,1431053021,2026-08-06T16:32:29.268591+00:00,1,1000,10000,0.004353761672973633,0.12120604515075684,0.1602339744567871,133.11601281166077,133.40875005722046,54,10,64,25,30,True,1000,1000,0,0,,,,,False,
64,32,127,0.01,0.05,3,1.2,3,local_search,induced_sd_repair,1,157993220,2026-08-06T16:34:42.682908+00:00,1,1000,10000,0.0039806365966796875,0.08156728744506836,0.1516869068145752,132.7994360923767,133.04285311698914,45,14,64,25,30,True,1000,1000,0,0,,,,,False,
64,32,127,0.01,0.05,3,1.2,3,local_search,structured_sd_repair,0,1777457958,2026-08-06T16:36:55.731539+00:00,1,1000,10000,0.003949642181396484,0.08185815811157227,0.152724027633667,133.47996282577515,133.72489213943481,51,13,64,25,30,True,1000,1000,0,0,,,,,False,
64,32,127,0.01,0.05,3,1.2,3,local_search,structured_sd_repair,1,1093923367,2026-08-06T16:39:09.461797+00:00,1,1000,10000,0.003920793533325195,0.08292293548583984,0.15298104286193848,133.93905687332153,134.1852548122406,54,8,64,25,30,True,1000,1000,0,0,,,,,False,
64,32,127,0.01,0.05,3,1.2,3,local_search,posterior_aware_prange_repair,0,2061386017,2026-08-06T16:41:23.654485+00:00,1,1000,10000,0.004058122634887695,0.08260989189147949,0.1655418872833252,134.39870715141296,134.65719413757324,47,13,64,25,30,True,1000,1000,0,0,,,,,False,
64,32,127,0.01,0.05,3,1.2,3,local_search,posterior_aware_prange_repair,1,938688073,2026-08-06T16:43:38.317517+00:00,1,1000,10000,0.004001140594482422,0.08239483833312988,0.1561448574066162,135.79607605934143,136.04485893249512,42,11,64,25,30,True,1000,1000,0,0,,,,,False,
64,32,127,0.01,0.05,3,1.3,3,random,induced_sd_repair,0,1620122592,2026-08-06T16:45:54.368588+00:00,1,1000,10000,0.003973960876464844,0.08745479583740234,0.15535902976989746,188.11937308311462,188.37258195877075,49,12,64,25,32,True,1000,0,0,0,8.971,11,0.0,,False,
64,32,127,0.01,0.05,3,1.3,3,random,induced_sd_repair,1,1092011046,2026-08-06T16:49:02.746836+00:00,1,1000,10000,0.0038836002349853516,0.08899593353271484,0.15452790260314941,0.19657492637634277,0.4504082202911377,51,13,64,25,32,True,3,0,1,1,6.5,7,0.0,32.0,True,
64,32,127,0.01,0.05,3,1.3,3,random,structured_sd_repair,0,30586071,2026-08-06T16:49:03.202796+00:00,1,1000,10000,0.003894805908203125,0.09625601768493652,0.17750811576843262,4406.880002975464,4407.163943767548,43,17,64,25,32,True,1000,0,0,0,9.59,12,0.0,,False,
64,32,127,0.01,0.05,3,1.3,3,random,structured_sd_repair,1,857549544,2026-08-06T18:02:30.375497+00:00,1,1000,10000,0.004116058349609375,0.08282017707824707,0.15542817115783691,4549.066974878311,4549.315753936768,44,12,64,25,32,True,1000,0,0,0,11.743,13,0.0,,False,
64,32,127,0.01,0.05,3,1.3,3,random,posterior_aware_prange_repair,0,1652668105,2026-08-06T19:18:19.715500+00:00,1,1000,10000,0.01481008529663086,0.09775376319885254,0.18189287185668945,237.17120099067688,237.48003363609314,49,12,64,25,32,True,1000,0,0,0,8.948,11,0.0,,False,
64,32,127,0.01,0.05,3,1.3,3,random,posterior_aware_prange_repair,1,345393909,2026-08-06T19:22:17.208507+00:00,1,1000,10000,0.004287004470825195,0.1429440975189209,0.18254709243774414,26.39618492126465,26.73518419265747,50,14,64,25,32,True,128,0,1,1,7.818897637795276,9,0.0,32.0,True,
64,32,127,0.01,0.05,3,1.3,3,linear_combination,induced_sd_repair,0,434307831,2026-08-06T19:22:43.949631+00:00,1,1000,10000,0.003931283950805664,0.08488607406616211,0.18010902404785156,158.4577989578247,158.73339104652405,51,9,64,25,32,True,1000,1000,0,0,,,,,False,
64,32,127,0.01,0.05,3,1.3,3,linear_combination,induced_sd_repair,1,451376520,2026-08-06T19:25:22.700045+00:00,1,1000,10000,0.005585908889770508,0.1429140567779541,0.20215606689453125,183.3174569606781,183.67699217796326,47,14,64,25,32,True,1000,1000,0,0,,,,,False,
64,32,127,0.01,0.05,3,1.3,3,linear_combination,structured_sd_repair,0,1740601765,2026-08-06T19:28:26.393394+00:00,1,1000,10000,0.004784107208251953,0.10733985900878906,0.22542881965637207,179.85666704177856,180.2028729915619,45,12,64,25,32,True,1000,1000,0,0,,,,,False,
64,32,127,0.01,0.05,3,1.3,3,linear_combination,structured_sd_repair,1,1546425865,2026-08-06T19:31:26.609466+00:00,1,1000,10000,0.004909038543701172,0.1338939666748047,0.19614696502685547,196.51441097259521,196.8576328754425,51,13,64,25,32,True,1000,1000,0,0,,,,,False,
64,32,127,0.01,0.05,3,1.3,3,linear_combination,posterior_aware_prange_repair,0,1328046043,2026-08-06T19:34:43.496978+00:00,1,1000,10000,0.011822223663330078,0.11259818077087402,0.204146146774292,154.46434926986694,154.8012719154358,44,14,64,25,32,True,1000,1000,0,0,,,,,False,
64,32,127,0.01,0.05,3,1.3,3,linear_combination,posterior_aware_prange_repair,1,715794515,2026-08-06T19:37:18.309229+00:00,1,1000,10000,0.004517078399658203,0.08584189414978027,0.16008615493774414,163.77963089942932,164.03669810295105,49,9,64,25,32,True,1000,1000,0,0,,,,,False,
64,32,127,0.01,0.05,3,1.3,3,local_search,induced_sd_repair,0,1617455161,2026-08-06T19:40:02.358778+00:00,1,1000,10000,0.004426002502441406,0.10649704933166504,0.19049501419067383,146.00057697296143,146.3103048801422,53,9,64,25,32,True,1000,1000,0,0,,,,,False,
64,32,127,0.01,0.05,3,1.3,3,local_search,induced_sd_repair,1,366187805,2026-08-06T19:42:28.680301+00:00,1,1000,10000,0.004519224166870117,0.08519387245178223,0.18927001953125,165.36683797836304,165.65299892425537,46,11,64,25,32,True,1000,1000,0,0,,,,,False,
64,32,127,0.01,0.05,3,1.3,3,local_search,structured_sd_repair,0,594476910,2026-08-06T19:45:14.346128+00:00,1,1000,10000,0.005427122116088867,0.16592717170715332,0.2115159034729004,146.28533411026,146.67978024482727,54,8,64,25,32,True,1000,1000,0,0,,,,,False,
64,32,127,0.01,0.05,3,1.3,3,local_search,structured_sd_repair,1,491833916,2026-08-06T19:47:41.037656+00:00,1,1000,10000,0.004510164260864258,0.11239075660705566,0.15932202339172363,148.1276409626007,148.4110279083252,52,9,64,25,32,True,1000,999,0,0,5.0,5,0.0,,False,
64,32,127,0.01,0.05,3,1.3,3,local_search,posterior_aware_prange_repair,0,1731789626,2026-08-06T19:50:09.460394+00:00,1,1000,10000,0.008502960205078125,0.10470986366271973,0.18254995346069336,170.06845498085022,170.37237000465393,46,13,64,25,32,True,1000,1000,0,0,,,,,False,
64,32,127,0.01,0.05,3,1.3,3,local_search,posterior_aware_prange_repair,1,1737089293,2026-08-06T19:52:59.848941+00:00,1,1000,10000,0.009207010269165039,0.24470019340515137,0.2734870910644531,174.49207019805908,175.0360929965973,41,13,64,25,32,True,1000,1000,0,0,,,,,False,
64,32,127,0.01,0.2,1,1.1,3,random,induced_sd_repair,0,2140758888,2026-08-06T19:55:54.913657+00:00,1,1000,10000,0.005342006683349609,0.11090207099914551,0.25183582305908203,365.8430640697479,366.2261309623718,15,15,64,25,28,True,1000,1000,0,0,,,,,False,
64,32,127,0.01,0.2,1,1.1,3,random,induced_sd_repair,1,703941804,2026-08-06T20:02:01.150955+00:00,1,1000,10000,0.004608154296875,0.08507108688354492,0.18863797187805176,350.8994560241699,351.18415808677673,10,20,64,25,28,True,1000,1000,0,0,,,,,False,
64,32,127,0.01,0.2,1,1.1,3,random,structured_sd_repair,0,2078213165,2026-08-06T20:07:52.347547+00:00,1,1000,10000,0.004967927932739258,0.09465789794921875,0.1657569408416748,384.37806820869446,384.65026473999023,14,22,64,25,28,True,1000,1000,0,0,,,,,False,
64,32,127,0.01,0.2,1,1.1,3,random,structured_sd_repair,1,945551870,2026-08-06T20:14:17.011478+00:00,1,1000,10000,0.005194902420043945,0.1307220458984375,0.24648237228393555,347.7696497440338,348.1602780818939,10,26,64,25,28,True,1000,1000,0,0,,,,,False,
64,32,127,0.01,0.2,1,1.1,3,random,posterior_aware_prange_repair,0,569156348,2026-08-06T20:20:05.182552+00:00,1,1000,10000,0.004587888717651367,0.0876619815826416,0.16160202026367188,312.1029529571533,312.3634011745453,10,25,64,25,28,True,1000,1000,0,0,,,,,False,
64,32,127,0.01,0.2,1,1.1,3,random,posterior_aware_prange_repair,1,115717398,2026-08-06T20:25:17.552166+00:00,1,1000,10000,0.004057884216308594,0.08433198928833008,0.14502882957458496,312.3813738822937,312.62037682533264,10,18,64,25,28,True,1000,1000,0,0,,,,,False,
64,32,127,0.01,0.2,1,1.1,3,linear_combination,induced_sd_repair,0,39258355,2026-08-06T20:30:30.183601+00:00,1,1000,10000,0.004630088806152344,0.08798694610595703,0.15381979942321777,149.0070629119873,149.26049613952637,17,16,64,25,28,True,1000,1000,0,0,,,,,False,
64,32,127,0.01,0.2,1,1.1,3,linear_combination,induced_sd_repair,1,2068444031,2026-08-06T20:32:59.449367+00:00,1,1000,10000,0.004037141799926758,0.08933091163635254,0.17980599403381348,147.22270798683167,147.50313997268677,11,20,64,25,28,True,1000,1000,0,0,,,,,False,
64,32,127,0.01,0.2,1,1.1,3,linear_combination,structured_sd_repair,0,1463119370,2026-08-06T20:35:26.958400+00:00,1,1000,10000,0.004157066345214844,0.09154295921325684,0.14491701126098633,147.37947702407837,147.62568283081055,14,20,64,25,28,True,1000,1000,0,0,,,,,False,
64,32,127,0.01,0.2,1,1.1,3,linear_combination,structured_sd_repair,1,1373376091,2026-08-06T20:37:54.589343+00:00,1,1000,10000,0.004067182540893555,0.10348701477050781,0.14644289016723633,149.45264220237732,149.7125449180603,14,19,64,25,28,True,1000,1000,0,0,,,,,False,
64,32,127,0.01,0.2,1,1.1,3,linear_combination,posterior_aware_prange_repair,0,262789555,2026-08-06T20:40:24.312416+00:00,1,1000,10000,0.004736900329589844,0.09749817848205566,0.14895391464233398,146.4675841331482,146.72483205795288,16,12,64,25,28,True,1000,1000,0,0,,,,,False,
64,32,127,0.01,0.2,1,1.1,3,linear_combination,posterior_aware_prange_repair,1,1437201063,2026-08-06T20:42:51.043440+00:00,1,1000,10000,0.010055780410766602,0.1024930477142334,0.15089702606201172,147.33281993865967,147.60250782966614,12,20,64,25,28,True,1000,1000,0,0,,,,,False,
64,32,127,0.01,0.2,1,1.1,3,local_search,induced_sd_repair,0,2098636973,2026-08-06T20:45:18.652238+00:00,1,1000,10000,0.004132747650146484,0.1397712230682373,0.1639699935913086,134.0103669166565,134.3239130973816,18,12,64,25,28,True,1000,1000,0,0,,,,,False,
64,32,127,0.01,0.2,1,1.1,3,local_search,induced_sd_repair,1,223125923,2026-08-06T20:47:32.987481+00:00,1,1000,10000,0.004907131195068359,0.08673310279846191,0.1450657844543457,133.84431195259094,134.08725690841675,14,19,64,25,28,True,1000,1000,0,0,,,,,False,
64,32,127,0.01,0.2,1,1.1,3,local_search,structured_sd_repair,0,580796355,2026-08-06T20:49:47.080990+00:00,1,1000,10000,0.004086732864379883,0.10106492042541504,0.14592313766479492,133.49108409881592,133.747967004776,14,20,64,25,28,True,1000,1000,0,0,,,,,False,
64,32,127,0.01,0.2,1,1.1,3,local_search,structured_sd_repair,1,96345362,2026-08-06T20:52:00.834483+00:00,1,1000,10000,0.004365205764770508,0.08798432350158691,0.16729092597961426,132.89599108695984,133.1616621017456,19,23,64,25,28,True,1000,1000,0,0,,,,,False,
64,32,127,0.01,0.2,1,1.1,3,local_search,posterior_aware_prange_repair,0,131983406,2026-08-06T20:54:14.002080+00:00,1,1000,10000,0.004075050354003906,0.0839688777923584,0.14551877975463867,134.12540292739868,134.36447405815125,12,16,64,25,28,True,1000,1000,0,0,,,,,False,
64,32,127,0.01,0.2,1,1.1,3,local_search,posterior_aware_prange_repair,1,277439563,2026-08-06T20:56:28.384673+00:00,1,1000,10000,0.00790095329284668,0.08847522735595703,0.14443588256835938,133.47317910194397,133.7200047969818,19,13,64,25,28,True,1000,1000,0,0,,,,,False,
64,32,127,0.01,0.2,1,1.2,3,random,induced_sd_repair,0,798352990,2026-08-06T20:58:42.110629+00:00,1,1000,10000,0.004042148590087891,0.10022926330566406,0.14389300346374512,312.8568000793457,313.1105990409851,11,23,64,25,30,True,1000,967,0,0,25.606060606060606,27,0.0,,False,
64,32,127,0.01,0.2,1,1.2,3,random,induced_sd_repair,1,1404387457,2026-08-06T21:03:55.227389+00:00,1,1000,10000,0.004025936126708984,0.10796117782592773,0.14551925659179688,312.35119581222534,312.6146790981293,11,25,64,25,30,True,1000,953,0,0,23.48936170212766,25,0.0,,False,
64,32,127,0.01,0.2,1,1.2,3,random,structured_sd_repair,0,817600320,2026-08-06T21:09:07.847840+00:00,1,1000,10000,0.0040738582611083984,0.13949918746948242,0.14609813690185547,302.17980432510376,302.47533106803894,12,16,64,25,30,True,1000,920,0,0,25.6875,27,0.0,,False,
64,32,127,0.01,0.2,1,1.2,3,random,structured_sd_repair,1,2109796559,2026-08-06T21:14:10.329301+00:00,1,1000,10000,0.004163980484008789,0.08568382263183594,0.14865922927856445,310.9374358654022,311.1820960044861,15,26,64,25,30,True,1000,974,0,0,23.615384615384617,25,0.0,,False,
64,32,127,0.01,0.2,1,1.2,3,random,posterior_aware_prange_repair,0,2123081726,2026-08-06T21:19:21.519649+00:00,1,1000,10000,0.004438877105712891,0.0929570198059082,0.1491708755493164,323.5039629936218,323.756915807724,11,21,64,25,30,True,1000,955,0,0,22.133333333333333,23,0.0,,False,
64,32,127,0.01,0.2,1,1.2,3,random,posterior_aware_prange_repair,1,1523078940,2026-08-06T21:24:45.295973+00:00,1,1000,10000,0.004458189010620117,0.09790802001953125,0.15605902671813965,236.67220997810364,236.93710899353027,6,20,64,25,30,True,1000,0,0,0,27.0,27,0.0,,False,
64,32,127,0.01,0.2,1,1.2,3,linear_combination,induced_sd_repair,0,1767467923,2026-08-06T21:28:42.267957+00:00,1,1000,10000,0.010695219039916992,0.19455218315124512,0.14881491661071777,152.9654529094696,153.32548093795776,11,24,64,25,30,True,1000,1000,0,0,,,,,False,
64,32,127,0.01,0.2,1,1.2,3,linear_combination,induced_sd_repair,1,1149717473,2026-08-06T21:31:15.608771+00:00,1,1000,10000,0.009918212890625,0.0918738842010498,0.14750218391418457,155.30490112304688,155.56057381629944,11,24,64,25,30,True,1000,1000,0,0,,,,,False,
64,32,127,0.01,0.2,1,1.2,3,linear_combination,structured_sd_repair,0,840742212,2026-08-06T21:33:51.180891+00:00,1,1000,10000,0.0045359134674072266,0.0853419303894043,0.15393781661987305,152.2522370815277,152.50223422050476,14,16,64,25,30,True,1000,1000,0,0,,,,,False,
64,32,127,0.01,0.2,1,1.2,3,linear_combination,structured_sd_repair,1,967104274,2026-08-06T21:36:23.694166+00:00,1,1000,10000,0.004523038864135742,0.08475494384765625,0.14508485794067383,148.9391942024231,149.1798939704895,16,21,64,25,30,True,1000,1000,0,0,,,,,False,
64,32,127,0.01,0.2,1,1.2,3,linear_combination,posterior_aware_prange_repair,0,173028518,2026-08-06T21:38:52.880143+00:00,1,1000,10000,0.0041179656982421875,0.0847771167755127,0.14632105827331543,148.35883808135986,148.59997963905334,15,21,64,25,30,True,1000,1000,0,0,,,,,False,
64,32,127,0.01,0.2,1,1.2,3,linear_combination,posterior_aware_prange_repair,1,196772284,2026-08-06T21:41:21.488706+00:00,1,1000,10000,0.004255056381225586,0.08430099487304688,0.14709782600402832,150.60198402404785,150.84332394599915,13,16,64,25,30,True,1000,1000,0,0,,,,,False,
64,32,127,0.01,0.2,1,1.2,3,local_search,induced_sd_repair,0,105848360,2026-08-06T21:43:52.340522+00:00,1,1000,10000,0.004147052764892578,0.0894477367401123,0.1428699493408203,135.45261788368225,135.6945722103119,11,13,64,25,30,True,1000,1000,0,0,,,,,False,
64,32,127,0.01,0.2,1,1.2,3,local_search,induced_sd_repair,1,1248420098,2026-08-06T21:46:08.040786+00:00,1,1000,10000,0.004022121429443359,0.08627176284790039,0.14504122734069824,135.14095091819763,135.38182497024536,14,14,64,25,30,True,1000,1000,0,0,,,,,False,
64,32,127,0.01,0.2,1,1.2,3,local_search,structured_sd_repair,0,499238651,2026-08-06T21:48:23.433425+00:00,1,1000,10000,0.007688045501708984,0.10107898712158203,0.14475703239440918,134.7899067401886,135.0498170852661,13,29,64,25,30,True,1000,1000,0,0,,,,,False,
64,32,127,0.01,0.2,1,1.2,3,local_search,structured_sd_repair,1,1966893889,2026-08-06T21:50:38.488923+00:00,1,1000,10000,0.0040760040283203125,0.0845029354095459,0.14527106285095215,134.74621534347534,134.98584294319153,6,31,64,25,30,True,1000,1000,0,0,,,,,False,
64,32,127,0.01,0.2,1,1.2,3,local_search,posterior_aware_prange_repair,0,347906101,2026-08-06T21:52:53.480746+00:00,1,1000,10000,0.0042040348052978516,0.0877068042755127,0.1462090015411377,132.93045902252197,133.17418336868286,16,15,64,25,30,True,1000,1000,0,0,,,,,False,
64,32,127,0.01,0.2,1,1.2,3,local_search,posterior_aware_prange_repair,1,1397163774,2026-08-06T21:55:06.660098+00:00,1,1000,10000,0.0040280818939208984,0.08994913101196289,0.14517903327941895,131.93620085716248,132.18098092079163,14,20,64,25,30,True,1000,1000,0,0,,,,,False,
64,32,127,0.01,0.2,1,1.3,3,random,induced_sd_repair,0,1836328795,2026-08-06T21:57:18.846442+00:00,1,1000,10000,0.00405573844909668,0.08719015121459961,0.14401698112487793,187.95148730278015,188.19231295585632,12,20,64,25,32,True,1000,0,0,0,28.861,30,0.0,,False,
64,32,127,0.01,0.2,1,1.3,3,random,induced_sd_repair,1,25176603,2026-08-06T22:00:27.043912+00:00,1,1000,10000,0.0039920806884765625,0.10887503623962402,0.14345407485961914,186.8110659122467,187.0730140209198,13,18,64,25,32,True,1000,0,0,0,25.859,28,0.0,,False,
64,32,127,0.01,0.2,1,1.3,3,random,structured_sd_repair,0,772380075,2026-08-06T22:03:34.122115+00:00,1,1000,10000,0.003995180130004883,0.08260893821716309,0.14154982566833496,7.788653135299683,8.022171974182129,13,15,64,25,32,True,1000,0,0,0,25.859,28,0.0,,False,
64,32,127,0.01,0.2,1,1.3,3,random,structured_sd_repair,1,1496518645,2026-08-06T22:03:42.149168+00:00,1,1000,10000,0.0040280818939208984,0.08353900909423828,0.1416769027709961,7.716674089431763,7.951641798019409,12,28,64,25,32,True,1000,0,0,0,23.925,26,0.0,,False,
64,32,127,0.01,0.2,1,1.3,3,random,posterior_aware_prange_repair,0,58611113,2026-08-06T22:03:50.105521+00:00,1,1000,10000,0.0040318965911865234,0.08356118202209473,0.1425940990447998,208.28697204589844,208.52259397506714,12,17,64,25,32,True,1000,0,0,0,25.009,27,0.0,,False,
64,32,127,0.01,0.2,1,1.3,3,random,posterior_aware_prange_repair,1,949697923,2026-08-06T22:07:18.633275+00:00,1,1000,10000,0.004023075103759766,0.08343291282653809,0.14350295066833496,212.2089719772339,212.44541001319885,10,20,64,25,32,True,1000,0,0,0,26.147,28,0.0,,False,
64,32,127,0.01,0.2,1,1.3,3,linear_combination,induced_sd_repair,0,120001449,2026-08-06T22:10:51.083997+00:00,1,1000,10000,0.0040400028228759766,0.08492898941040039,0.17701506614685059,148.29219102859497,148.56717610359192,13,18,64,25,32,True,1000,1000,0,0,,,,,False,
64,32,127,0.01,0.2,1,1.3,3,linear_combination,induced_sd_repair,1,2089014079,2026-08-06T22:13:19.656264+00:00,1,1000,10000,0.004005908966064453,0.08561396598815918,0.1441478729248047,147.71342706680298,147.95258712768555,10,16,64,25,32,True,1000,1000,0,0,,,,,False,
64,32,127,0.01,0.2,1,1.3,3,linear_combination,structured_sd_repair,0,171793730,2026-08-06T22:15:47.614090+00:00,1,1000,10000,0.00407719612121582,0.08449387550354004,0.14531826972961426,150.8742871284485,151.11373209953308,15,15,64,25,32,True,1000,1000,0,0,,,,,False,
64,32,127,0.01,0.2,1,1.3,3,linear_combination,structured_sd_repair,1,602657601,2026-08-06T22:18:18.732848+00:00,1,1000,10000,0.004043102264404297,0.10181498527526855,0.14494633674621582,147.49966597557068,147.75607776641846,13,20,64,25,32,True,1000,1000,0,0,,,,,False,
64,32,127,0.01,0.2,1,1.3,3,linear_combination,posterior_aware_prange_repair,0,952045579,2026-08-06T22:20:46.494055+00:00,1,1000,10000,0.004293918609619141,0.08574485778808594,0.14444804191589355,146.41545701026917,146.65565991401672,15,18,64,25,32,True,1000,1000,0,0,,,,,False,
64,32,127,0.01,0.2,1,1.3,3,linear_combination,posterior_aware_prange_repair,1,712557246,2026-08-06T22:23:13.154809+00:00,1,1000,10000,0.0040781497955322266,0.11064696311950684,0.14482879638671875,146.97772479057312,147.2428879737854,10,18,64,25,32,True,1000,1000,0,0,,,,,False,
64,32,127,0.01,0.2,1,1.3,3,local_search,induced_sd_repair,0,1518454234,2026-08-06T22:25:40.403009+00:00,1,1000,10000,0.004029989242553711,0.08394908905029297,0.14594078063964844,132.8630599975586,133.1023349761963,10,17,64,25,32,True,1000,999,0,0,26.0,26,0.0,,False,
64,32,127,0.01,0.2,1,1.3,3,local_search,induced_sd_repair,1,1415312698,2026-08-06T22:27:53.510348+00:00,1,1000,10000,0.004057884216308594,0.08353018760681152,0.1437671184539795,132.16193389892578,132.3986301422119,13,12,64,25,32,True,1000,1000,0,0,,,,,False,
64,32,127,0.01,0.2,1,1.3,3,local_search,structured_sd_repair,0,2011209,2026-08-06T22:30:05.914113+00:00,1,1000,10000,0.004122257232666016,0.10035204887390137,0.15073513984680176,132.95816802978516,133.21893501281738,10,20,64,25,32,True,1000,1000,0,0,,,,,False,
64,32,127,0.01,0.2,1,1.3,3,local_search,structured_sd_repair,1,1623363221,2026-08-06T22:32:19.138161+00:00,1,1000,10000,0.004126787185668945,0.08754682540893555,0.14534401893615723,132.83137011528015,133.07388401031494,11,15,64,25,32,True,1000,1000,0,0,,,,,False,
64,32,127,0.01,0.2,1,1.3,3,local_search,posterior_aware_prange_repair,0,1686837206,2026-08-06T22:34:32.217048+00:00,1,1000,10000,0.004137992858886719,0.08957695960998535,0.14361906051635742,133.21857476234436,133.4614360332489,11,18,64,25,32,True,1000,1000,0,0,,,,,False,
64,32,127,0.01,0.2,1,1.3,3,local_search,posterior_aware_prange_repair,1,332076949,2026-08-06T22:36:45.683555+00:00,1,1000,10000,0.0040378570556640625,0.10715103149414062,0.15562105178833008,133.04836201667786,133.32092905044556,10,28,64,25,32,True,1000,1000,0,0,,,,,False,
64,32,127,0.01,0.2,2,1.1,3,random,induced_sd_repair,0,1271904176,2026-08-06T22:38:59.009732+00:00,1,1000,10000,0.004043102264404297,0.08585023880004883,0.14620208740234375,311.15141129493713,311.39297580718994,19,8,64,25,28,True,1000,1000,0,0,,,,,False,
64,32,127,0.01,0.2,2,1.1,3,random,induced_sd_repair,1,1033061438,2026-08-06T22:44:10.407882+00:00,1,1000,10000,0.004076242446899414,0.08410906791687012,0.1445140838623047,310.5625512599945,310.80101704597473,14,21,64,25,28,True,1000,1000,0,0,,,,,False,
64,32,127,0.01,0.2,2,1.1,3,random,structured_sd_repair,0,685396065,2026-08-06T22:49:21.214203+00:00,1,1000,10000,0.004314899444580078,0.08341217041015625,0.14347076416015625,310.9048330783844,311.1419081687927,21,17,64,25,28,True,1000,1000,0,0,,,,,False,
64,32,127,0.01,0.2,2,1.1,3,random,structured_sd_repair,1,1977133113,2026-08-06T22:54:32.361120+00:00,1,1000,10000,0.004075050354003906,0.08403992652893066,0.16246724128723145,310.87147283554077,311.12781500816345,14,21,64,25,28,True,1000,1000,0,0,,,,,False,
64,32,127,0.01,0.2,2,1.1,3,random,posterior_aware_prange_repair,0,2029907594,2026-08-06T22:59:43.494201+00:00,1,1000,10000,0.0040209293365478516,0.0836951732635498,0.1432051658630371,310.81538915634155,311.05172419548035,8,16,64,25,28,True,1000,1000,0,0,,,,,False,
64,32,127,0.01,0.2,2,1.1,3,random,posterior_aware_prange_repair,1,54840210,2026-08-06T23:04:54.550917+00:00,1,1000,10000,0.004076242446899414,0.08757996559143066,0.16075968742370605,311.07829785346985,311.3364169597626,14,14,64,25,28,True,1000,1000,0,0,,,,,False,
64,32,127,0.01,0.2,2,1.1,3,linear_combination,induced_sd_repair,0,421019380,2026-08-06T23:10:05.892592+00:00,1,1000,10000,0.004042863845825195,0.08343696594238281,0.14334392547607422,147.41165280342102,147.64782881736755,7,19,64,25,28,True,1000,1000,0,0,,,,,False,
64,32,127,0.01,0.2,2,1.1,3,linear_combination,induced_sd_repair,1,691951730,2026-08-06T23:12:33.545483+00:00,1,1000,10000,0.004012107849121094,0.09778475761413574,0.14375591278076172,147.73328280448914,147.98449110984802,10,21,64,25,28,True,1000,1000,0,0,,,,,False,
64,32,127,0.01,0.2,2,1.1,3,linear_combination,structured_sd_repair,0,536890251,2026-08-06T23:15:01.535039+00:00,1,1000,10000,0.004173994064331055,0.08581709861755371,0.14475393295288086,147.32669615745544,147.56717896461487,14,16,64,25,28,True,1000,1000,0,0,,,,,False,
64,32,127,0.01,0.2,2,1.1,3,linear_combination,structured_sd_repair,1,493010764,2026-08-06T23:17:29.107397+00:00,1,1000,10000,0.004060029983520508,0.08435916900634766,0.16129803657531738,147.25061202049255,147.50592803955078,13,15,64,25,28,True,1000,1000,0,0,,,,,False,
64,32,127,0.01,0.2,2,1.1,3,linear_combination,posterior_aware_prange_repair,0,1177050595,2026-08-06T23:19:56.618530+00:00,1,1000,10000,0.004038333892822266,0.08792376518249512,0.16086983680725098,146.5474569797516,146.80614614486694,11,18,64,25,28,True,1000,1000,0,0,,,,,False,
64,32,127,0.01,0.2,2,1.1,3,linear_combination,posterior_aware_prange_repair,1,701472212,2026-08-06T23:22:23.429901+00:00,1,1000,10000,0.00404810905456543,0.08744692802429199,0.14861798286437988,147.1127200126648,147.3586139678955,11,21,64,25,28,True,1000,1000,0,0,,,,,False,
64,32,127,0.01,0.2,2,1.1,3,local_search,induced_sd_repair,0,798728577,2026-08-06T23:24:50.793707+00:00,1,1000,10000,0.004076719284057617,0.1069188117980957,0.1438000202178955,132.2239532470703,132.48437404632568,7,17,64,25,28,True,1000,1000,0,0,,,,,False,
64,32,127,0.01,0.2,2,1.1,3,local_search,induced_sd_repair,1,1816820433,2026-08-06T23:27:03.283147+00:00,1,1000,10000,0.004167318344116211,0.10044503211975098,0.1506199836730957,132.59516072273254,132.85589385032654,13,12,64,25,28,True,1000,1000,0,0,,,,,False,
64,32,127,0.01,0.2,2,1.1,3,local_search,structured_sd_repair,0,9175386,2026-08-06T23:29:16.144272+00:00,1,1000,10000,0.004065990447998047,0.1023259162902832,0.14630985260009766,132.41204714775085,132.67060089111328,16,23,64,25,28,True,1000,1000,0,0,,,,,False,
64,32,127,0.01,0.2,2,1.1,3,local_search,structured_sd_repair,1,482849444,2026-08-06T23:31:28.819946+00:00,1,1000,10000,0.004173994064331055,0.1007077693939209,0.1475987434387207,132.47998094558716,132.7379469871521,10,19,64,25,28,True,1000,1000,0,0,,,,,False,
64,32,127,0.01,0.2,2,1.1,3,local_search,posterior_aware_prange_repair,0,213529373,2026-08-06T23:33:41.563069+00:00,1,1000,10000,0.004018068313598633,0.08563494682312012,0.1446831226348877,132.59012508392334,132.83000493049622,12,19,64,25,28,True,1000,1000,0,0,,,,,False,
64,32,127,0.01,0.2,2,1.1,3,local_search,posterior_aware_prange_repair,1,624787166,2026-08-06T23:35:54.398286+00:00,1,1000,10000,0.004043102264404297,0.08373308181762695,0.14389610290527344,132.6879961490631,132.92530488967896,6,25,64,25,28,True,1000,1000,0,0,,,,,False,
64,32,127,0.01,0.2,2,1.2,3,random,induced_sd_repair,0,1089081981,2026-08-06T23:38:07.328795+00:00,1,1000,10000,0.00402379035949707,0.10236024856567383,0.14766716957092285,312.22695684432983,312.4863471984863,8,16,64,25,30,True,1000,972,0,0,25.392857142857142,27,0.0,,False,
64,32,127,0.01,0.2,2,1.2,3,random,induced_sd_repair,1,719375552,2026-08-06T23:43:19.820294+00:00,1,1000,10000,0.0040471553802490234,0.09374189376831055,0.16228485107421875,312.06683802604675,312.3327441215515,11,25,64,25,30,True,1000,966,0,0,26.647058823529413,28,0.0,,False,
64,32,127,0.01,0.2,2,1.2,3,random,structured_sd_repair,0,1672559114,2026-08-06T23:48:32.158194+00:00,1,1000,10000,0.0040051937103271484,0.08351707458496094,0.1412351131439209,5298.224426031113,5298.458610296249,9,19,64,25,30,True,1000,965,0,0,25.457142857142856,27,0.0,,False,
64,32,127,0.01,0.2,2,1.2,3,random,structured_sd_repair,1,336857538,2026-08-07T01:16:50.621801+00:00,1,1000,10000,0.004041910171508789,0.08332014083862305,0.15709614753723145,308.62158489227295,308.87168312072754,11,19,64,25,30,True,1000,953,0,0,24.106382978723403,25,0.0,,False,
64,32,127,0.01,0.2,2,1.2,3,random,posterior_aware_prange_repair,0,1444494368,2026-08-07T01:21:59.498733+00:00,1,1000,10000,0.004055023193359375,0.10060310363769531,0.14533400535583496,314.01771426200867,314.2736220359802,15,20,64,25,30,True,1000,954,0,0,23.804347826086957,26,0.0,,False,
64,32,127,0.01,0.2,2,1.2,3,random,posterior_aware_prange_repair,1,376934536,2026-08-07T01:27:13.777603+00:00,1,1000,10000,0.004091024398803711,0.08442306518554688,0.14577198028564453,314.1053102016449,314.3453402519226,8,24,64,25,30,True,1000,958,0,0,25.047619047619047,27,0.0,,False,
64,32,127,0.01,0.2,2,1.2,3,linear_combination,induced_sd_repair,0,482811935,2026-08-07T01:32:28.128333+00:00,1,1000,10000,0.004027128219604492,0.08386397361755371,0.14535117149353027,147.29520392417908,147.53420186042786,18,19,64,25,30,True,1000,1000,0,0,,,,,False,
64,32,127,0.01,0.2,2,1.2,3,linear_combination,induced_sd_repair,1,1542882571,2026-08-07T01:34:55.667689+00:00,1,1000,10000,0.004050016403198242,0.08336615562438965,0.14682507514953613,147.89182019233704,148.13177585601807,10,22,64,25,30,True,1000,1000,0,0,,,,,False,
64,32,127,0.01,0.2,2,1.2,3,linear_combination,structured_sd_repair,0,119625517,2026-08-07T01:37:23.804615+00:00,1,1000,10000,0.0040819644927978516,0.0917978286743164,0.14378595352172852,146.92525386810303,147.17053413391113,16,20,64,25,30,True,1000,1000,0,0,,,,,False,
64,32,127,0.01,0.2,2,1.2,3,linear_combination,structured_sd_repair,1,1575491015,2026-08-07T01:39:50.980231+00:00,1,1000,10000,0.004052877426147461,0.08431696891784668,0.14690089225769043,147.03773379325867,147.27840304374695,12,15,64,25,30,True,1000,1000,0,0,,,,,False,
64,32,127,0.01,0.2,2,1.2,3,linear_combination,posterior_aware_prange_repair,0,2132604193,2026-08-07T01:42:18.263855+00:00,1,1000,10000,0.004024982452392578,0.08440685272216797,0.14457130432128906,148.08724188804626,148.3256058692932,10,19,64,25,30,True,1000,1000,0,0,,,,,False,
64,32,127,0.01,0.2,2,1.2,3,linear_combination,posterior_aware_prange_repair,1,893788687,2026-08-07T01:44:46.594504+00:00,1,1000,10000,0.0040111541748046875,0.08418607711791992,0.14603900909423828,147.5734281539917,147.8131070137024,11,19,64,25,30,True,1000,1000,0,0,,,,,False,
64,32,127,0.01,0.2,2,1.2,3,local_search,induced_sd_repair,0,511105759,2026-08-07T01:47:14.412855+00:00,1,1000,10000,0.004054069519042969,0.08388090133666992,0.14482688903808594,133.66308307647705,133.90143489837646,8,24,64,25,30,True,1000,1000,0,0,,,,,False,
64,32,127,0.01,0.2,2,1.2,3,local_search,induced_sd_repair,1,1799074956,2026-08-07T01:49:28.319292+00:00,1,1000,10000,0.004006862640380859,0.08725619316101074,0.14507317543029785,133.11205196380615,133.35412406921387,10,19,64,25,30,True,1000,1000,0,0,,,,,False,
64,32,127,0.01,0.2,2,1.2,3,local_search,structured_sd_repair,0,30386204,2026-08-07T01:51:41.678782+00:00,1,1000,10000,0.004091739654541016,0.10338926315307617,0.1486060619354248,133.20685410499573,133.46898293495178,17,23,64,25,30,True,1000,1000,0,0,,,,,False,
64,32,127,0.01,0.2,2,1.2,3,local_search,structured_sd_repair,1,2016216171,2026-08-07T01:53:55.153105+00:00,1,1000,10000,0.004251003265380859,0.10091018676757812,0.14517807960510254,133.14144682884216,133.39744305610657,18,11,64,25,30,True,1000,1000,0,0,,,,,False,
64,32,127,0.01,0.2,2,1.2,3,local_search,posterior_aware_prange_repair,0,194655219,2026-08-07T01:56:08.555727+00:00,1,1000,10000,0.004034996032714844,0.08394122123718262,0.14665913581848145,133.24549293518066,133.4859001636505,11,28,64,25,30,True,1000,1000,0,0,,,,,False,
64,32,127,0.01,0.2,2,1.2,3,local_search,posterior_aware_prange_repair,1,1076534803,2026-08-07T01:58:22.046994+00:00,1,1000,10000,0.004106998443603516,0.08379077911376953,0.14525914192199707,133.14531922340393,133.384113073349,8,25,64,25,30,True,1000,1000,0,0,,,,,False,
64,32,127,0.01,0.2,2,1.3,3,random,induced_sd_repair,0,1460616425,2026-08-07T02:00:35.436314+00:00,1,1000,10000,0.00421595573425293,0.08383369445800781,0.14446806907653809,189.44065284729004,189.67912983894348,14,24,64,25,32,True,1000,0,0,0,25.287,27,0.0,,False,
64,32,127,0.01,0.2,2,1.3,3,random,induced_sd_repair,1,1063429134,2026-08-07T02:03:45.120626+00:00,1,1000,10000,0.004010915756225586,0.08434915542602539,0.14471793174743652,196.08062720298767,196.3192262649536,17,15,64,25,32,True,1000,0,0,0,20.731,23,0.0,,False,
64,32,127,0.01,0.2,2,1.3,3,random,structured_sd_repair,0,1975702663,2026-08-07T02:07:01.445102+00:00,1,1000,10000,0.003957986831665039,0.08942961692810059,0.16454386711120605,104.82841205596924,105.09183096885681,12,15,64,25,32,True,1000,0,0,0,25.619,27,0.0,,False,
64,32,127,0.01,0.2,2,1.3,3,random,structured_sd_repair,1,1873954394,2026-08-07T02:08:46.541979+00:00,1,1000,10000,0.004022121429443359,0.08701014518737793,0.14558625221252441,103.72638416290283,103.9685628414154,4,16,64,25,32,True,1000,0,0,0,30.634,32,0.0,,False,
64,32,127,0.01,0.2,2,1.3,3,random,posterior_aware_prange_repair,0,566047514,2026-08-07T02:10:30.515872+00:00,1,1000,10000,0.0040361881256103516,0.10099601745605469,0.14470195770263672,207.18466114997864,207.43998384475708,14,18,64,25,32,True,1000,0,0,0,23.03,25,0.0,,False,
64,32,127,0.01,0.2,2,1.3,3,random,posterior_aware_prange_repair,1,2023015939,2026-08-07T02:13:57.961127+00:00,1,1000,10000,0.003984928131103516,0.09124016761779785,0.16178369522094727,214.90373611450195,215.16655826568604,11,26,64,25,32,True,1000,0,0,0,27.34,29,0.0,,False,
64,32,127,0.01,0.2,2,1.3,3,linear_combination,induced_sd_repair,0,1117255147,2026-08-07T02:17:33.132913+00:00,1,1000,10000,0.003980159759521484,0.08374881744384766,0.14444899559020996,148.44301509857178,148.6810221672058,10,24,64,25,32,True,1000,1000,0,0,,,,,False,
64,32,127,0.01,0.2,2,1.3,3,linear_combination,induced_sd_repair,1,717400349,2026-08-07T02:20:01.819140+00:00,1,1000,10000,0.004062175750732422,0.08570599555969238,0.1456928253173828,147.67422699928284,147.9150857925415,7,17,64,25,32,True,1000,1000,0,0,,,,,False,
64,32,127,0.01,0.2,2,1.3,3,linear_combination,structured_sd_repair,0,1226748084,2026-08-07T02:22:29.739384+00:00,1,1000,10000,0.004082202911376953,0.08416199684143066,0.14600920677185059,147.20957899093628,147.44936895370483,14,12,64,25,32,True,1000,1000,0,0,,,,,False,
64,32,127,0.01,0.2,2,1.3,3,linear_combination,structured_sd_repair,1,2044895303,2026-08-07T02:24:57.193881+00:00,1,1000,10000,0.00404810905456543,0.08392620086669922,0.14585113525390625,147.39689922332764,147.6365840435028,17,21,64,25,32,True,1000,1000,0,0,,,,,False,
64,32,127,0.01,0.2,2,1.3,3,linear_combination,posterior_aware_prange_repair,0,1520394476,2026-08-07T02:27:24.835761+00:00,1,1000,10000,0.004010915756225586,0.08607006072998047,0.14940404891967773,147.0052809715271,147.25049328804016,10,22,64,25,32,True,1000,1000,0,0,,,,,False,
64,32,127,0.01,0.2,2,1.3,3,linear_combination,posterior_aware_prange_repair,1,1700832397,2026-08-07T02:29:52.091379+00:00,1,1000,10000,0.004247188568115234,0.08711910247802734,0.14554595947265625,146.87813687324524,147.1207730770111,12,23,64,25,32,True,1000,1000,0,0,,,,,False,
64,32,127,0.01,0.2,2,1.3,3,local_search,induced_sd_repair,0,1283705244,2026-08-07T02:32:19.217154+00:00,1,1000,10000,0.0040509700775146484,0.10423398017883301,0.14487195014953613,133.2985451221466,133.55782198905945,17,25,64,25,32,True,1000,1000,0,0,,,,,False,
64,32,127,0.01,0.2,2,1.3,3,local_search,induced_sd_repair,1,392418639,2026-08-07T02:34:32.780161+00:00,1,1000,10000,0.004080057144165039,0.08907127380371094,0.15395712852478027,132.7795650959015,133.03229594230652,16,22,64,25,32,True,1000,1000,0,0,,,,,False,
64,32,127,0.01,0.2,2,1.3,3,local_search,structured_sd_repair,0,902456016,2026-08-07T02:36:45.817715+00:00,1,1000,10000,0.004023075103759766,0.08330893516540527,0.1427152156829834,132.37291717529297,132.6081120967865,6,15,64,25,32,True,1000,1000,0,0,,,,,False,
64,32,127,0.01,0.2,2,1.3,3,local_search,structured_sd_repair,1,578036976,2026-08-07T02:38:58.431025+00:00,1,1000,10000,0.003999948501586914,0.08285021781921387,0.14335012435913086,132.52054905891418,132.7563488483429,13,20,64,25,32,True,1000,1000,0,0,,,,,False,
64,32,127,0.01,0.2,2,1.3,3,local_search,posterior_aware_prange_repair,0,484098408,2026-08-07T02:41:11.192668+00:00,1,1000,10000,0.0040090084075927734,0.08255219459533691,0.14226388931274414,132.73921585083008,132.97365593910217,14,26,64,25,32,True,1000,999,0,0,23.0,23,0.0,,False,
64,32,127,0.01,0.2,2,1.3,3,local_search,posterior_aware_prange_repair,1,1466508228,2026-08-07T02:43:24.171675+00:00,1,1000,10000,0.004042148590087891,0.08171486854553223,0.1410689353942871,133.45295095443726,133.68520998954773,11,19,64,25,32,True,1000,1000,0,0,,,,,False,
64,32,127,0.01,0.2,3,1.1,3,random,induced_sd_repair,0,2114034361,2026-08-07T02:45:37.862170+00:00,1,1000,10000,0.004019737243652344,0.082916259765625,0.14082026481628418,309.35687804222107,309.5901110172272,8,25,64,25,28,True,1000,1000,0,0,,,,,False,
64,32,127,0.01,0.2,3,1.1,3,random,induced_sd_repair,1,1077051654,2026-08-07T02:50:47.457386+00:00,1,1000,10000,0.003992795944213867,0.08231782913208008,0.14169621467590332,309.4045732021332,309.6378800868988,14,13,64,25,28,True,1000,1000,0,0,,,,,False,
64,32,127,0.01,0.2,3,1.1,3,random,structured_sd_repair,0,609654739,2026-08-07T02:55:57.100453+00:00,1,1000,10000,0.00402522087097168,0.08118915557861328,0.1409461498260498,310.00968194007874,310.24151396751404,13,23,64,25,28,True,1000,1000,0,0,,,,,False,
64,32,127,0.01,0.2,3,1.1,3,random,structured_sd_repair,1,405107531,2026-08-07T03:01:07.347075+00:00,1,1000,10000,0.003993034362792969,0.0822288990020752,0.14072585105895996,309.2104787826538,309.44285893440247,7,21,64,25,28,True,1000,1000,0,0,,,,,False,
64,32,127,0.01,0.2,3,1.1,3,random,posterior_aware_prange_repair,0,853202139,2026-08-07T03:06:16.795077+00:00,1,1000,10000,0.0040130615234375,0.08236289024353027,0.1402130126953125,310.2261378765106,310.458212852478,13,18,64,25,28,True,1000,1000,0,0,,,,,False,
64,32,127,0.01,0.2,3,1.1,3,random,posterior_aware_prange_repair,1,213992341,2026-08-07T03:11:27.258343+00:00,1,1000,10000,0.0040171146392822266,0.08332991600036621,0.14278101921081543,309.4872419834137,309.7230648994446,18,20,64,25,28,True,1000,1000,0,0,,,,,False,
64,32,127,0.01,0.2,3,1.1,3,linear_combination,induced_sd_repair,0,151326613,2026-08-07T03:16:36.986701+00:00,1,1000,10000,0.0040340423583984375,0.0861968994140625,0.15362095832824707,146.07941508293152,146.32877707481384,9,21,64,25,28,True,1000,1000,0,0,,,,,False,
64,32,127,0.01,0.2,3,1.1,3,linear_combination,induced_sd_repair,1,1627045188,2026-08-07T03:19:03.321456+00:00,1,1000,10000,0.004014015197753906,0.08537507057189941,0.1434791088104248,146.45251512527466,146.69117188453674,14,28,64,25,28,True,1000,1000,0,0,,,,,False,
64,32,127,0.01,0.2,3,1.1,3,linear_combination,structured_sd_repair,0,296529232,2026-08-07T03:21:30.018024+00:00,1,1000,10000,0.00398707389831543,0.09481000900268555,0.14387989044189453,146.3157172203064,146.56374311447144,14,10,64,25,28,True,1000,1000,0,0,,,,,False,
64,32,127,0.01,0.2,3,1.1,3,linear_combination,structured_sd_repair,1,2143166421,2026-08-07T03:23:56.587053+00:00,1,1000,10000,0.0040700435638427734,0.0830998420715332,0.14222264289855957,146.09151482582092,146.32627606391907,9,18,64,25,28,True,1000,1000,0,0,,,,,False,
64,32,127,0.01,0.2,3,1.1,3,linear_combination,posterior_aware_prange_repair,0,1440414793,2026-08-07T03:26:22.918700+00:00,1,1000,10000,0.004029989242553711,0.0820620059967041,0.14370989799499512,146.46941900253296,146.70490193367004,14,23,64,25,28,True,1000,1000,0,0,,,,,False,
64,32,127,0.01,0.2,3,1.1,3,linear_combination,posterior_aware_prange_repair,1,1906901344,2026-08-07T03:28:49.628784+00:00,1,1000,10000,0.004010915756225586,0.08301424980163574,0.1529710292816162,145.8438549041748,146.08924913406372,11,15,64,25,28,True,1000,1000,0,0,,,,,False,
64,32,127,0.01,0.2,3,1.1,3,local_search,induced_sd_repair,0,1825796615,2026-08-07T03:31:15.723136+00:00,1,1000,10000,0.004030942916870117,0.08287191390991211,0.15154409408569336,132.25349283218384,132.49753284454346,15,23,64,25,28,True,1000,1000,0,0,,,,,False,
64,32,127,0.01,0.2,3,1.1,3,local_search,induced_sd_repair,1,183743901,2026-08-07T03:33:28.225943+00:00,1,1000,10000,0.004035234451293945,0.08234906196594238,0.14131379127502441,132.20893383026123,132.4419960975647,17,15,64,25,28,True,1000,1000,0,0,,,,,False,
64,32,127,0.01,0.2,3,1.1,3,local_search,structured_sd_repair,0,1238958966,2026-08-07T03:35:40.673089+00:00,1,1000,10000,0.004012107849121094,0.0823056697845459,0.15115785598754883,131.7620141506195,132.0047788619995,10,17,64,25,28,True,1000,1000,0,0,,,,,False,
64,32,127,0.01,0.2,3,1.1,3,local_search,structured_sd_repair,1,1016160201,2026-08-07T03:37:52.683067+00:00,1,1000,10000,0.004041910171508789,0.08264994621276855,0.14082789421081543,131.91533708572388,132.14848279953003,16,22,64,25,28,True,1000,1000,0,0,,,,,False,
64,32,127,0.01,0.2,3,1.1,3,local_search,posterior_aware_prange_repair,0,1087941352,2026-08-07T03:40:04.836750+00:00,1,1000,10000,0.00400996208190918,0.08241581916809082,0.14031696319580078,132.30029606819153,132.53250908851624,14,21,64,25,28,True,1000,1000,0,0,,,,,False,
64,32,127,0.01,0.2,3,1.1,3,local_search,posterior_aware_prange_repair,1,1434689693,2026-08-07T03:42:17.374533+00:00,1,1000,10000,0.003999233245849609,0.08384490013122559,0.14031696319580078,131.85324692726135,132.08687806129456,11,20,64,25,28,True,1000,1000,0,0,,,,,False,
64,32,127,0.01,0.2,3,1.2,3,random,induced_sd_repair,0,1589893762,2026-08-07T03:44:29.466681+00:00,1,1000,10000,0.004014253616333008,0.08620405197143555,0.14191603660583496,309.54935789108276,309.78709506988525,12,22,64,25,30,True,1000,973,0,0,22.37037037037037,23,0.0,,False,
64,32,127,0.01,0.2,3,1.2,3,random,induced_sd_repair,1,463569835,2026-08-07T03:49:39.259030+00:00,1,1000,10000,0.004055023193359375,0.08630108833312988,0.14278888702392578,310.49276304244995,310.7315740585327,10,20,64,25,30,True,1000,963,0,0,26.62162162162162,28,0.0,,False,
64,32,127,0.01,0.2,3,1.2,3,random,structured_sd_repair,0,1055734448,2026-08-07T03:54:49.995741+00:00,1,1000,10000,0.003984689712524414,0.08684897422790527,0.15483903884887695,432.99718713760376,433.24837279319763,10,22,64,25,30,True,1000,964,0,0,25.38888888888889,27,0.0,,False,
64,32,127,0.01,0.2,3,1.2,3,random,structured_sd_repair,1,594914904,2026-08-07T04:02:03.249671+00:00,1,1000,10000,0.0040242671966552734,0.08155107498168945,0.14231610298156738,416.25657296180725,416.4902729988098,16,25,64,25,30,True,1000,969,0,0,23.419354838709676,24,0.0,,False,
64,32,127,0.01,0.2,3,1.2,3,random,posterior_aware_prange_repair,0,184842775,2026-08-07T04:08:59.745130+00:00,1,1000,10000,0.0040798187255859375,0.08281183242797852,0.15507268905639648,310.0689570903778,310.3163990974426,11,17,64,25,30,True,1000,972,0,0,25.535714285714285,26,0.0,,False,
64,32,127,0.01,0.2,3,1.2,3,random,posterior_aware_prange_repair,1,114268146,2026-08-07T04:14:10.066446+00:00,1,1000,10000,0.0040357112884521484,0.08135795593261719,0.14156699180603027,310.88494181632996,311.1175911426544,8,24,64,25,30,True,1000,981,0,0,25.473684210526315,27,0.0,,False,
64,32,127,0.01,0.2,3,1.2,3,linear_combination,induced_sd_repair,0,1540794556,2026-08-07T04:19:21.189225+00:00,1,1000,10000,0.003970146179199219,0.0822908878326416,0.1533069610595703,146.65975904464722,146.9050328731537,12,24,64,25,30,True,1000,1000,0,0,,,,,False,
64,32,127,0.01,0.2,3,1.2,3,linear_combination,induced_sd_repair,1,449380309,2026-08-07T04:21:48.099362+00:00,1,1000,10000,0.004057168960571289,0.08275198936462402,0.15410900115966797,147.07473015785217,147.32101702690125,13,13,64,25,30,True,1000,1000,0,0,,,,,False,
64,32,127,0.01,0.2,3,1.2,3,linear_combination,structured_sd_repair,0,2004880078,2026-08-07T04:24:15.425552+00:00,1,1000,10000,0.004045009613037109,0.08295607566833496,0.14092421531677246,146.86412477493286,147.09753823280334,18,14,64,25,30,True,1000,1000,0,0,,,,,False,
64,32,127,0.01,0.2,3,1.2,3,linear_combination,structured_sd_repair,1,2096365562,2026-08-07T04:26:42.528195+00:00,1,1000,10000,0.004032135009765625,0.08122086524963379,0.1424248218536377,146.51245999336243,146.74560117721558,13,20,64,25,30,True,1000,1000,0,0,,,,,False,
64,32,127,0.01,0.2,3,1.2,3,linear_combination,posterior_aware_prange_repair,0,1615094216,2026-08-07T04:29:09.279012+00:00,1,1000,10000,0.004071235656738281,0.08169412612915039,0.14120125770568848,146.16241693496704,146.39470791816711,9,17,64,25,30,True,1000,1000,0,0,,,,,False,
64,32,127,0.01,0.2,3,1.2,3,linear_combination,posterior_aware_prange_repair,1,121448675,2026-08-07T04:31:35.678954+00:00,1,1000,10000,0.004023075103759766,0.08084607124328613,0.14321398735046387,146.06213998794556,146.29545283317566,6,20,64,25,30,True,1000,1000,0,0,,,,,False,
64,32,127,0.01,0.2,3,1.2,3,local_search,induced_sd_repair,0,1210641449,2026-08-07T04:34:01.979639+00:00,1,1000,10000,0.004034996032714844,0.08150506019592285,0.14140892028808594,132.16913723945618,132.4015440940857,14,20,64,25,30,True,1000,1000,0,0,,,,,False,
64,32,127,0.01,0.2,3,1.2,3,local_search,induced_sd_repair,1,1860807591,2026-08-07T04:36:14.386455+00:00,1,1000,10000,0.004028797149658203,0.08303594589233398,0.14147210121154785,132.60520482063293,132.83903789520264,8,18,64,25,30,True,1000,1000,0,0,,,,,False,
64,32,127,0.01,0.2,3,1.2,3,local_search,structured_sd_repair,0,136718554,2026-08-07T04:38:27.230612+00:00,1,1000,10000,0.004032135009765625,0.08557605743408203,0.14118385314941406,132.41533303260803,132.6515610218048,14,17,64,25,30,True,1000,1000,0,0,,,,,False,
64,32,127,0.01,0.2,3,1.2,3,local_search,structured_sd_repair,1,832809176,2026-08-07T04:40:39.887336+00:00,1,1000,10000,0.004058122634887695,0.08712601661682129,0.14178109169006348,132.70265102386475,132.9412088394165,18,18,64,25,30,True,1000,1000,0,0,,,,,False,
64,32,127,0.01,0.2,3,1.2,3,local_search,posterior_aware_prange_repair,0,312888647,2026-08-07T04:42:52.833855+00:00,1,1000,10000,0.004091739654541016,0.08496379852294922,0.14392995834350586,132.92109274864197,133.15976905822754,13,26,64,25,30,True,1000,1000,0,0,,,,,False,
64,32,127,0.01,0.2,3,1.2,3,local_search,posterior_aware_prange_repair,1,1336026134,2026-08-07T04:45:05.998936+00:00,1,1000,10000,0.004014730453491211,0.09463000297546387,0.14228296279907227,132.41905188560486,132.6654131412506,12,16,64,25,30,True,1000,1000,0,0,,,,,False,
64,32,127,0.01,0.2,3,1.3,3,random,induced_sd_repair,0,1584891291,2026-08-07T04:47:18.669579+00:00,1,1000,10000,0.004057884216308594,0.0829157829284668,0.15337491035461426,187.56569290161133,187.8116102218628,9,23,64,25,32,True,1000,0,0,0,27.875,30,0.0,,False,
64,32,127,0.01,0.2,3,1.3,3,random,induced_sd_repair,1,1542560781,2026-08-07T04:50:26.486224+00:00,1,1000,10000,0.003980159759521484,0.08263516426086426,0.1425473690032959,186.77015590667725,187.00488090515137,10,21,64,25,32,True,1000,0,0,0,28.877,30,0.0,,False,
64,32,127,0.01,0.2,3,1.3,3,random,structured_sd_repair,0,1503709113,2026-08-07T04:53:33.496338+00:00,1,1000,10000,0.003961086273193359,0.0817410945892334,0.14277911186218262,50066.450853824615,50066.68486404419,12,18,64,25,32,True,1000,0,0,0,24.05,26,0.0,,False,
64,32,127,0.01,0.2,3,1.3,3,random,structured_sd_repair,1,1002527332,2026-08-07T18:48:00.187581+00:00,1,1000,10000,0.004097700119018555,0.10174393653869629,0.1470799446105957,4318.470027923584,4318.728730201721,13,17,64,25,32,True,1000,0,0,0,25.479,28,0.0,,False,
64,32,127,0.01,0.2,3,1.3,3,random,posterior_aware_prange_repair,0,486606690,2026-08-07T19:59:58.922092+00:00,1,1000,10000,0.004091739654541016,0.08304738998413086,0.14183616638183594,207.44671607017517,207.6813681125641,15,23,64,25,32,True,1000,0,0,0,23.219,25,0.0,,False,
64,32,127,0.01,0.2,3,1.3,3,random,posterior_aware_prange_repair,1,2053481302,2026-08-07T20:03:26.608552+00:00,1,1000,10000,0.004135847091674805,0.08353018760681152,0.1434769630432129,204.6592116355896,204.8961362838745,16,19,64,25,32,True,1000,0,0,0,25.727,27,0.0,,False,
64,32,127,0.01,0.2,3,1.3,3,linear_combination,induced_sd_repair,0,1064086786,2026-08-07T20:06:51.509832+00:00,1,1000,10000,0.004010915756225586,0.08194613456726074,0.14330482482910156,146.95335984230042,147.18838214874268,16,25,64,25,32,True,1000,1000,0,0,,,,,False,
64,32,127,0.01,0.2,3,1.3,3,linear_combination,induced_sd_repair,1,1914109685,2026-08-07T20:09:18.703285+00:00,1,1000,10000,0.004033088684082031,0.08250808715820312,0.14156603813171387,146.99403285980225,147.22776889801025,14,17,64,25,32,True,1000,1000,0,0,,,,,False,
64,32,127,0.01,0.2,3,1.3,3,linear_combination,structured_sd_repair,0,2069332010,2026-08-07T20:11:45.936484+00:00,1,1000,10000,0.004059791564941406,0.08312606811523438,0.14204096794128418,146.97266721725464,147.2073609828949,12,20,64,25,32,True,1000,1000,0,0,,,,,False,
64,32,127,0.01,0.2,3,1.3,3,linear_combination,structured_sd_repair,1,368043492,2026-08-07T20:14:13.148938+00:00,1,1000,10000,0.003983020782470703,0.08069682121276855,0.14142489433288574,146.67949414253235,146.9110462665558,11,20,64,25,32,True,1000,1000,0,0,,,,,False,
64,32,127,0.01,0.2,3,1.3,3,linear_combination,posterior_aware_prange_repair,0,1618852746,2026-08-07T20:16:40.065182+00:00,1,1000,10000,0.004023075103759766,0.08194208145141602,0.14230084419250488,146.51462197303772,146.7486960887909,13,27,64,25,32,True,1000,1000,0,0,,,,,False,
64,32,127,0.01,0.2,3,1.3,3,linear_combination,posterior_aware_prange_repair,1,1461458304,2026-08-07T20:19:06.819073+00:00,1,1000,10000,0.00406193733215332,0.08271408081054688,0.14133000373840332,146.6657271385193,146.89944171905518,13,18,64,25,32,True,1000,1000,0,0,,,,,False,
64,32,127,0.01,0.2,3,1.3,3,local_search,induced_sd_repair,0,1131329952,2026-08-07T20:21:33.723708+00:00,1,1000,10000,0.004024982452392578,0.0865621566772461,0.1423180103302002,132.63631796836853,132.87458992004395,5,19,64,25,32,True,1000,999,0,0,31.0,31,0.0,,False,
64,32,127,0.01,0.2,3,1.3,3,local_search,induced_sd_repair,1,1451420318,2026-08-07T20:23:46.603418+00:00,1,1000,10000,0.004038095474243164,0.08688163757324219,0.14427900314331055,131.96359395980835,132.20419192314148,9,15,64,25,32,True,1000,1000,0,0,,,,,False,
64,32,127,0.01,0.2,3,1.3,3,local_search,structured_sd_repair,0,1060987330,2026-08-07T20:25:58.812873+00:00,1,1000,10000,0.0040740966796875,0.09540200233459473,0.14248394966125488,132.12479400634766,132.37233424186707,14,19,64,25,32,True,1000,1000,0,0,,,,,False,
64,32,127,0.01,0.2,3,1.3,3,local_search,structured_sd_repair,1,716850177,2026-08-07T20:28:11.190384+00:00,1,1000,10000,0.004029035568237305,0.08207988739013672,0.14450716972351074,132.48496317863464,132.7211720943451,13,17,64,25,32,True,1000,1000,0,0,,,,,False,
64,32,127,0.01,0.2,3,1.3,3,local_search,posterior_aware_prange_repair,0,1242283199,2026-08-07T20:30:23.916702+00:00,1,1000,10000,0.004023075103759766,0.08299684524536133,0.1429147720336914,131.27487897872925,131.51029706001282,13,15,64,25,32,True,1000,1000,0,0,,,,,False,
64,32,127,0.01,0.2,3,1.3,3,local_search,posterior_aware_prange_repair,1,1947404449,2026-08-07T20:32:35.432255+00:00,1,1000,10000,0.004077911376953125,0.08154892921447754,0.1411268711090088,132.19353699684143,132.42602515220642,18,17,64,25,32,True,1000,1000,0,0,,,,,False,
64,32,127,0.05,0.05,1,1.1,3,random,induced_sd_repair,0,43931978,2026-08-07T20:34:47.863581+00:00,1,1000,10000,0.0039479732513427734,0.08262300491333008,0.14517498016357422,309.3408808708191,309.5791049003601,45,19,64,25,28,True,1000,1000,0,0,,,,,False,
64,32,127,0.05,0.05,1,1.1,3,random,induced_sd_repair,1,1245919160,2026-08-07T20:39:57.447898+00:00,1,1000,10000,0.003927946090698242,0.08069205284118652,0.14470505714416504,308.9277901649475,309.1632590293884,43,18,64,25,28,True,1000,1000,0,0,,,,,False,
64,32,127,0.05,0.05,1,1.1,3,random,structured_sd_repair,0,1422189444,2026-08-07T20:45:06.616304+00:00,1,1000,10000,0.003935098648071289,0.08069586753845215,0.1445608139038086,308.89958906173706,309.1349518299103,39,15,64,25,28,True,1000,1000,0,0,,,,,False,
64,32,127,0.05,0.05,1,1.1,3,random,structured_sd_repair,1,1838698916,2026-08-07T20:50:15.756237+00:00,1,1000,10000,0.003926992416381836,0.08152604103088379,0.14549589157104492,308.47289776802063,308.71012711524963,51,11,64,25,28,True,1000,1000,0,0,,,,,False,
64,32,127,0.05,0.05,1,1.1,3,random,posterior_aware_prange_repair,0,694429451,2026-08-07T20:55:24.471520+00:00,1,1000,10000,0.0039670467376708984,0.08224296569824219,0.14460301399230957,309.28141808509827,309.51835322380066,42,17,64,25,28,True,1000,1000,0,0,,,,,False,
64,32,127,0.05,0.05,1,1.1,3,random,posterior_aware_prange_repair,1,1346374972,2026-08-07T21:00:33.994945+00:00,1,1000,10000,0.00393986701965332,0.08194994926452637,0.1451880931854248,309.53124499320984,309.7683689594269,36,21,64,25,28,True,1000,1000,0,0,,,,,False,
64,32,127,0.05,0.05,1,1.1,3,linear_combination,induced_sd_repair,0,1569363725,2026-08-07T21:05:43.768446+00:00,1,1000,10000,0.003905057907104492,0.09473991394042969,0.14495182037353516,146.62476086616516,146.87470412254333,39,22,64,25,28,True,1000,1000,0,0,,,,,False,
64,32,127,0.05,0.05,1,1.1,3,linear_combination,induced_sd_repair,1,1391873154,2026-08-07T21:08:10.648401+00:00,1,1000,10000,0.003973245620727539,0.08521008491516113,0.14732599258422852,146.96326875686646,147.20632982254028,49,15,64,25,28,True,1000,1000,0,0,,,,,False,
64,32,127,0.05,0.05,1,1.1,3,linear_combination,structured_sd_repair,0,1659090885,2026-08-07T21:10:37.859913+00:00,1,1000,10000,0.0039010047912597656,0.08575916290283203,0.15756797790527344,146.63836908340454,146.89186716079712,47,13,64,25,28,True,1000,1000,0,0,,,,,False,
64,32,127,0.05,0.05,1,1.1,3,linear_combination,structured_sd_repair,1,461968608,2026-08-07T21:13:04.756957+00:00,1,1000,10000,0.003950834274291992,0.0817880630493164,0.1468660831451416,146.20848178863525,146.44737315177917,44,16,64,25,28,True,1000,1000,0,0,,,,,False,
64,32,127,0.05,0.05,1,1.1,3,linear_combination,posterior_aware_prange_repair,0,1704777475,2026-08-07T21:15:31.209478+00:00,1,1000,10000,0.0039653778076171875,0.0823209285736084,0.14443278312683105,146.41505980491638,146.65195512771606,36,22,64,25,28,True,1000,1000,0,0,,,,,False,
64,32,127,0.05,0.05,1,1.1,3,linear_combination,posterior_aware_prange_repair,1,245852666,2026-08-07T21:17:57.866547+00:00,1,1000,10000,0.003907918930053711,0.0822000503540039,0.14646196365356445,146.47521996498108,146.7140679359436,40,19,64,25,28,True,1000,1000,0,0,,,,,False,
64,32,127,0.05,0.05,1,1.1,3,local_search,induced_sd_repair,0,1127093418,2026-08-07T21:20:24.585780+00:00,1,1000,10000,0.00392603874206543,0.0813899040222168,0.14472699165344238,132.23980069160461,132.4761142730713,50,14,64,25,28,True,1000,1000,0,0,,,,,False,
64,32,127,0.05,0.05,1,1.1,3,local_search,induced_sd_repair,1,1978591860,2026-08-07T21:22:37.067376+00:00,1,1000,10000,0.003963947296142578,0.08178901672363281,0.1449439525604248,132.46519804000854,132.70200991630554,40,19,64,25,28,True,1000,1000,0,0,,,,,False,
64,32,127,0.05,0.05,1,1.1,3,local_search,structured_sd_repair,0,2141505674,2026-08-07T21:24:49.774522+00:00,1,1000,10000,0.003927946090698242,0.08072328567504883,0.14316797256469727,131.69246983528137,131.92643785476685,42,16,64,25,28,True,1000,1000,0,0,,,,,False,
64,32,127,0.05,0.05,1,1.1,3,local_search,structured_sd_repair,1,2087681634,2026-08-07T21:27:01.706013+00:00,1,1000,10000,0.003919839859008789,0.08127903938293457,0.14326715469360352,132.22026681900024,132.4550039768219,41,21,64,25,28,True,1000,1000,0,0,,,,,False,
64,32,127,0.05,0.05,1,1.1,3,local_search,posterior_aware_prange_repair,0,83836491,2026-08-07T21:29:14.166277+00:00,1,1000,10000,0.003900766372680664,0.08106184005737305,0.14384007453918457,133.00634169578552,133.24122595787048,40,17,64,25,28,True,1000,1000,0,0,,,,,False,
64,32,127,0.05,0.05,1,1.1,3,local_search,posterior_aware_prange_repair,1,1926673999,2026-08-07T21:31:27.412618+00:00,1,1000,10000,0.003948688507080078,0.0906982421875,0.14962196350097656,6554.2962329387665,6554.547067165375,47,15,64,25,28,True,1000,1000,0,0,,,,,False,
64,32,127,0.05,0.05,1,1.2,3,random,induced_sd_repair,0,283840808,2026-08-07T23:20:41.965542+00:00,1,1000,10000,0.004770755767822266,0.10555315017700195,0.18887782096862793,19116.579751968384,19116.886714220047,35,18,64,25,30,True,1000,967,0,0,10.878787878787879,12,0.0,,False,
64,32,127,0.05,0.05,1,1.2,3,random,induced_sd_repair,1,1247421989,2026-08-08T04:39:18.859976+00:00,1,1000,10000,0.006311178207397461,0.14922714233398438,0.24974513053894043,21158.577763080597,21158.993901968002,36,20,64,25,30,True,1000,976,0,0,12.333333333333334,15,0.0,,False,
64,32,127,0.05,0.05,1,1.2,3,random,structured_sd_repair,0,566041507,2026-08-08T10:31:57.860891+00:00,1,1000,10000,0.00597691535949707,0.14256000518798828,0.25218796730041504,11069.002504110336,11069.414494037628,44,20,64,25,30,True,1000,959,0,0,12.24390243902439,14,0.0,,False,
64,32,127,0.05,0.05,1,1.2,3,random,structured_sd_repair,1,2126621402,2026-08-08T13:36:27.283455+00:00,1,1000,10000,0.006821155548095703,0.14270997047424316,0.2541651725769043,7052.153398036957,7052.567831993103,39,23,64,25,30,True,1000,971,0,0,13.03448275862069,15,0.0,,False,
64,32,127,0.05,0.05,1,1.2,3,random,posterior_aware_prange_repair,0,1212000433,2026-08-08T15:33:59.857695+00:00,1,1000,10000,0.005224943161010742,0.11951017379760742,0.19210004806518555,7129.092624902725,7129.417734861374,44,18,64,25,30,True,1000,967,0,0,7.636363636363637,9,0.0,,False,
64,32,127,0.05,0.05,1,1.2,3,random,posterior_aware_prange_repair,1,1510619359,2026-08-08T17:32:49.280450+00:00,1,1000,10000,0.0038971900939941406,0.08711814880371094,0.14501714706420898,320.10531187057495,320.3477499485016,41,19,64,25,30,True,1000,954,0,0,4.978260869565218,7,0.0,,False,
64,32,127,0.05,0.05,1,1.2,3,linear_combination,induced_sd_repair,0,686706065,2026-08-08T17:38:09.633977+00:00,1,1000,10000,0.003961086273193359,0.10195207595825195,0.14958786964416504,148.02715802192688,148.2887396812439,41,7,64,25,30,True,1000,1000,0,0,,,,,False,
64,32,127,0.05,0.05,1,1.2,3,linear_combination,induced_sd_repair,1,733557856,2026-08-08T17:40:37.928891+00:00,1,1000,10000,0.004099845886230469,0.0834510326385498,0.14716386795043945,147.58353877067566,147.8242838382721,34,17,64,25,30,True,1000,1000,0,0,,,,,False,
64,32,127,0.05,0.05,1,1.2,3,linear_combination,structured_sd_repair,0,2124462242,2026-08-08T17:43:05.759192+00:00,1,1000,10000,0.004911184310913086,0.0875999927520752,0.15357375144958496,147.31408286094666,147.56640887260437,45,13,64,25,30,True,1000,1000,0,0,,,,,False,
64,32,127,0.05,0.05,1,1.2,3,linear_combination,structured_sd_repair,1,1951635347,2026-08-08T17:45:33.331435+00:00,1,1000,10000,0.003957033157348633,0.08379888534545898,0.14927101135253906,148.0396547317505,148.28298497200012,40,21,64,25,30,True,1000,1000,0,0,,,,,False,
64,32,127,0.05,0.05,1,1.2,3,linear_combination,posterior_aware_prange_repair,0,1293186832,2026-08-08T17:48:01.619654+00:00,1,1000,10000,0.00401616096496582,0.08311796188354492,0.14812803268432617,146.93923616409302,147.18070483207703,32,16,64,25,30,True,1000,1000,0,0,,,,,False,
64,32,127,0.05,0.05,1,1.2,3,linear_combination,posterior_aware_prange_repair,1,262594323,2026-08-08T17:50:28.805583+00:00,1,1000,10000,0.004123210906982422,0.0832359790802002,0.15010476112365723,156.17949223518372,156.4233729839325,43,17,64,25,30,True,1000,1000,0,0,,,,,False,
64,32,127,0.05,0.05,1,1.2,3,local_search,induced_sd_repair,0,763397342,2026-08-08T17:53:05.234578+00:00,1,1000,10000,0.004601716995239258,0.09613990783691406,0.1703639030456543,145.44213795661926,145.720694065094,39,21,64,25,30,True,1000,1000,0,0,,,,,False,
64,32,127,0.05,0.05,1,1.2,3,local_search,induced_sd_repair,1,2011785688,2026-08-08T17:55:30.960635+00:00,1,1000,10000,0.0044460296630859375,0.09115314483642578,0.1631171703338623,143.52789402008057,143.79328989982605,41,18,64,25,30,True,1000,1000,0,0,,,,,False,
64,32,127,0.05,0.05,1,1.2,3,local_search,structured_sd_repair,0,1455908305,2026-08-08T17:57:54.759361+00:00,1,1000,10000,0.004264354705810547,0.0948491096496582,0.1633930206298828,143.612398147583,143.88231706619263,38,26,64,25,30,True,1000,1000,0,0,,,,,False,
64,32,127,0.05,0.05,1,1.2,3,local_search,structured_sd_repair,1,1749244813,2026-08-08T18:00:18.647144+00:00,1,1000,10000,0.004240274429321289,0.09286212921142578,0.16091394424438477,143.33311986923218,143.59768390655518,41,10,64,25,30,True,1000,1000,0,0,,,,,False,
64,32,127,0.05,0.05,1,1.2,3,local_search,posterior_aware_prange_repair,0,344290111,2026-08-08T18:02:42.250298+00:00,1,1000,10000,0.004211902618408203,0.09289789199829102,0.16599297523498535,142.98249506950378,143.25218391418457,35,26,64,25,30,True,1000,1000,0,0,,,,,False,
64,32,127,0.05,0.05,1,1.2,3,local_search,posterior_aware_prange_repair,1,1979855021,2026-08-08T18:05:05.507948+00:00,1,1000,10000,0.004091024398803711,0.08747720718383789,0.15657663345336914,142.69223499298096,142.9468870162964,36,18,64,25,30,True,1000,1000,0,0,,,,,False,
64,32,127,0.05,0.05,1,1.3,3,random,induced_sd_repair,0,779399531,2026-08-08T18:07:28.460480+00:00,1,1000,10000,0.004205942153930664,0.08874106407165527,0.15658092498779297,1041.0090250968933,1041.2654249668121,42,19,64,25,32,True,1000,0,0,0,9.886,12,0.0,,False,
64,32,127,0.05,0.05,1,1.3,3,random,induced_sd_repair,1,493793085,2026-08-08T18:24:49.746894+00:00,1,1000,10000,0.006139993667602539,0.08485579490661621,0.15901994705200195,203.6237871646881,203.88329482078552,36,17,64,25,32,True,1000,0,0,0,13.412,15,0.0,,False,
64,32,127,0.05,0.05,1,1.3,3,random,structured_sd_repair,0,1361809087,2026-08-08T18:28:13.635912+00:00,1,1000,10000,0.004199981689453125,0.0885162353515625,0.16278600692749023,9.941648960113525,10.204230070114136,39,18,64,25,32,True,1000,0,0,0,8.73,11,0.0,,False,
64,32,127,0.05,0.05,1,1.3,3,random,structured_sd_repair,1,204741862,2026-08-08T18:28:23.845722+00:00,1,1000,10000,0.004613161087036133,0.09641194343566895,0.18989205360412598,10.166424036026001,10.464998960494995,46,11,64,25,32,True,1000,0,0,0,6.768,9,0.0,,False,
64,32,127,0.05,0.05,1,1.3,3,random,posterior_aware_prange_repair,0,735291644,2026-08-08T18:28:34.316997+00:00,1,1000,10000,0.005228996276855469,0.10855817794799805,0.1886751651763916,239.2084619998932,239.51910018920898,42,19,64,25,32,True,1000,0,0,0,10.846,13,0.0,,False,
64,32,127,0.05,0.05,1,1.3,3,random,posterior_aware_prange_repair,1,1310092051,2026-08-08T18:32:33.842425+00:00,1,1000,10000,0.004319190979003906,0.09743189811706543,0.19931817054748535,208.3844039440155,208.69300889968872,32,21,64,25,32,True,1000,0,0,0,16.978,19,0.0,,False,
64,32,127,0.05,0.05,1,1.3,3,linear_combination,induced_sd_repair,0,844876058,2026-08-08T18:36:02.540624+00:00,1,1000,10000,0.003909111022949219,0.10731792449951172,0.1535511016845703,146.1118779182434,146.38296484947205,41,15,64,25,32,True,1000,1000,0,0,,,,,False,
64,32,127,0.05,0.05,1,1.3,3,linear_combination,induced_sd_repair,1,1739436355,2026-08-08T18:38:28.928832+00:00,1,1000,10000,0.00403141975402832,0.09046387672424316,0.14939117431640625,147.80328512191772,148.05374693870544,44,20,64,25,32,True,1000,1000,0,0,,,,,False,
64,32,127,0.05,0.05,1,1.3,3,linear_combination,structured_sd_repair,0,1975055618,2026-08-08T18:40:56.988446+00:00,1,1000,10000,0.004060983657836914,0.08415412902832031,0.14981508255004883,149.73483180999756,149.97908210754395,41,11,64,25,32,True,1000,1000,0,0,,,,,False,
64,32,127,0.05,0.05,1,1.3,3,linear_combination,structured_sd_repair,1,2143397550,2026-08-08T18:43:26.973182+00:00,1,1000,10000,0.00401616096496582,0.08677816390991211,0.14780116081237793,148.14565920829773,148.3909571170807,45,10,64,25,32,True,1000,1000,0,0,,,,,False,
64,32,127,0.05,0.05,1,1.3,3,linear_combination,posterior_aware_prange_repair,0,878649419,2026-08-08T18:45:55.369628+00:00,1,1000,10000,0.003970146179199219,0.0921781063079834,0.148665189743042,146.47958302497864,146.73082518577576,40,22,64,25,32,True,1000,1000,0,0,,,,,False,
64,32,127,0.05,0.05,1,1.3,3,linear_combination,posterior_aware_prange_repair,1,1135214427,2026-08-08T18:48:22.105785+00:00,1,1000,10000,0.0039942264556884766,0.08399176597595215,0.15026402473449707,146.21258687973022,146.457026720047,38,17,64,25,32,True,1000,1000,0,0,,,,,False,
64,32,127,0.05,0.05,1,1.3,3,local_search,induced_sd_repair,0,1095651202,2026-08-08T18:50:48.568143+00:00,1,1000,10000,0.004205942153930664,0.08397412300109863,0.1518089771270752,134.10378193855286,134.3500349521637,41,14,64,25,32,True,1000,1000,0,0,,,,,False,
64,32,127,0.05,0.05,1,1.3,3,local_search,induced_sd_repair,1,1701451678,2026-08-08T18:53:02.924373+00:00,1,1000,10000,0.00414729118347168,0.09661507606506348,0.15648508071899414,136.14293885231018,136.40697598457336,43,14,64,25,32,True,1000,999,0,0,9.0,9,0.0,,False,
64,32,127,0.05,0.05,1,1.3,3,local_search,structured_sd_repair,0,318155850,2026-08-08T18:55:19.336799+00:00,1,1000,10000,0.0040471553802490234,0.10633182525634766,0.14900875091552734,133.56723403930664,133.83316826820374,36,22,64,25,32,True,1000,1000,0,0,,,,,False,
64,32,127,0.05,0.05,1,1.3,3,local_search,structured_sd_repair,1,135137130,2026-08-08T18:57:33.175473+00:00,1,1000,10000,0.003968000411987305,0.08994007110595703,0.16295504570007324,132.90692806243896,133.17020893096924,35,18,64,25,32,True,1000,999,0,0,13.0,13,0.0,,False,
64,32,127,0.05,0.05,1,1.3,3,local_search,posterior_aware_prange_repair,0,691755059,2026-08-08T18:59:46.351068+00:00,1,1000,10000,0.003964900970458984,0.08362388610839844,0.1493089199066162,133.43910908699036,133.68255519866943,45,19,64,25,32,True,1000,1000,0,0,,,,,False,
64,32,127,0.05,0.05,1,1.3,3,local_search,posterior_aware_prange_repair,1,1844935328,2026-08-08T19:02:00.039471+00:00,1,1000,10000,0.004034996032714844,0.08358001708984375,0.1498427391052246,134.50502681732178,134.74888586997986,41,16,64,25,32,True,1000,1000,0,0,,,,,False,
64,32,127,0.05,0.05,2,1.1,3,random,induced_sd_repair,0,1855058574,2026-08-08T19:04:14.794472+00:00,1,1000,10000,0.004020214080810547,0.08319592475891113,0.14810419082641602,315.2361538410187,315.4778702259064,39,18,64,25,28,True,1000,1000,0,0,,,,,False,
64,32,127,0.05,0.05,2,1.1,3,random,induced_sd_repair,1,617810093,2026-08-08T19:09:30.279884+00:00,1,1000,10000,0.004142045974731445,0.08450889587402344,0.14979887008666992,312.14087104797363,312.385883808136,45,15,64,25,28,True,1000,1000,0,0,,,,,False,
64,32,127,0.05,0.05,2,1.1,3,random,structured_sd_repair,0,928717551,2026-08-08T19:14:42.671081+00:00,1,1000,10000,0.0039370059967041016,0.0830070972442627,0.14685487747192383,313.07558584213257,313.31593108177185,48,16,64,25,28,True,1000,1000,0,0,,,,,False,
64,32,127,0.05,0.05,2,1.1,3,random,structured_sd_repair,1,329841211,2026-08-08T19:19:55.992814+00:00,1,1000,10000,0.004054069519042969,0.08486604690551758,0.14791011810302734,314.16116094589233,314.40432810783386,38,22,64,25,28,True,1000,1000,0,0,,,,,False,
64,32,127,0.05,0.05,2,1.1,3,random,posterior_aware_prange_repair,0,251552681,2026-08-08T19:25:10.403213+00:00,1,1000,10000,0.00411224365234375,0.10332107543945312,0.1489708423614502,322.78550601005554,323.04815316200256,39,17,64,25,28,True,1000,1000,0,0,,,,,False,
64,32,127,0.05,0.05,2,1.1,3,random,posterior_aware_prange_repair,1,495690375,2026-08-08T19:30:33.457316+00:00,1,1000,10000,0.004029989242553711,0.08526325225830078,0.151353120803833,334.2949287891388,334.54208612442017,46,13,64,25,28,True,1000,1000,0,0,,,,,False,
64,32,127,0.05,0.05,2,1.1,3,linear_combination,induced_sd_repair,0,1420858974,2026-08-08T19:36:08.005317+00:00,1,1000,10000,0.00409698486328125,0.0878288745880127,0.1884169578552246,152.9019420146942,153.18948912620544,50,14,64,25,28,True,1000,1000,0,0,,,,,False,
64,32,127,0.05,0.05,2,1.1,3,linear_combination,induced_sd_repair,1,158080451,2026-08-08T19:38:41.200527+00:00,1,1000,10000,0.0039560794830322266,0.08612203598022461,0.15238213539123535,146.79627680778503,147.04510283470154,38,18,64,25,28,True,1000,1000,0,0,,,,,False,
64,32,127,0.05,0.05,2,1.1,3,linear_combination,structured_sd_repair,0,991472025,2026-08-08T19:41:08.251001+00:00,1,1000,10000,0.0039520263671875,0.08775997161865234,0.15011906623840332,146.586993932724,146.83532810211182,39,14,64,25,28,True,1000,1000,0,0,,,,,False,
64,32,127,0.05,0.05,2,1.1,3,linear_combination,structured_sd_repair,1,1522457788,2026-08-08T19:43:35.092338+00:00,1,1000,10000,0.003941774368286133,0.09327101707458496,0.16513776779174805,146.48212099075317,146.75083374977112,46,12,64,25,28,True,1000,1000,0,0,,,,,False,
64,32,127,0.05,0.05,2,1.1,3,linear_combination,posterior_aware_prange_repair,0,1144230980,2026-08-08T19:46:01.848601+00:00,1,1000,10000,0.0039598941802978516,0.08975005149841309,0.160614013671875,146.9977729320526,147.2585678100586,38,20,64,25,28,True,1000,1000,0,0,,,,,False,
64,32,127,0.05,0.05,2,1.1,3,linear_combination,posterior_aware_prange_repair,1,502884654,2026-08-08T19:48:29.113347+00:00,1,1000,10000,0.004018068313598633,0.11068296432495117,0.15963315963745117,146.5304570198059,146.81105422973633,37,17,64,25,28,True,1000,1000,0,0,,,,,False,
64,32,127,0.05,0.05,2,1.1,3,local_search,induced_sd_repair,0,358638026,2026-08-08T19:50:55.930020+00:00,1,1000,10000,0.003988981246948242,0.08375096321105957,0.1480708122253418,133.03694987297058,133.2789330482483,31,15,64,25,28,True,1000,1000,0,0,,,,,False,
64,32,127,0.05,0.05,2,1.1,3,local_search,induced_sd_repair,1,1453800806,2026-08-08T19:53:09.215202+00:00,1,1000,10000,0.004041910171508789,0.08417296409606934,0.15983271598815918,133.4079909324646,133.66270780563354,43,17,64,25,28,True,1000,1000,0,0,,,,,False,
64,32,127,0.05,0.05,2,1.1,3,local_search,structured_sd_repair,0,1215535302,2026-08-08T19:55:22.884150+00:00,1,1000,10000,0.004154205322265625,0.08355903625488281,0.18203186988830566,132.92947483062744,133.20561003684998,40,18,64,25,28,True,1000,1000,0,0,,,,,False,
64,32,127,0.05,0.05,2,1.1,3,local_search,structured_sd_repair,1,36216012,2026-08-08T19:57:36.095674+00:00,1,1000,10000,0.004019021987915039,0.10102105140686035,0.14842796325683594,133.09440064430237,133.35406804084778,36,13,64,25,28,True,1000,1000,0,0,,,,,False,
64,32,127,0.05,0.05,2,1.1,3,local_search,posterior_aware_prange_repair,0,1050818656,2026-08-08T19:59:49.455806+00:00,1,1000,10000,0.00392913818359375,0.0833289623260498,0.15027093887329102,135.230309009552,135.47407412528992,39,19,64,25,28,True,1000,1000,0,0,,,,,False,
64,32,127,0.05,0.05,2,1.1,3,local_search,posterior_aware_prange_repair,1,1775700171,2026-08-08T20:02:04.935801+00:00,1,1000,10000,0.0039789676666259766,0.08361291885375977,0.14969587326049805,135.21230697631836,135.45588898658752,44,11,64,25,28,True,1000,1000,0,0,,,,,False,
64,32,127,0.05,0.05,2,1.2,3,random,induced_sd_repair,0,983102490,2026-08-08T20:04:20.399295+00:00,1,1000,10000,0.004160881042480469,0.085205078125,0.1492149829864502,320.36057591438293,320.60583901405334,42,20,64,25,30,True,1000,950,0,0,11.78,13,0.0,,False,
64,32,127,0.05,0.05,2,1.2,3,random,induced_sd_repair,1,1379744826,2026-08-08T20:09:41.011629+00:00,1,1000,10000,0.00397181510925293,0.08361220359802246,0.1479940414428711,323.3022520542145,323.54421186447144,38,21,64,25,30,True,1000,931,0,0,12.985507246376812,15,0.0,,False,
64,32,127,0.05,0.05,2,1.2,3,random,structured_sd_repair,0,1763327330,2026-08-08T20:15:04.562035+00:00,1,1000,10000,0.003984928131103516,0.08457207679748535,0.16763591766357422,311.8136041164398,312.07623314857483,43,15,64,25,30,True,1000,972,0,0,9.964285714285714,11,0.0,,False,
64,32,127,0.05,0.05,2,1.2,3,random,structured_sd_repair,1,1535091252,2026-08-08T20:20:16.644237+00:00,1,1000,10000,0.0039310455322265625,0.08448481559753418,0.16631221771240234,312.33570885658264,312.5968289375305,32,23,64,25,30,True,1000,968,0,0,14.09375,16,0.0,,False,
64,32,127,0.05,0.05,2,1.2,3,random,posterior_aware_prange_repair,0,309681179,2026-08-08T20:25:29.248456+00:00,1,1000,10000,0.004048824310302734,0.0848701000213623,0.1510028839111328,315.8767611980438,316.1231732368469,47,13,64,25,30,True,1000,970,0,0,7.533333333333333,8,0.0,,False,
64,32,127,0.05,0.05,2,1.2,3,random,posterior_aware_prange_repair,1,866051270,2026-08-08T20:30:45.377666+00:00,1,1000,10000,0.00396275520324707,0.08352398872375488,0.15277695655822754,316.67290592193604,316.91950392723083,36,13,64,25,30,True,1000,961,0,0,10.974358974358974,13,0.0,,False,
64,32,127,0.05,0.05,2,1.2,3,linear_combination,induced_sd_repair,0,1051759612,2026-08-08T20:36:02.303168+00:00,1,1000,10000,0.003991842269897461,0.08558797836303711,0.1797170639038086,150.66289901733398,150.9391348361969,44,20,64,25,30,True,1000,1000,0,0,,,,,False,
64,32,127,0.05,0.05,2,1.2,3,linear_combination,induced_sd_repair,1,873445078,2026-08-08T20:38:33.248233+00:00,1,1000,10000,0.003991127014160156,0.09212517738342285,0.15172290802001953,150.09321880340576,150.34738993644714,38,22,64,25,30,True,1000,1000,0,0,,,,,False,
64,32,127,0.05,0.05,2,1.2,3,linear_combination,structured_sd_repair,0,365959648,2026-08-08T20:41:03.601743+00:00,1,1000,10000,0.003960132598876953,0.09166693687438965,0.14959192276000977,149.92972326278687,150.18137097358704,42,17,64,25,30,True,1000,1000,0,0,,,,,False,
64,32,127,0.05,0.05,2,1.2,3,linear_combination,structured_sd_repair,1,949383611,2026-08-08T20:43:33.788503+00:00,1,1000,10000,0.0042018890380859375,0.0909423828125,0.1651439666748047,151.5512330532074,151.8181188106537,47,17,64,25,30,True,1000,1000,0,0,,,,,False,
64,32,127,0.05,0.05,2,1.2,3,linear_combination,posterior_aware_prange_repair,0,106385044,2026-08-08T20:46:05.612083+00:00,1,1000,10000,0.004044055938720703,0.10391402244567871,0.1513049602508545,148.16482281684875,148.43061709403992,40,16,64,25,30,True,1000,1000,0,0,,,,,False,
64,32,127,0.05,0.05,2,1.2,3,linear_combination,posterior_aware_prange_repair,1,1459295552,2026-08-08T20:48:34.048607+00:00,1,1000,10000,0.003936052322387695,0.0851130485534668,0.14973711967468262,148.97104573249817,149.21628427505493,39,14,64,25,30,True,1000,1000,0,0,,,,,False,
64,32,127,0.05,0.05,2,1.2,3,local_search,induced_sd_repair,0,1560712542,2026-08-08T20:51:03.271033+00:00,1,1000,10000,0.004111766815185547,0.08555793762207031,0.1658029556274414,134.2705478668213,134.53254294395447,44,15,64,25,30,True,1000,1000,0,0,,,,,False,
64,32,127,0.05,0.05,2,1.2,3,local_search,induced_sd_repair,1,884750536,2026-08-08T20:53:17.809874+00:00,1,1000,10000,0.003981828689575195,0.10256505012512207,0.15633392333984375,137.7931649684906,138.0629870891571,39,25,64,25,30,True,1000,1000,0,0,,,,,False,
64,32,127,0.05,0.05,2,1.2,3,local_search,structured_sd_repair,0,1522987785,2026-08-08T20:55:35.879231+00:00,1,1000,10000,0.004151105880737305,0.09832191467285156,0.19876909255981445,138.3701491355896,138.67878103256226,36,26,64,25,30,True,1000,1000,0,0,,,,,False,
64,32,127,0.05,0.05,2,1.2,3,local_search,structured_sd_repair,1,272904309,2026-08-08T20:57:54.563808+00:00,1,1000,10000,0.004086017608642578,0.08481717109680176,0.1481001377105713,134.42129182815552,134.66481113433838,45,19,64,25,30,True,1000,1000,0,0,,,,,False,
64,32,127,0.05,0.05,2,1.2,3,local_search,posterior_aware_prange_repair,0,181344539,2026-08-08T21:00:09.234538+00:00,1,1000,10000,0.003934144973754883,0.10441803932189941,0.14937281608581543,153.493891954422,153.75795722007751,35,22,64,25,30,True,1000,1000,0,0,,,,,False,
64,32,127,0.05,0.05,2,1.2,3,local_search,posterior_aware_prange_repair,1,1487270897,2026-08-08T21:02:42.998399+00:00,1,1000,10000,0.00403904914855957,0.09021186828613281,0.15056610107421875,137.15375328063965,137.40482187271118,45,14,64,25,30,True,1000,1000,0,0,,,,,False,
64,32,127,0.05,0.05,2,1.3,3,random,induced_sd_repair,0,1107401629,2026-08-08T21:05:00.410279+00:00,1,1000,10000,0.003958940505981445,0.08633089065551758,0.14864301681518555,191.98788905143738,192.23346304893494,45,19,64,25,32,True,1000,0,0,0,8.349,10,0.0,,False,
64,32,127,0.05,0.05,2,1.3,3,random,induced_sd_repair,1,1437719313,2026-08-08T21:08:12.649888+00:00,1,1000,10000,0.0047800540924072266,0.09419393539428711,0.1611781120300293,192.0511200428009,192.3177719116211,49,13,64,25,32,True,1000,0,0,0,7.853,10,0.0,,False,
64,32,127,0.05,0.05,2,1.3,3,random,structured_sd_repair,0,1002799284,2026-08-08T21:11:24.973612+00:00,1,1000,10000,0.003879070281982422,0.08701086044311523,0.14956212043762207,106.9343159198761,107.18117928504944,34,18,64,25,32,True,1000,0,0,0,16.13,18,0.0,,False,
64,32,127,0.05,0.05,2,1.3,3,random,structured_sd_repair,1,941548421,2026-08-08T21:13:12.160883+00:00,1,1000,10000,0.004131793975830078,0.10158896446228027,0.15051484107971191,111.39161396026611,111.65422010421753,42,19,64,25,32,True,1000,0,0,0,11.159,13,0.0,,False,
64,32,127,0.05,0.05,2,1.3,3,random,posterior_aware_prange_repair,0,1057732879,2026-08-08T21:15:03.820993+00:00,1,1000,10000,0.003938913345336914,0.08451008796691895,0.15067601203918457,210.87822604179382,211.12393021583557,42,22,64,25,32,True,1000,0,0,0,12.137,14,0.0,,False,
64,32,127,0.05,0.05,2,1.3,3,random,posterior_aware_prange_repair,1,1325480849,2026-08-08T21:18:34.951025+00:00,1,1000,10000,0.0039010047912597656,0.08672714233398438,0.16836094856262207,206.43851113319397,206.70427703857422,45,17,64,25,32,True,1000,0,0,0,7.997,10,0.0,,False,
64,32,127,0.05,0.05,2,1.3,3,linear_combination,induced_sd_repair,0,1869518808,2026-08-08T21:22:01.660531+00:00,1,1000,10000,0.004113912582397461,0.08710289001464844,0.14957594871520996,147.5685727596283,147.81568503379822,45,13,64,25,32,True,1000,1000,0,0,,,,,False,
64,32,127,0.05,0.05,2,1.3,3,linear_combination,induced_sd_repair,1,1608388736,2026-08-08T21:24:29.481604+00:00,1,1000,10000,0.003980159759521484,0.08881807327270508,0.16162919998168945,149.55850791931152,149.81937098503113,40,19,64,25,32,True,1000,1000,0,0,,,,,False,
64,32,127,0.05,0.05,2,1.3,3,linear_combination,structured_sd_repair,0,98526938,2026-08-08T21:26:59.307090+00:00,1,1000,10000,0.004024028778076172,0.08394002914428711,0.14996814727783203,151.21891117095947,151.46342277526855,40,20,64,25,32,True,1000,1000,0,0,,,,,False,
64,32,127,0.05,0.05,2,1.3,3,linear_combination,structured_sd_repair,1,1950720924,2026-08-08T21:29:30.776477+00:00,1,1000,10000,0.004026174545288086,0.08417201042175293,0.15117192268371582,148.3833043575287,148.62898206710815,40,12,64,25,32,True,1000,1000,0,0,,,,,False,
64,32,127,0.05,0.05,2,1.3,3,linear_combination,posterior_aware_prange_repair,0,788659044,2026-08-08T21:31:59.410907+00:00,1,1000,10000,0.003944873809814453,0.08329081535339355,0.15365386009216309,147.83563995361328,148.08290791511536,35,19,64,25,32,True,1000,1000,0,0,,,,,False,
64,32,127,0.05,0.05,2,1.3,3,linear_combination,posterior_aware_prange_repair,1,349135338,2026-08-08T21:34:27.498953+00:00,1,1000,10000,0.004152059555053711,0.08641505241394043,0.14807605743408203,150.32895302772522,150.5739140510559,39,17,64,25,32,True,1000,1000,0,0,,,,,False,
64,32,127,0.05,0.05,2,1.3,3,local_search,induced_sd_repair,0,655119634,2026-08-08T21:36:58.078961+00:00,1,1000,10000,0.003910064697265625,0.08359313011169434,0.1506791114807129,136.98115015029907,137.22560811042786,43,11,64,25,32,True,1000,1000,0,0,,,,,False,
64,32,127,0.05,0.05,2,1.3,3,local_search,induced_sd_repair,1,2132097133,2026-08-08T21:39:15.316078+00:00,1,1000,10000,0.0048410892486572266,0.09850692749023438,0.14870381355285645,133.86688017845154,134.12573790550232,33,22,64,25,32,True,1000,999,0,0,16.0,16,0.0,,False,
64,32,127,0.05,0.05,2,1.3,3,local_search,structured_sd_repair,0,331670545,2026-08-08T21:41:29.447225+00:00,1,1000,10000,0.003960132598876953,0.08394813537597656,0.15062570571899414,134.4727008342743,134.71780395507812,46,18,64,25,32,True,1000,1000,0,0,,,,,False,
64,32,127,0.05,0.05,2,1.3,3,local_search,structured_sd_repair,1,1619438586,2026-08-08T21:43:44.170882+00:00,1,1000,10000,0.00397801399230957,0.0835881233215332,0.1486828327178955,138.13838386535645,138.3809049129486,37,18,64,25,32,True,1000,1000,0,0,,,,,False,
64,32,127,0.05,0.05,2,1.3,3,local_search,posterior_aware_prange_repair,0,369432039,2026-08-08T21:46:02.559307+00:00,1,1000,10000,0.004190921783447266,0.1033468246459961,0.18566203117370605,135.62230896949768,135.92194414138794,38,15,64,25,32,True,1000,1000,0,0,,,,,False,
64,32,127,0.05,0.05,2,1.3,3,local_search,posterior_aware_prange_repair,1,16096583,2026-08-08T21:48:18.491171+00:00,1,1000,10000,0.004129171371459961,0.08382201194763184,0.15019536018371582,136.4863829612732,136.731369972229,37,22,64,25,32,True,1000,1000,0,0,,,,,False,
64,32,127,0.05,0.05,3,1.1,3,random,induced_sd_repair,0,1215108552,2026-08-08T21:50:35.228484+00:00,1,1000,10000,0.003954887390136719,0.10142087936401367,0.16774797439575195,316.7572429180145,317.03688287734985,49,15,64,25,28,True,1000,1000,0,0,,,,,False,
64,32,127,0.05,0.05,3,1.1,3,random,induced_sd_repair,1,454457404,2026-08-08T21:55:52.271702+00:00,1,1000,10000,0.004042387008666992,0.09276580810546875,0.16906404495239258,317.18402194976807,317.45618510246277,42,11,64,25,28,True,1000,1000,0,0,,,,,False,
64,32,127,0.05,0.05,3,1.1,3,random,structured_sd_repair,0,1861298315,2026-08-08T22:01:09.736103+00:00,1,1000,10000,0.004250288009643555,0.09151816368103027,0.18100595474243164,316.73303294181824,317.0170576572418,38,18,64,25,28,True,1000,1000,0,0,,,,,False,
64,32,127,0.05,0.05,3,1.1,3,random,structured_sd_repair,1,2097975403,2026-08-08T22:06:26.760338+00:00,1,1000,10000,0.004046201705932617,0.08564305305480957,0.14947891235351562,316.61024594306946,316.856014251709,43,17,64,25,28,True,1000,1000,0,0,,,,,False,
64,32,127,0.05,0.05,3,1.1,3,random,posterior_aware_prange_repair,0,1432179072,2026-08-08T22:11:43.622621+00:00,1,1000,10000,0.003931283950805664,0.0836329460144043,0.15201807022094727,313.0493428707123,313.29547214508057,36,21,64,25,28,True,1000,1000,0,0,,,,,False,
64,32,127,0.05,0.05,3,1.1,3,random,posterior_aware_prange_repair,1,1421800254,2026-08-08T22:16:56.924149+00:00,1,1000,10000,0.004004955291748047,0.08448600769042969,0.15067291259765625,311.7709391117096,312.01673412323,39,22,64,25,28,True,1000,1000,0,0,,,,,False,
64,32,127,0.05,0.05,3,1.1,3,linear_combination,induced_sd_repair,0,1967604229,2026-08-08T22:22:08.947239+00:00,1,1000,10000,0.003909111022949219,0.08544492721557617,0.1529529094696045,146.86521577835083,147.1139280796051,46,18,64,25,28,True,1000,1000,0,0,,,,,False,
64,32,127,0.05,0.05,3,1.1,3,linear_combination,induced_sd_repair,1,669180536,2026-08-08T22:24:36.066934+00:00,1,1000,10000,0.003951072692871094,0.09085702896118164,0.15018677711486816,146.82801795005798,147.0795521736145,45,19,64,25,28,True,1000,1000,0,0,,,,,False,
64,32,127,0.05,0.05,3,1.1,3,linear_combination,structured_sd_repair,0,1102187442,2026-08-08T22:27:03.154754+00:00,1,1000,10000,0.004247188568115234,0.08413910865783691,0.14967918395996094,147.3009331226349,147.54556703567505,44,15,64,25,28,True,1000,1000,0,0,,,,,False,
64,32,127,0.05,0.05,3,1.1,3,linear_combination,structured_sd_repair,1,1014241740,2026-08-08T22:29:30.705756+00:00,1,1000,10000,0.003931999206542969,0.08296704292297363,0.14735698699951172,151.1644148826599,151.40506982803345,47,17,64,25,28,True,1000,1000,0,0,,,,,False,
64,32,127,0.05,0.05,3,1.1,3,linear_combination,posterior_aware_prange_repair,0,94913541,2026-08-08T22:32:02.117144+00:00,1,1000,10000,0.0042650699615478516,0.08545207977294922,0.1690518856048584,148.22066688537598,148.48621582984924,46,18,64,25,28,True,1000,1000,0,0,,,,,False,
64,32,127,0.05,0.05,3,1.1,3,linear_combination,posterior_aware_prange_repair,1,1507733793,2026-08-08T22:34:30.608578+00:00,1,1000,10000,0.003909111022949219,0.08439898490905762,0.14863109588623047,147.03415083885193,147.27704191207886,34,15,64,25,28,True,1000,1000,0,0,,,,,False,
64,32,127,0.05,0.05,3,1.1,3,local_search,induced_sd_repair,0,2065603875,2026-08-08T22:36:57.891703+00:00,1,1000,10000,0.003962278366088867,0.08395695686340332,0.14829587936401367,133.50887203216553,133.7515869140625,50,14,64,25,28,True,1000,1000,0,0,,,,,False,
64,32,127,0.05,0.05,3,1.1,3,local_search,induced_sd_repair,1,977149415,2026-08-08T22:39:11.648543+00:00,1,1000,10000,0.003949165344238281,0.10576581954956055,0.15117597579956055,133.19545006752014,133.46270203590393,41,16,64,25,28,True,1000,1000,0,0,,,,,False,
64,32,127,0.05,0.05,3,1.1,3,local_search,structured_sd_repair,0,907255765,2026-08-08T22:41:25.116737+00:00,1,1000,10000,0.0040819644927978516,0.10641264915466309,0.1538553237915039,133.84804821014404,134.11891627311707,41,18,64,25,28,True,1000,1000,0,0,,,,,False,
64,32,127,0.05,0.05,3,1.1,3,local_search,structured_sd_repair,1,2076895542,2026-08-08T22:43:39.242058+00:00,1,1000,10000,0.0039501190185546875,0.10979485511779785,0.17592406272888184,133.36652207374573,133.66254591941833,35,15,64,25,28,True,1000,1000,0,0,,,,,False,
64,32,127,0.05,0.05,3,1.1,3,local_search,posterior_aware_prange_repair,0,239357237,2026-08-08T22:45:52.910066+00:00,1,1000,10000,0.004019975662231445,0.08415699005126953,0.1499500274658203,133.28166699409485,133.52645707130432,42,15,64,25,28,True,1000,1000,0,0,,,,,False,
64,32,127,0.05,0.05,3,1.1,3,local_search,posterior_aware_prange_repair,1,1079526348,2026-08-08T22:48:06.442575+00:00,1,1000,10000,0.00397491455078125,0.08387184143066406,0.1504049301147461,132.7286388874054,132.97333216667175,35,20,64,25,28,True,1000,1000,0,0,,,,,False,
64,32,127,0.05,0.05,3,1.2,3,random,induced_sd_repair,0,742644234,2026-08-08T22:50:19.423195+00:00,1,1000,10000,0.0039980411529541016,0.10242104530334473,0.1652529239654541,314.650887966156,314.9292941093445,42,22,64,25,30,True,1000,946,0,0,8.814814814814815,11,0.0,,False,
64,32,127,0.05,0.05,3,1.2,3,random,induced_sd_repair,1,162326789,2026-08-08T22:55:34.357886+00:00,1,1000,10000,0.003962993621826172,0.08550095558166504,0.16669297218322754,313.2610490322113,313.5235872268677,37,14,64,25,30,True,1000,969,0,0,9.387096774193548,11,0.0,,False,
64,32,127,0.05,0.05,3,1.2,3,random,structured_sd_repair,0,1515248137,2026-08-08T23:00:47.887456+00:00,1,1000,10000,0.004142045974731445,0.08313179016113281,0.1493062973022461,388.0246000289917,388.2674901485443,47,11,64,25,30,True,1000,978,0,0,5.7727272727272725,7,0.0,,False,
64,32,127,0.05,0.05,3,1.2,3,random,structured_sd_repair,1,1675040532,2026-08-08T23:07:16.160743+00:00,1,1000,10000,0.004050016403198242,0.0949256420135498,0.16681480407714844,481.7634320259094,482.0355739593506,39,17,64,25,30,True,1000,951,0,0,9.36734693877551,11,0.0,,False,
64,32,127,0.05,0.05,3,1.2,3,random,posterior_aware_prange_repair,0,340538513,2026-08-08T23:15:18.202798+00:00,1,1000,10000,0.00392913818359375,0.08447790145874023,0.15081095695495605,317.93479108810425,318.1855528354645,42,11,64,25,30,True,1000,963,0,0,10.756756756756756,12,0.0,,False,
64,32,127,0.05,0.05,3,1.2,3,random,posterior_aware_prange_repair,1,1251103199,2026-08-08T23:20:36.394453+00:00,1,1000,10000,0.0039327144622802734,0.08582806587219238,0.14980792999267578,27.484611749649048,27.730622053146362,43,19,64,25,30,True,90,85,1,1,5.75,7,0.0,30.0,True,
64,32,127,0.05,0.05,3,1.2,3,linear_combination,induced_sd_repair,0,218849103,2026-08-08T23:21:04.130288+00:00,1,1000,10000,0.003906965255737305,0.0838632583618164,0.14850401878356934,147.25819396972656,147.50094079971313,39,20,64,25,30,True,1000,1000,0,0,,,,,False,
64,32,127,0.05,0.05,3,1.2,3,linear_combination,induced_sd_repair,1,672450874,2026-08-08T23:23:31.637081+00:00,1,1000,10000,0.003946065902709961,0.08681201934814453,0.14826416969299316,147.0920708179474,147.33734726905823,35,22,64,25,30,True,1000,1000,0,0,,,,,False,
64,32,127,0.05,0.05,3,1.2,3,linear_combination,structured_sd_repair,0,1715552051,2026-08-08T23:25:58.979742+00:00,1,1000,10000,0.00394892692565918,0.0920572280883789,0.1535811424255371,146.611909866333,146.86759305000305,35,14,64,25,30,True,1000,1000,0,0,,,,,False,
64,32,127,0.05,0.05,3,1.2,3,linear_combination,structured_sd_repair,1,1330453721,2026-08-08T23:28:25.852852+00:00,1,1000,10000,0.00399017333984375,0.09584164619445801,0.15084385871887207,147.01851201057434,147.27575516700745,43,18,64,25,30,True,1000,1000,0,0,,,,,False,
64,32,127,0.05,0.05,3,1.2,3,linear_combination,posterior_aware_prange_repair,0,1273213757,2026-08-08T23:30:53.134482+00:00,1,1000,10000,0.0039560794830322266,0.11421489715576172,0.14955687522888184,147.12103986740112,147.3953640460968,43,19,64,25,30,True,1000,1000,0,0,,,,,False,
64,32,127,0.05,0.05,3,1.2,3,linear_combination,posterior_aware_prange_repair,1,320340239,2026-08-08T23:33:20.535113+00:00,1,1000,10000,0.00391697883605957,0.0834653377532959,0.1480269432067871,147.221431016922,147.46297597885132,37,13,64,25,30,True,1000,1000,0,0,,,,,False,
64,32,127,0.05,0.05,3,1.2,3,local_search,induced_sd_repair,0,1619466666,2026-08-08T23:35:48.004078+00:00,1,1000,10000,0.0039520263671875,0.08389401435852051,0.14780902862548828,132.85518217086792,133.09733867645264,39,21,64,25,30,True,1000,1000,0,0,,,,,False,
64,32,127,0.05,0.05,3,1.2,3,local_search,induced_sd_repair,1,1309066502,2026-08-08T23:38:01.106594+00:00,1,1000,10000,0.004019975662231445,0.08414912223815918,0.14914989471435547,133.502592086792,133.74614596366882,36,18,64,25,30,True,1000,1000,0,0,,,,,False,
64,32,127,0.05,0.05,3,1.2,3,local_search,structured_sd_repair,0,722477497,2026-08-08T23:40:14.857939+00:00,1,1000,10000,0.004057168960571289,0.10311698913574219,0.1528639793395996,133.30312204360962,133.56941413879395,39,18,64,25,30,True,1000,1000,0,0,,,,,False,
64,32,127,0.05,0.05,3,1.2,3,local_search,structured_sd_repair,1,66348569,2026-08-08T23:42:28.433293+00:00,1,1000,10000,0.003983974456787109,0.08391976356506348,0.1475379467010498,133.8205931186676,134.06213188171387,30,25,64,25,30,True,1000,1000,0,0,,,,,False,
64,32,127,0.05,0.05,3,1.2,3,local_search,posterior_aware_prange_repair,0,418668506,2026-08-08T23:44:42.501318+00:00,1,1000,10000,0.003921985626220703,0.08430194854736328,0.14915084838867188,133.09573817253113,133.33924508094788,39,13,64,25,30,True,1000,1000,0,0,,,,,False,
64,32,127,0.05,0.05,3,1.2,3,local_search,posterior_aware_prange_repair,1,1277559894,2026-08-08T23:46:55.845649+00:00,1,1000,10000,0.004107952117919922,0.10017800331115723,0.1471419334411621,133.17683100700378,133.43472003936768,40,18,64,25,30,True,1000,1000,0,0,,,,,False,
64,32,127,0.05,0.05,3,1.3,3,random,induced_sd_repair,0,837679247,2026-08-08T23:49:09.286177+00:00,1,1000,10000,0.010992050170898438,0.09276199340820312,0.14868521690368652,188.18540477752686,188.4440610408783,38,20,64,25,32,True,1000,0,0,0,9.251,12,0.0,,False,
64,32,127,0.05,0.05,3,1.3,3,random,induced_sd_repair,1,1745487652,2026-08-08T23:52:17.737506+00:00,1,1000,10000,0.003923177719116211,0.08499407768249512,0.1479637622833252,188.32532286643982,188.56889986991882,43,21,64,25,32,True,1000,0,0,0,13.828,16,0.0,,False,
64,32,127,0.05,0.05,3,1.3,3,random,structured_sd_repair,0,515829722,2026-08-08T23:55:26.311648+00:00,1,1000,10000,0.0038640499114990234,0.09184885025024414,0.14978790283203125,4387.9113709926605,4388.1631731987,39,14,64,25,32,True,1000,0,0,0,10.067,12,0.0,,False,
64,32,127,0.05,0.05,3,1.3,3,random,structured_sd_repair,1,868025189,2026-08-09T01:08:34.481718+00:00,1,1000,10000,0.0041980743408203125,0.0861520767211914,0.16660284996032715,4335.70391702652,4335.967078924179,40,14,64,25,32,True,1000,0,0,0,10.801,13,0.0,,False,
64,32,127,0.05,0.05,3,1.3,3,random,posterior_aware_prange_repair,0,799478154,2026-08-09T02:20:50.457181+00:00,1,1000,10000,0.003996849060058594,0.08271002769470215,0.15963077545166016,205.86210703849792,206.1149320602417,46,16,64,25,32,True,1000,0,0,0,10.986,14,0.0,,False,
64,32,127,0.05,0.05,3,1.3,3,random,posterior_aware_prange_repair,1,751379565,2026-08-09T02:24:16.577515+00:00,1,1000,10000,0.003921031951904297,0.08489394187927246,0.14698386192321777,206.7817361354828,207.02396297454834,42,20,64,25,32,True,1000,0,0,0,11.991,14,0.0,,False,
64,32,127,0.05,0.05,3,1.3,3,linear_combination,induced_sd_repair,0,935241452,2026-08-09T02:27:43.606910+00:00,1,1000,10000,0.003921031951904297,0.08539581298828125,0.1480400562286377,147.39817190170288,147.64162611961365,39,12,64,25,32,True,1000,1000,0,0,,,,,False,
64,32,127,0.05,0.05,3,1.3,3,linear_combination,induced_sd_repair,1,647762961,2026-08-09T02:30:11.253860+00:00,1,1000,10000,0.00415802001953125,0.08570623397827148,0.15727901458740234,147.0600187778473,147.3134150505066,38,21,64,25,32,True,1000,1000,0,0,,,,,False,
64,32,127,0.05,0.05,3,1.3,3,linear_combination,structured_sd_repair,0,2090983988,2026-08-09T02:32:38.572542+00:00,1,1000,10000,0.003947019577026367,0.08233809471130371,0.14571499824523926,147.81375074386597,148.05195808410645,41,19,64,25,32,True,1000,1000,0,0,,,,,False,
64,32,127,0.05,0.05,3,1.3,3,linear_combination,structured_sd_repair,1,342020005,2026-08-09T02:35:06.630589+00:00,1,1000,10000,0.0041692256927490234,0.08155488967895508,0.14515304565429688,147.3410348892212,147.5781900882721,39,18,64,25,32,True,1000,1000,0,0,,,,,False,
64,32,127,0.05,0.05,3,1.3,3,linear_combination,posterior_aware_prange_repair,0,1676195613,2026-08-09T02:37:34.214097+00:00,1,1000,10000,0.003971099853515625,0.08179903030395508,0.14617228507995605,147.46393823623657,147.70235395431519,49,15,64,25,32,True,1000,1000,0,0,,,,,False,
64,32,127,0.05,0.05,3,1.3,3,linear_combination,posterior_aware_prange_repair,1,234839061,2026-08-09T02:40:01.921530+00:00,1,1000,10000,0.003912925720214844,0.08240580558776855,0.1598982810974121,146.93455696105957,147.18687272071838,35,17,64,25,32,True,1000,1000,0,0,,,,,False,
64,32,127,0.05,0.05,3,1.3,3,local_search,induced_sd_repair,0,1692602753,2026-08-09T02:42:29.114281+00:00,1,1000,10000,0.003948688507080078,0.08164000511169434,0.1455399990081787,132.81964492797852,133.05680799484253,35,18,64,25,32,True,1000,1000,0,0,,,,,False,
64,32,127,0.05,0.05,3,1.3,3,local_search,induced_sd_repair,1,491433307,2026-08-09T02:44:42.176945+00:00,1,1000,10000,0.0039539337158203125,0.08234596252441406,0.1458601951599121,132.82030820846558,133.05871987342834,43,18,64,25,32,True,1000,1000,0,0,,,,,False,
64,32,127,0.05,0.05,3,1.3,3,local_search,structured_sd_repair,0,904743664,2026-08-09T02:46:55.241263+00:00,1,1000,10000,0.0040569305419921875,0.08318066596984863,0.14578795433044434,133.26548504829407,133.50463271141052,38,17,64,25,32,True,1000,1000,0,0,,,,,False,
64,32,127,0.05,0.05,3,1.3,3,local_search,structured_sd_repair,1,809661320,2026-08-09T02:49:08.751018+00:00,1,1000,10000,0.0039789676666259766,0.0821988582611084,0.15729212760925293,133.29643511772156,133.54623103141785,32,22,64,25,32,True,1000,1000,0,0,,,,,False,
64,32,127,0.05,0.05,3,1.3,3,local_search,posterior_aware_prange_repair,0,266817649,2026-08-09T02:51:22.302490+00:00,1,1000,10000,0.0039823055267333984,0.08283019065856934,0.1457078456878662,133.88505291938782,134.12385392189026,40,24,64,25,32,True,1000,999,0,0,13.0,13,0.0,,False,
64,32,127,0.05,0.05,3,1.3,3,local_search,posterior_aware_prange_repair,1,1304635181,2026-08-09T02:53:36.431657+00:00,1,1000,10000,0.003941774368286133,0.0823819637298584,0.14674019813537598,132.90045595169067,133.13967204093933,48,7,64,25,32,True,1000,1000,0,0,,,,,False,
64,32,127,0.05,0.2,1,1.1,3,random,induced_sd_repair,0,191047178,2026-08-09T02:55:49.576599+00:00,1,1000,10000,0.004068136215209961,0.08568191528320312,0.14337825775146484,312.0030519962311,312.24165296554565,9,18,64,25,28,True,1000,1000,0,0,,,,,False,
64,32,127,0.05,0.2,1,1.1,3,random,induced_sd_repair,1,299179263,2026-08-09T03:01:01.824147+00:00,1,1000,10000,0.00403285026550293,0.08795690536499023,0.14333105087280273,312.216383934021,312.45734190940857,10,24,64,25,28,True,1000,1000,0,0,,,,,False,
64,32,127,0.05,0.2,1,1.1,3,random,structured_sd_repair,0,176633630,2026-08-09T03:06:14.287569+00:00,1,1000,10000,0.004041910171508789,0.0857551097869873,0.1556410789489746,311.8027358055115,312.0540461540222,12,24,64,25,28,True,1000,1000,0,0,,,,,False,
64,32,127,0.05,0.2,1,1.1,3,random,structured_sd_repair,1,1867431588,2026-08-09T03:11:26.347642+00:00,1,1000,10000,0.004049062728881836,0.08251190185546875,0.14396882057189941,311.3307731151581,311.5668616294861,15,13,64,25,28,True,1000,1000,0,0,,,,,False,
64,32,127,0.05,0.2,1,1.1,3,random,posterior_aware_prange_repair,0,762246568,2026-08-09T03:16:37.920608+00:00,1,1000,10000,0.004021883010864258,0.08458757400512695,0.1422719955444336,309.5998878479004,309.8363661766052,10,21,64,25,28,True,1000,1000,0,0,,,,,False,
64,32,127,0.05,0.2,1,1.1,3,random,posterior_aware_prange_repair,1,26515754,2026-08-09T03:21:47.762497+00:00,1,1000,10000,0.004052877426147461,0.08272695541381836,0.14497828483581543,312.88012313842773,313.1176030635834,11,24,64,25,28,True,1000,1000,0,0,,,,,False,
64,32,127,0.05,0.2,1,1.1,3,linear_combination,induced_sd_repair,0,1213555901,2026-08-09T03:27:00.885895+00:00,1,1000,10000,0.004703044891357422,0.09523296356201172,0.16074204444885254,166.23136377334595,166.49815917015076,9,19,64,25,28,True,1000,1000,0,0,,,,,False,
64,32,127,0.05,0.2,1,1.1,3,linear_combination,induced_sd_repair,1,706287539,2026-08-09T03:29:47.392724+00:00,1,1000,10000,0.005235910415649414,0.10628199577331543,0.19055509567260742,169.0293047428131,169.33898615837097,12,18,64,25,28,True,1000,1000,0,0,,,,,False,
64,32,127,0.05,0.2,1,1.1,3,linear_combination,structured_sd_repair,0,814791000,2026-08-09T03:32:36.742976+00:00,1,1000,10000,0.00767207145690918,0.16118502616882324,0.27225613594055176,176.37724494934082,176.8281500339508,9,18,64,25,28,True,1000,1000,0,0,,,,,False,
64,32,127,0.05,0.2,1,1.1,3,linear_combination,structured_sd_repair,1,313467897,2026-08-09T03:35:33.577138+00:00,1,1000,10000,0.004014730453491211,0.08207917213439941,0.14276695251464844,146.2958788871765,146.53018808364868,14,17,64,25,28,True,1000,1000,0,0,,,,,False,
64,32,127,0.05,0.2,1,1.1,3,linear_combination,posterior_aware_prange_repair,0,395813874,2026-08-09T03:38:00.112707+00:00,1,1000,10000,0.004032135009765625,0.08257818222045898,0.14279603958129883,146.53643798828125,146.77140974998474,9,18,64,25,28,True,1000,1000,0,0,,,,,False,
64,32,127,0.05,0.2,1,1.1,3,linear_combination,posterior_aware_prange_repair,1,1290091215,2026-08-09T03:40:26.889867+00:00,1,1000,10000,0.004085063934326172,0.08284306526184082,0.14256000518798828,146.1266589164734,146.3613429069519,6,15,64,25,28,True,1000,1000,0,0,,,,,False,
64,32,127,0.05,0.2,1,1.1,3,local_search,induced_sd_repair,0,832236807,2026-08-09T03:42:53.256518+00:00,1,1000,10000,0.0040509700775146484,0.08280706405639648,0.14148306846618652,132.8979880809784,133.13163995742798,11,14,64,25,28,True,1000,1000,0,0,,,,,False,
64,32,127,0.05,0.2,1,1.1,3,local_search,induced_sd_repair,1,1029249097,2026-08-09T03:45:06.393418+00:00,1,1000,10000,0.004006147384643555,0.08556270599365234,0.14282798767089844,133.60797905921936,133.84590530395508,10,18,64,25,28,True,1000,1000,0,0,,,,,False,
64,32,127,0.05,0.2,1,1.1,3,local_search,structured_sd_repair,0,640406183,2026-08-09T03:47:20.244762+00:00,1,1000,10000,0.004055023193359375,0.08659791946411133,0.15624690055847168,133.1947467327118,133.44730710983276,9,24,64,25,28,True,1000,1000,0,0,,,,,False,
64,32,127,0.05,0.2,1,1.1,3,local_search,structured_sd_repair,1,1569921518,2026-08-09T03:49:33.698257+00:00,1,1000,10000,0.004069805145263672,0.08565497398376465,0.15602827072143555,134.12737703323364,134.37862586975098,11,14,64,25,28,True,1000,1000,0,0,,,,,False,
64,32,127,0.05,0.2,1,1.1,3,local_search,posterior_aware_prange_repair,0,1224535841,2026-08-09T03:51:48.082398+00:00,1,1000,10000,0.004122018814086914,0.08206415176391602,0.14268231391906738,133.1324691772461,133.3669250011444,11,18,64,25,28,True,1000,1000,0,0,,,,,False,
64,32,127,0.05,0.2,1,1.1,3,local_search,posterior_aware_prange_repair,1,145726658,2026-08-09T03:54:01.454922+00:00,1,1000,10000,0.0040509700775146484,0.08539986610412598,0.14307284355163574,133.33606815338135,133.574049949646,14,10,64,25,28,True,1000,1000,0,0,,,,,False,
64,32,127,0.05,0.2,1,1.2,3,random,induced_sd_repair,0,1444184656,2026-08-09T03:56:15.034438+00:00,1,1000,10000,0.00424504280090332,0.08288192749023438,0.14321422576904297,312.06184816360474,312.29762029647827,8,19,64,25,30,True,1000,959,0,0,26.365853658536587,27,0.0,,False,
64,32,127,0.05,0.2,1,1.2,3,random,induced_sd_repair,1,1438337857,2026-08-09T04:01:27.338011+00:00,1,1000,10000,0.004080772399902344,0.08276104927062988,0.1419508457183838,310.9832887649536,311.21752309799194,9,18,64,25,30,True,1000,959,0,0,25.29268292682927,26,0.0,,False,
64,32,127,0.05,0.2,1,1.2,3,random,structured_sd_repair,0,580900854,2026-08-09T04:06:38.561445+00:00,1,1000,10000,0.004058837890625,0.08292698860168457,0.1440291404724121,309.4923219680786,309.72874784469604,8,16,64,25,30,True,1000,991,0,0,28.11111111111111,29,0.0,,False,
64,32,127,0.05,0.2,1,1.2,3,random,structured_sd_repair,1,160739103,2026-08-09T04:11:48.296040+00:00,1,1000,10000,0.004048824310302734,0.08243894577026367,0.14242219924926758,306.52834391593933,306.76271414756775,13,14,64,25,30,True,1000,962,0,0,22.210526315789473,24,0.0,,False,
64,32,127,0.05,0.2,1,1.2,3,random,posterior_aware_prange_repair,0,946434896,2026-08-09T04:16:55.064604+00:00,1,1000,10000,0.0040090084075927734,0.08270597457885742,0.14404296875,313.04580521583557,313.28229808807373,11,23,64,25,30,True,1000,958,0,0,27.452380952380953,28,0.0,,False,
64,32,127,0.05,0.2,1,1.2,3,random,posterior_aware_prange_repair,1,464338022,2026-08-09T04:22:08.352712+00:00,1,1000,10000,0.004019021987915039,0.08678507804870605,0.15781116485595703,311.68917298316956,311.94315791130066,6,17,64,25,30,True,1000,971,0,0,27.79310344827586,29,0.0,,False,
64,32,127,0.05,0.2,1,1.2,3,linear_combination,induced_sd_repair,0,830031223,2026-08-09T04:27:20.301179+00:00,1,1000,10000,0.004069805145263672,0.08602595329284668,0.14354205131530762,145.94105100631714,146.180034160614,9,16,64,25,30,True,1000,1000,0,0,,,,,False,
64,32,127,0.05,0.2,1,1.2,3,linear_combination,induced_sd_repair,1,1387535151,2026-08-09T04:29:46.486524+00:00,1,1000,10000,0.004090785980224609,0.08810305595397949,0.15348029136657715,145.60487914085388,145.85621786117554,8,25,64,25,30,True,1000,1000,0,0,,,,,False,
64,32,127,0.05,0.2,1,1.2,3,linear_combination,structured_sd_repair,0,1550219092,2026-08-09T04:32:12.348218+00:00,1,1000,10000,0.004065036773681641,0.08336615562438965,0.1444559097290039,146.2336118221283,146.47117400169373,14,23,64,25,30,True,1000,1000,0,0,,,,,False,
64,32,127,0.05,0.2,1,1.2,3,linear_combination,structured_sd_repair,1,1780242114,2026-08-09T04:34:38.824652+00:00,1,1000,10000,0.003995180130004883,0.08344411849975586,0.14357709884643555,147.02627205848694,147.26262307167053,14,12,64,25,30,True,1000,1000,0,0,,,,,False,
64,32,127,0.05,0.2,1,1.2,3,linear_combination,posterior_aware_prange_repair,0,1303737846,2026-08-09T04:37:06.093114+00:00,1,1000,10000,0.0040929317474365234,0.08412909507751465,0.14720797538757324,146.92089915275574,147.16193890571594,10,18,64,25,30,True,1000,1000,0,0,,,,,False,
64,32,127,0.05,0.2,1,1.2,3,linear_combination,posterior_aware_prange_repair,1,359847311,2026-08-10T14:21:22.845186+00:00,1,1000,10000,0.03376507759094238,0.09541821479797363,0.16154694557189941,156.11886501312256,156.424329996109,19,20,64,25,30,True,1000,1000,0,0,,,,,False,
64,32,127,0.05,0.2,1,1.2,3,local_search,induced_sd_repair,0,773347319,2026-08-10T14:23:59.276376+00:00,1,1000,10000,0.004252910614013672,0.09969496726989746,0.15400481224060059,152.15114307403564,152.41535329818726,9,19,64,25,30,True,1000,1000,0,0,,,,,False,
64,32,127,0.05,0.2,1,1.2,3,local_search,induced_sd_repair,1,1936856960,2026-08-10T14:26:31.699575+00:00,1,1000,10000,0.004369020462036133,0.12459278106689453,0.15778899192810059,150.85808897018433,151.15143394470215,15,15,64,25,30,True,1000,1000,0,0,,,,,False,
64,32,127,0.05,0.2,1,1.2,3,local_search,structured_sd_repair,0,657171791,2026-08-10T14:29:02.859835+00:00,1,1000,10000,0.0045549869537353516,0.09333395957946777,0.17562508583068848,152.9700219631195,153.24940276145935,8,19,64,25,30,True,1000,1000,0,0,,,,,False,
64,32,127,0.05,0.2,1,1.2,3,local_search,structured_sd_repair,1,118792118,2026-08-10T14:31:36.116354+00:00,1,1000,10000,0.004513978958129883,0.09200906753540039,0.1542341709136963,152.76243495941162,153.019602060318,8,27,64,25,30,True,1000,1000,0,0,,,,,False,
64,32,127,0.05,0.2,1,1.2,3,local_search,posterior_aware_prange_repair,0,1994783727,2026-08-10T14:34:09.142958+00:00,1,1000,10000,0.0046689510345458984,0.1069800853729248,0.15550804138183594,159.74682712554932,160.0200788974762,7,19,64,25,30,True,1000,1000,0,0,,,,,False,
64,32,127,0.05,0.2,1,1.2,3,local_search,posterior_aware_prange_repair,1,1714386339,2026-08-10T14:36:49.169956+00:00,1,1000,10000,0.004498004913330078,0.09742999076843262,0.17288875579833984,162.89563417434692,163.1770520210266,11,18,64,25,30,True,1000,1000,0,0,,,,,False,
64,32,127,0.05,0.2,1,1.3,3,random,induced_sd_repair,0,892610694,2026-08-10T14:39:32.354129+00:00,1,1000,10000,0.005114078521728516,0.1243898868560791,0.18601202964782715,246.8763689994812,247.1987681388855,8,14,64,25,32,True,1000,0,0,0,29.777,32,0.0,,False,
64,32,127,0.05,0.2,1,1.3,3,random,induced_sd_repair,1,162845568,2026-08-10T14:43:39.560082+00:00,1,1000,10000,0.0044651031494140625,0.09598827362060547,0.16655325889587402,245.22754502296448,245.50117111206055,8,29,64,25,32,True,1000,0,0,0,29.013,31,0.0,,False,
64,32,127,0.05,0.2,1,1.3,3,random,structured_sd_repair,0,1270884095,2026-08-10T14:47:45.068877+00:00,1,1000,10000,0.004687070846557617,0.10083675384521484,0.1792740821838379,11.840428113937378,12.13245701789856,10,19,64,25,32,True,1000,0,0,0,26.284,28,0.0,,False,
64,32,127,0.05,0.2,1,1.3,3,random,structured_sd_repair,1,633429897,2026-08-10T14:47:57.207690+00:00,1,1000,10000,0.005532026290893555,0.10930109024047852,0.1795339584350586,12.45255708694458,12.75418996810913,10,16,64,25,32,True,1000,0,0,0,27.281,29,0.0,,False,
64,32,127,0.05,0.2,1,1.3,3,random,posterior_aware_prange_repair,0,973285618,2026-08-10T14:48:09.968802+00:00,1,1000,10000,0.004957914352416992,0.10722208023071289,0.17568016052246094,232.52752685546875,232.82156801223755,5,15,64,25,32,True,1000,0,0,0,28.241,30,0.0,,False,
64,32,127,0.05,0.2,1,1.3,3,random,posterior_aware_prange_repair,1,1573298946,2026-08-10T14:52:02.796067+00:00,1,1000,10000,0.004216194152832031,0.0858910083770752,0.14791512489318848,246.42578506469727,246.66990113258362,7,21,64,25,32,True,1000,0,0,0,28.959,31,0.0,,False,
64,32,127,0.05,0.2,1,1.3,3,linear_combination,induced_sd_repair,0,721781875,2026-08-10T14:56:09.472194+00:00,1,1000,10000,0.004636049270629883,0.09523606300354004,0.18700003623962402,179.8270320892334,180.12017679214478,13,16,64,25,32,True,1000,1000,0,0,,,,,False,
64,32,127,0.05,0.2,1,1.3,3,linear_combination,induced_sd_repair,1,1239411597,2026-08-10T14:59:09.598709+00:00,1,1000,10000,0.0051572322845458984,0.11574482917785645,0.16288280487060547,183.43649411201477,183.72644710540771,11,23,64,25,32,True,1000,1000,0,0,,,,,False,
64,32,127,0.05,0.2,1,1.3,3,linear_combination,structured_sd_repair,0,1331730243,2026-08-10T15:02:13.331861+00:00,1,1000,10000,0.004537105560302734,0.09813880920410156,0.18303799629211426,172.66880106925964,172.96127700805664,7,22,64,25,32,True,1000,1000,0,0,,,,,False,
64,32,127,0.05,0.2,1,1.3,3,linear_combination,structured_sd_repair,1,2041932965,2026-08-10T15:05:06.299335+00:00,1,1000,10000,0.005469322204589844,0.1077890396118164,0.18398118019104004,154.3027560710907,154.6076259613037,10,23,64,25,32,True,1000,1000,0,0,,,,,False,
64,32,127,0.05,0.2,1,1.3,3,linear_combination,posterior_aware_prange_repair,0,1405477536,2026-08-10T15:07:40.912634+00:00,1,1000,10000,0.0041239261627197266,0.08794093132019043,0.15799212455749512,145.9213638305664,146.17668318748474,14,9,64,25,32,True,1000,1000,0,0,,,,,False,
64,32,127,0.05,0.2,1,1.3,3,linear_combination,posterior_aware_prange_repair,1,193556321,2026-08-10T15:10:07.094539+00:00,1,1000,10000,0.004024982452392578,0.09413790702819824,0.1411893367767334,146.77050280570984,147.01528191566467,14,13,64,25,32,True,1000,1000,0,0,,,,,False,
64,32,127,0.05,0.2,1,1.3,3,local_search,induced_sd_repair,0,78985907,2026-08-10T15:12:34.114970+00:00,1,1000,10000,0.0041120052337646484,0.08389401435852051,0.1425337791442871,131.65864300727844,131.89454293251038,9,19,64,25,32,True,1000,1000,0,0,,,,,False,
64,32,127,0.05,0.2,1,1.3,3,local_search,induced_sd_repair,1,200501848,2026-08-10T15:14:46.014679+00:00,1,1000,10000,0.004057884216308594,0.08242177963256836,0.14116811752319336,131.2734818458557,131.5061810016632,7,10,64,25,32,True,1000,1000,0,0,,,,,False,
64,32,127,0.05,0.2,1,1.3,3,local_search,structured_sd_repair,0,1289679295,2026-08-10T15:16:57.526616+00:00,1,1000,10000,0.004024028778076172,0.0829319953918457,0.14196205139160156,131.824866771698,132.0591721534729,13,17,64,25,32,True,1000,1000,0,0,,,,,False,
64,32,127,0.05,0.2,1,1.3,3,local_search,structured_sd_repair,1,1062785134,2026-08-10T15:19:09.591406+00:00,1,1000,10000,0.004132270812988281,0.08195972442626953,0.1417379379272461,132.03367280960083,132.2671570777893,11,23,64,25,32,True,1000,1000,0,0,,,,,False,
64,32,127,0.05,0.2,1,1.3,3,local_search,posterior_aware_prange_repair,0,1405292027,2026-08-10T15:21:21.865037+00:00,1,1000,10000,0.004091024398803711,0.08330488204956055,0.1415419578552246,131.13664174079895,131.37101697921753,11,18,64,25,32,True,1000,1000,0,0,,,,,False,
64,32,127,0.05,0.2,1,1.3,3,local_search,posterior_aware_prange_repair,1,231800549,2026-08-10T15:23:33.241856+00:00,1,1000,10000,0.0040700435638427734,0.08269071578979492,0.143510103225708,131.40499925613403,131.64050006866455,14,13,64,25,32,True,1000,1000,0,0,,,,,False,
64,32,127,0.05,0.2,2,1.1,3,random,induced_sd_repair,0,1131911563,2026-08-10T15:25:44.888098+00:00,1,1000,10000,0.004047870635986328,0.08251476287841797,0.14316511154174805,311.2734868526459,311.5088198184967,11,24,64,25,28,True,1000,1000,0,0,,,,,False,
64,32,127,0.05,0.2,2,1.1,3,random,induced_sd_repair,1,20273572,2026-08-10T15:30:56.402775+00:00,1,1000,10000,0.00410914421081543,0.08260512351989746,0.1419658660888672,311.90592098236084,312.14023089408875,11,26,64,25,28,True,1000,1000,0,0,,,,,False,
64,32,127,0.05,0.2,2,1.1,3,random,structured_sd_repair,0,1058153646,2026-08-10T15:36:08.548786+00:00,1,1000,10000,0.004028797149658203,0.08324408531188965,0.15932607650756836,316.64979004859924,316.9019911289215,8,23,64,25,28,True,1000,1000,0,0,,,,,False,
64,32,127,0.05,0.2,2,1.1,3,random,structured_sd_repair,1,499023026,2026-08-10T15:41:25.455745+00:00,1,1000,10000,0.004063129425048828,0.0865318775177002,0.14224696159362793,312.5163371562958,312.75464487075806,11,18,64,25,28,True,1000,1000,0,0,,,,,False,
64,32,127,0.05,0.2,2,1.1,3,random,posterior_aware_prange_repair,0,1472917524,2026-08-10T15:46:38.216252+00:00,1,1000,10000,0.004086017608642578,0.08690595626831055,0.1420600414276123,311.90251302719116,312.14068579673767,8,10,64,25,28,True,1000,1000,0,0,,,,,False,
64,32,127,0.05,0.2,2,1.1,3,random,posterior_aware_prange_repair,1,2105027963,2026-08-10T15:51:50.362750+00:00,1,1000,10000,0.004004240036010742,0.0893549919128418,0.15448689460754395,312.67572593688965,312.92915511131287,9,22,64,25,28,True,1000,1000,0,0,,,,,False,
64,32,127,0.05,0.2,2,1.1,3,linear_combination,induced_sd_repair,0,445737899,2026-08-10T15:57:03.297704+00:00,1,1000,10000,0.004101753234863281,0.08257317543029785,0.1405339241027832,145.6612799167633,145.89400601387024,13,16,64,25,28,True,1000,1000,0,0,,,,,False,
64,32,127,0.05,0.2,2,1.1,3,linear_combination,induced_sd_repair,1,1559510918,2026-08-10T15:59:29.197043+00:00,1,1000,10000,0.0040950775146484375,0.08276820182800293,0.14150595664978027,146.01228284835815,146.24606823921204,8,18,64,25,28,True,1000,1000,0,0,,,,,False,
64,32,127,0.05,0.2,2,1.1,3,linear_combination,structured_sd_repair,0,794383583,2026-08-10T16:01:55.448869+00:00,1,1000,10000,0.004040956497192383,0.08263230323791504,0.14200282096862793,145.646470785141,145.8802478313446,9,11,64,25,28,True,1000,1000,0,0,,,,,False,
64,32,127,0.05,0.2,2,1.1,3,linear_combination,structured_sd_repair,1,1385064549,2026-08-10T16:04:21.334537+00:00,1,1000,10000,0.004024028778076172,0.08296799659729004,0.14165496826171875,145.61795783042908,145.85172486305237,10,11,64,25,28,True,1000,1000,0,0,,,,,False,
64,32,127,0.05,0.2,2,1.1,3,linear_combination,posterior_aware_prange_repair,0,241161584,2026-08-10T16:06:47.192359+00:00,1,1000,10000,0.00408482551574707,0.08257293701171875,0.14182281494140625,145.77325797080994,146.0072009563446,12,20,64,25,28,True,1000,1000,0,0,,,,,False,
64,32,127,0.05,0.2,2,1.1,3,linear_combination,posterior_aware_prange_repair,1,768378706,2026-08-10T16:09:13.204931+00:00,1,1000,10000,0.003993034362792969,0.08213210105895996,0.14244604110717773,145.4984052181244,145.73226809501648,9,20,64,25,28,True,1000,1000,0,0,,,,,False,
64,32,127,0.05,0.2,2,1.1,3,local_search,induced_sd_repair,0,587209989,2026-08-10T16:11:38.942954+00:00,1,1000,10000,0.004109859466552734,0.08289098739624023,0.14013385772705078,131.24222493171692,131.4747941493988,10,22,64,25,28,True,1000,1000,0,0,,,,,False,
64,32,127,0.05,0.2,2,1.1,3,local_search,induced_sd_repair,1,1941500239,2026-08-10T16:13:50.423084+00:00,1,1000,10000,0.004014015197753906,0.08202910423278809,0.140639066696167,131.16432404518127,131.3962640762329,10,15,64,25,28,True,1000,1000,0,0,,,,,False,
64,32,127,0.05,0.2,2,1.1,3,local_search,structured_sd_repair,0,611290969,2026-08-10T16:16:01.824515+00:00,1,1000,10000,0.004034996032714844,0.08226418495178223,0.1562209129333496,131.02497816085815,131.27293491363525,11,17,64,25,28,True,1000,1000,0,0,,,,,False,
64,32,127,0.05,0.2,2,1.1,3,local_search,structured_sd_repair,1,51227645,2026-08-10T16:18:13.102982+00:00,1,1000,10000,0.003997802734375,0.08247494697570801,0.13999271392822266,131.0740602016449,131.3060827255249,12,26,64,25,28,True,1000,1000,0,0,,,,,False,
64,32,127,0.05,0.2,2,1.1,3,local_search,posterior_aware_prange_repair,0,54888618,2026-08-10T16:20:24.414794+00:00,1,1000,10000,0.004045009613037109,0.0859079360961914,0.14319419860839844,131.36185383796692,131.6002402305603,10,11,64,25,28,True,1000,1000,0,0,,,,,False,
64,32,127,0.05,0.2,2,1.1,3,local_search,posterior_aware_prange_repair,1,1655998580,2026-08-10T16:22:36.021266+00:00,1,1000,10000,0.004055023193359375,0.08683586120605469,0.14365220069885254,131.27998900413513,131.5198438167572,8,16,64,25,28,True,1000,1000,0,0,,,,,False,
64,32,127,0.05,0.2,2,1.2,3,random,induced_sd_repair,0,100273626,2026-08-10T16:24:47.546148+00:00,1,1000,10000,0.004128932952880859,0.0956568717956543,0.14103078842163086,313.2721290588379,313.5184168815613,12,22,64,25,30,True,1000,969,0,0,22.774193548387096,23,0.0,,False,
64,32,127,0.05,0.2,2,1.2,3,random,induced_sd_repair,1,37968983,2026-08-10T16:30:01.070212+00:00,1,1000,10000,0.004038095474243164,0.08315014839172363,0.1408100128173828,314.47207617759705,314.7056531906128,15,17,64,25,30,True,1000,958,0,0,21.404761904761905,23,0.0,,False,
64,32,127,0.05,0.2,2,1.2,3,random,structured_sd_repair,0,1490471519,2026-08-10T16:35:15.780993+00:00,1,1000,10000,0.0040130615234375,0.08387303352355957,0.13981986045837402,311.22580575942993,311.4591419696808,11,25,64,25,30,True,1000,970,0,0,24.133333333333333,26,0.0,,False,
64,32,127,0.05,0.2,2,1.2,3,random,structured_sd_repair,1,106515959,2026-08-10T16:40:27.245904+00:00,1,1000,10000,0.004071235656738281,0.08262205123901367,0.14049506187438965,307.6209259033203,307.85366797447205,11,22,64,25,30,True,1000,948,0,0,25.25,27,0.0,,False,
64,32,127,0.05,0.2,2,1.2,3,random,posterior_aware_prange_repair,0,1576706448,2026-08-10T16:45:35.105481+00:00,1,1000,10000,0.004046916961669922,0.0853419303894043,0.15496087074279785,313.6730921268463,313.9229609966278,14,15,64,25,30,True,1000,975,0,0,23.0,24,0.0,,False,
64,32,127,0.05,0.2,2,1.2,3,random,posterior_aware_prange_repair,1,703507844,2026-08-10T16:50:49.034915+00:00,1,1000,10000,0.004008054733276367,0.08276486396789551,0.14233613014221191,312.95161485671997,313.1862030029297,11,19,64,25,30,True,1000,970,0,0,24.333333333333332,26,0.0,,False,
64,32,127,0.05,0.2,2,1.2,3,linear_combination,induced_sd_repair,0,1457230732,2026-08-10T16:56:02.227069+00:00,1,1000,10000,0.004141092300415039,0.08248019218444824,0.15709304809570312,146.15329217910767,146.40239429473877,8,19,64,25,30,True,1000,1000,0,0,,,,,False,
64,32,127,0.05,0.2,2,1.2,3,linear_combination,induced_sd_repair,1,776957502,2026-08-10T16:58:28.634753+00:00,1,1000,10000,0.004033803939819336,0.08503293991088867,0.14157700538635254,145.56221103668213,145.79819202423096,10,17,64,25,30,True,1000,1000,0,0,,,,,False,
64,32,127,0.05,0.2,2,1.2,3,linear_combination,structured_sd_repair,0,1183116546,2026-08-10T17:00:54.438334+00:00,1,1000,10000,0.004013776779174805,0.0859689712524414,0.14374399185180664,145.20904684066772,145.44839119911194,17,22,64,25,30,True,1000,1000,0,0,,,,,False,
64,32,127,0.05,0.2,2,1.2,3,linear_combination,structured_sd_repair,1,10591604,2026-08-10T17:03:19.892190+00:00,1,1000,10000,0.0040662288665771484,0.11312103271484375,0.1411881446838379,146.04091596603394,146.30463099479675,7,16,64,25,30,True,1000,1000,0,0,,,,,False,
64,32,127,0.05,0.2,2,1.2,3,linear_combination,posterior_aware_prange_repair,0,1435735622,2026-08-10T17:05:46.202122+00:00,1,1000,10000,0.004099845886230469,0.08320212364196777,0.14149880409240723,145.77009987831116,146.00428223609924,14,18,64,25,30,True,1000,1000,0,0,,,,,False,
64,32,127,0.05,0.2,2,1.2,3,linear_combination,posterior_aware_prange_repair,1,411207170,2026-08-10T17:08:12.211951+00:00,1,1000,10000,0.004108905792236328,0.08235692977905273,0.14175915718078613,145.62362694740295,145.85725593566895,11,19,64,25,30,True,1000,1000,0,0,,,,,False,
64,32,127,0.05,0.2,2,1.2,3,local_search,induced_sd_repair,0,1786658791,2026-08-10T17:10:38.074910+00:00,1,1000,10000,0.004036903381347656,0.08241891860961914,0.14294195175170898,131.23934817314148,131.4740390777588,7,18,64,25,30,True,1000,1000,0,0,,,,,False,
64,32,127,0.05,0.2,2,1.2,3,local_search,induced_sd_repair,1,2111838785,2026-08-10T17:12:49.554317+00:00,1,1000,10000,0.004036903381347656,0.08436918258666992,0.14217710494995117,130.73612689971924,130.97214674949646,9,22,64,25,30,True,1000,1000,0,0,,,,,False,
64,32,127,0.05,0.2,2,1.2,3,local_search,structured_sd_repair,0,1364614416,2026-08-10T17:15:00.531556+00:00,1,1000,10000,0.004067897796630859,0.08444404602050781,0.14242792129516602,131.19874477386475,131.43489599227905,10,15,64,25,30,True,1000,1000,0,0,,,,,False,
64,32,127,0.05,0.2,2,1.2,3,local_search,structured_sd_repair,1,1986808194,2026-08-10T17:17:11.972033+00:00,1,1000,10000,0.00403285026550293,0.08199000358581543,0.1479811668395996,130.82154989242554,131.0607168674469,6,18,64,25,30,True,1000,1000,0,0,,,,,False,
64,32,127,0.05,0.2,2,1.2,3,local_search,posterior_aware_prange_repair,0,91506011,2026-08-10T17:19:23.038110+00:00,1,1000,10000,0.004026174545288086,0.08206582069396973,0.14136791229248047,131.08393597602844,131.31679105758667,13,19,64,25,30,True,1000,1000,0,0,,,,,False,
64,32,127,0.05,0.2,2,1.2,3,local_search,posterior_aware_prange_repair,1,169159648,2026-08-10T17:21:34.360161+00:00,1,1000,10000,0.004050016403198242,0.08278822898864746,0.15593504905700684,130.7390639781952,130.98735404014587,14,19,64,25,30,True,1000,1000,0,0,,,,,False,
64,32,127,0.05,0.2,2,1.3,3,random,induced_sd_repair,0,497366685,2026-08-10T17:23:45.352730+00:00,1,1000,10000,0.005378007888793945,0.08560729026794434,0.142164945602417,186.86008024215698,187.0985848903656,9,19,64,25,32,True,1000,0,0,0,26.988,29,0.0,,False,
64,32,127,0.05,0.2,2,1.3,3,random,induced_sd_repair,1,1619549054,2026-08-10T17:26:52.456788+00:00,1,1000,10000,0.003981828689575195,0.08436298370361328,0.14226508140563965,189.46112084388733,189.6970751285553,11,12,64,25,32,True,1000,0,0,0,22.084,24,0.0,,False,
64,32,127,0.05,0.2,2,1.3,3,random,structured_sd_repair,0,605157984,2026-08-10T17:30:02.159116+00:00,1,1000,10000,0.0040721893310546875,0.08747291564941406,0.14225411415100098,103.85700607299805,104.09631586074829,9,20,64,25,32,True,1000,0,0,0,27.642,30,0.0,,False,
64,32,127,0.05,0.2,2,1.3,3,random,structured_sd_repair,1,189858090,2026-08-10T17:31:46.260641+00:00,1,1000,10000,0.004051923751831055,0.08273005485534668,0.14206886291503906,102.90231204032898,103.13651823997498,14,14,64,25,32,True,1000,0,0,0,26.553,29,0.0,,False,
64,32,127,0.05,0.2,2,1.3,3,random,posterior_aware_prange_repair,0,419498334,2026-08-10T17:33:29.402256+00:00,1,1000,10000,0.00402522087097168,0.08293604850769043,0.14403605461120605,205.53852796554565,205.77524399757385,12,24,64,25,32,True,1000,0,0,0,27.742,29,0.0,,False,
64,32,127,0.05,0.2,2,1.3,3,random,posterior_aware_prange_repair,1,955195463,2026-08-10T17:36:55.182927+00:00,1,1000,10000,0.0040090084075927734,0.08520984649658203,0.14227581024169922,205.03968501091003,205.276535987854,6,18,64,25,32,True,1000,0,0,0,29.756,31,0.0,,False,
64,32,127,0.05,0.2,2,1.3,3,linear_combination,induced_sd_repair,0,1271033848,2026-08-10T17:40:20.465601+00:00,1,1000,10000,0.004005908966064453,0.08524727821350098,0.14237380027770996,145.830237865448,146.0672471523285,12,13,64,25,32,True,1000,1000,0,0,,,,,False,
64,32,127,0.05,0.2,2,1.3,3,linear_combination,induced_sd_repair,1,1882254439,2026-08-10T17:42:46.538340+00:00,1,1000,10000,0.004023075103759766,0.08660507202148438,0.1441049575805664,146.0946559906006,146.33482694625854,15,17,64,25,32,True,1000,1000,0,0,,,,,False,
64,32,127,0.05,0.2,2,1.3,3,linear_combination,structured_sd_repair,0,854600502,2026-08-10T17:45:12.878638+00:00,1,1000,10000,0.004014015197753906,0.09394598007202148,0.1414809226989746,145.87638401985168,146.1211850643158,10,15,64,25,32,True,1000,1000,0,0,,,,,False,
64,32,127,0.05,0.2,2,1.3,3,linear_combination,structured_sd_repair,1,582125337,2026-08-10T17:47:39.005431+00:00,1,1000,10000,0.004127979278564453,0.08287715911865234,0.14180302619934082,145.98126912117004,146.21538305282593,12,14,64,25,32,True,1000,1000,0,0,,,,,False,
64,32,127,0.05,0.2,2,1.3,3,linear_combination,posterior_aware_prange_repair,0,1121351540,2026-08-10T17:50:05.226967+00:00,1,1000,10000,0.004045009613037109,0.08200907707214355,0.14312505722045898,145.88590812683105,146.12048530578613,7,21,64,25,32,True,1000,1000,0,0,,,,,False,
64,32,127,0.05,0.2,2,1.3,3,linear_combination,posterior_aware_prange_repair,1,1697504938,2026-08-10T17:52:31.353237+00:00,1,1000,10000,0.004049062728881836,0.0835721492767334,0.157257080078125,145.5837459564209,145.834331035614,16,20,64,25,32,True,1000,1000,0,0,,,,,False,
64,32,127,0.05,0.2,2,1.3,3,local_search,induced_sd_repair,0,934569863,2026-08-10T17:54:57.192739+00:00,1,1000,10000,0.0040760040283203125,0.08227896690368652,0.14157795906066895,131.41819095611572,131.65148186683655,13,16,64,25,32,True,1000,1000,0,0,,,,,False,
64,32,127,0.05,0.2,2,1.3,3,local_search,induced_sd_repair,1,1207588762,2026-08-10T17:57:08.849632+00:00,1,1000,10000,0.003977060317993164,0.08164381980895996,0.13979792594909668,131.09482717514038,131.32559514045715,9,22,64,25,32,True,1000,1000,0,0,,,,,False,
64,32,127,0.05,0.2,2,1.3,3,local_search,structured_sd_repair,0,1263057735,2026-08-10T17:59:20.180301+00:00,1,1000,10000,0.0040819644927978516,0.08227777481079102,0.15951991081237793,131.14205193519592,131.39304900169373,7,12,64,25,32,True,1000,998,0,0,29.0,29,0.0,,False,
64,32,127,0.05,0.2,2,1.3,3,local_search,structured_sd_repair,1,966042580,2026-08-10T18:01:31.578660+00:00,1,1000,10000,0.0040590763092041016,0.08158707618713379,0.13984179496765137,131.330796957016,131.56157898902893,8,19,64,25,32,True,1000,1000,0,0,,,,,False,
64,32,127,0.05,0.2,2,1.3,3,local_search,posterior_aware_prange_repair,0,644402613,2026-08-10T18:03:43.145675+00:00,1,1000,10000,0.004045009613037109,0.08279895782470703,0.14157414436340332,131.33376622200012,131.5674910545349,8,18,64,25,32,True,1000,1000,0,0,,,,,False,
64,32,127,0.05,0.2,2,1.3,3,local_search,posterior_aware_prange_repair,1,1484874640,2026-08-10T18:05:54.718390+00:00,1,1000,10000,0.004013776779174805,0.08542370796203613,0.14198589324951172,131.18518018722534,131.42188811302185,8,17,64,25,32,True,1000,1000,0,0,,,,,False,
64,32,127,0.05,0.2,3,1.1,3,random,induced_sd_repair,0,1789764137,2026-08-10T18:08:06.145571+00:00,1,1000,10000,0.004040956497192383,0.08631706237792969,0.14232301712036133,311.636931180954,311.8751308917999,5,27,64,25,28,True,1000,1000,0,0,,,,,False,
64,32,127,0.05,0.2,3,1.1,3,random,induced_sd_repair,1,1361613335,2026-08-10T18:13:18.026271+00:00,1,1000,10000,0.003991842269897461,0.08706903457641602,0.1536569595336914,311.2225079536438,311.47264885902405,8,21,64,25,28,True,1000,1000,0,0,,,,,False,
64,32,127,0.05,0.2,3,1.1,3,random,structured_sd_repair,0,1524419378,2026-08-10T18:18:29.504744+00:00,1,1000,10000,0.004041910171508789,0.0872812271118164,0.1485919952392578,311.02692914009094,311.27773213386536,7,18,64,25,28,True,1000,1000,0,0,,,,,False,
64,32,127,0.05,0.2,3,1.1,3,random,structured_sd_repair,1,425331246,2026-08-10T18:23:40.787759+00:00,1,1000,10000,0.004015207290649414,0.08259773254394531,0.14069199562072754,310.9771180152893,311.20973014831543,11,18,64,25,28,True,1000,1000,0,0,,,,,False,
64,32,127,0.05,0.2,3,1.1,3,random,posterior_aware_prange_repair,0,941164898,2026-08-10T18:28:52.002775+00:00,1,1000,10000,0.004069089889526367,0.08229804039001465,0.14188599586486816,311.0364279747009,311.27010107040405,10,17,64,25,28,True,1000,1000,0,0,,,,,False,
64,32,127,0.05,0.2,3,1.1,3,random,posterior_aware_prange_repair,1,435102020,2026-08-10T18:34:03.278369+00:00,1,1000,10000,0.0040247440338134766,0.08342385292053223,0.14731287956237793,310.4767692089081,310.7172329425812,9,13,64,25,28,True,1000,1000,0,0,,,,,False,
64,32,127,0.05,0.2,3,1.1,3,linear_combination,induced_sd_repair,0,710371822,2026-08-10T18:39:14.000788+00:00,1,1000,10000,0.00410914421081543,0.08317995071411133,0.14246201515197754,145.256098985672,145.49116206169128,12,17,64,25,28,True,1000,1000,0,0,,,,,False,
64,32,127,0.05,0.2,3,1.1,3,linear_combination,induced_sd_repair,1,1625944756,2026-08-10T18:41:39.497209+00:00,1,1000,10000,0.004027128219604492,0.08255410194396973,0.1406078338623047,145.43740797042847,145.6701078414917,12,22,64,25,28,True,1000,1000,0,0,,,,,False,
64,32,127,0.05,0.2,3,1.1,3,linear_combination,structured_sd_repair,0,417921815,2026-08-10T18:44:05.172471+00:00,1,1000,10000,0.0040340423583984375,0.08153486251831055,0.14256501197814941,145.70454216003418,145.93804383277893,12,17,64,25,28,True,1000,1000,0,0,,,,,False,
64,32,127,0.05,0.2,3,1.1,3,linear_combination,structured_sd_repair,1,1298293808,2026-08-10T18:46:31.115788+00:00,1,1000,10000,0.004008054733276367,0.0838630199432373,0.14046478271484375,145.2759771347046,145.5095489025116,8,15,64,25,28,True,1000,1000,0,0,,,,,False,
64,32,127,0.05,0.2,3,1.1,3,linear_combination,posterior_aware_prange_repair,0,1490135831,2026-08-10T18:48:56.631452+00:00,1,1000,10000,0.003988981246948242,0.08528518676757812,0.1410820484161377,145.60822200775146,145.84393501281738,10,20,64,25,28,True,1000,1000,0,0,,,,,False,
64,32,127,0.05,0.2,3,1.1,3,linear_combination,posterior_aware_prange_repair,1,1358573181,2026-08-10T18:51:22.480772+00:00,1,1000,10000,0.004042148590087891,0.0820319652557373,0.14039921760559082,145.3234670162201,145.55515694618225,13,12,64,25,28,True,1000,1000,0,0,,,,,False,
64,32,127,0.05,0.2,3,1.1,3,local_search,induced_sd_repair,0,52868986,2026-08-10T18:53:48.041202+00:00,1,1000,10000,0.004055976867675781,0.08585309982299805,0.14279699325561523,130.800940990448,131.03897905349731,12,16,64,25,28,True,1000,1000,0,0,,,,,False,
64,32,127,0.05,0.2,3,1.1,3,local_search,induced_sd_repair,1,1154561488,2026-08-10T18:55:59.085594+00:00,1,1000,10000,0.00406193733215332,0.0862572193145752,0.14181303977966309,130.99278616905212,131.2304790019989,11,20,64,25,28,True,1000,1000,0,0,,,,,False,
64,32,127,0.05,0.2,3,1.1,3,local_search,structured_sd_repair,0,804419218,2026-08-10T18:58:10.321549+00:00,1,1000,10000,0.004060029983520508,0.09119796752929688,0.1719350814819336,131.92198991775513,132.19514918327332,6,34,64,25,28,True,1000,1000,0,0,,,,,False,
64,32,127,0.05,0.2,3,1.1,3,local_search,structured_sd_repair,1,657049286,2026-08-10T19:00:22.522947+00:00,1,1000,10000,0.004167795181274414,0.08412528038024902,0.14363694190979004,133.8357129096985,134.0732479095459,13,19,64,25,28,True,1000,1000,0,0,,,,,False,
64,32,127,0.05,0.2,3,1.1,3,local_search,posterior_aware_prange_repair,0,1384545194,2026-08-10T19:02:36.601768+00:00,1,1000,10000,0.004051923751831055,0.08284282684326172,0.1412801742553711,132.2761538028717,132.50954413414001,5,16,64,25,28,True,1000,1000,0,0,,,,,False,
64,32,127,0.05,0.2,3,1.1,3,local_search,posterior_aware_prange_repair,1,398572740,2026-08-10T19:04:49.117443+00:00,1,1000,10000,0.004076957702636719,0.08336806297302246,0.14339900016784668,131.75840210914612,131.99458575248718,7,18,64,25,28,True,1000,1000,0,0,,,,,False,
64,32,127,0.05,0.2,3,1.2,3,random,induced_sd_repair,0,1687638314,2026-08-10T19:07:01.117672+00:00,1,1000,10000,0.004042148590087891,0.08381009101867676,0.14211678504943848,316.4699878692627,316.70530700683594,7,16,64,25,30,True,1000,972,0,0,26.0,28,0.0,,False,
64,32,127,0.05,0.2,3,1.2,3,random,induced_sd_repair,1,360785463,2026-08-10T19:12:17.829323+00:00,1,1000,10000,0.004010915756225586,0.08269810676574707,0.1427631378173828,316.8407311439514,317.07579588890076,12,20,64,25,30,True,1000,966,0,0,23.441176470588236,25,0.0,,False,
64,32,127,0.05,0.2,3,1.2,3,random,structured_sd_repair,0,1843629443,2026-08-10T19:17:34.911476+00:00,1,1000,10000,0.005393028259277344,0.08228611946105957,0.15768909454345703,494.86859011650085,495.1195487976074,14,17,64,25,30,True,1000,950,0,0,24.92,27,0.0,,False,
64,32,127,0.05,0.2,3,1.2,3,random,structured_sd_repair,1,1131127537,2026-08-10T19:25:50.038355+00:00,1,1000,10000,0.004160165786743164,0.08699798583984375,0.14191699028015137,462.14156198501587,462.3801441192627,14,14,64,25,30,True,1000,959,0,0,21.73170731707317,23,0.0,,False,
64,32,127,0.05,0.2,3,1.2,3,random,posterior_aware_prange_repair,0,1551973608,2026-08-10T19:33:32.424870+00:00,1,1000,10000,0.004058122634887695,0.08340787887573242,0.15030980110168457,318.0938620567322,318.3374660015106,11,17,64,25,30,True,1000,950,0,0,27.2,28,0.0,,False,
64,32,127,0.05,0.2,3,1.2,3,random,posterior_aware_prange_repair,1,869708871,2026-08-10T19:38:50.770358+00:00,1,1000,10000,0.004091024398803711,0.08295488357543945,0.14316606521606445,314.9429929256439,315.1789209842682,13,19,64,25,30,True,1000,944,0,0,24.910714285714285,26,0.0,,False,
64,32,127,0.05,0.2,3,1.2,3,linear_combination,induced_sd_repair,0,2035902200,2026-08-10T19:44:05.954501+00:00,1,1000,10000,0.0040569305419921875,0.08383607864379883,0.14304518699645996,149.4189419746399,149.6550350189209,8,11,64,25,30,True,1000,1000,0,0,,,,,False,
64,32,127,0.05,0.2,3,1.2,3,linear_combination,induced_sd_repair,1,2038461037,2026-08-10T19:46:35.619082+00:00,1,1000,10000,0.00415802001953125,0.08630514144897461,0.1452958583831787,146.9242959022522,147.16601514816284,7,29,64,25,30,True,1000,1000,0,0,,,,,False,
64,32,127,0.05,0.2,3,1.2,3,linear_combination,structured_sd_repair,0,781286860,2026-08-10T19:49:02.790394+00:00,1,1000,10000,0.004014730453491211,0.08235502243041992,0.14275503158569336,148.50806713104248,148.74256205558777,10,20,64,25,30,True,1000,1000,0,0,,,,,False,
64,32,127,0.05,0.2,3,1.2,3,linear_combination,structured_sd_repair,1,512700281,2026-08-10T19:51:31.538089+00:00,1,1000,10000,0.0040318965911865234,0.08322811126708984,0.14167284965515137,148.74341297149658,148.97784399986267,14,15,64,25,30,True,1000,1000,0,0,,,,,False,
64,32,127,0.05,0.2,3,1.2,3,linear_combination,posterior_aware_prange_repair,0,1642094450,2026-08-10T19:54:00.522126+00:00,1,1000,10000,0.004106998443603516,0.08233308792114258,0.14169812202453613,148.18805193901062,148.42129588127136,6,11,64,25,30,True,1000,1000,0,0,,,,,False,
64,32,127,0.05,0.2,3,1.2,3,linear_combination,posterior_aware_prange_repair,1,843651751,2026-08-10T19:56:28.950273+00:00,1,1000,10000,0.004223346710205078,0.08244776725769043,0.14340686798095703,149.42474603652954,149.66053795814514,6,23,64,25,30,True,1000,1000,0,0,,,,,False,
64,32,127,0.05,0.2,3,1.2,3,local_search,induced_sd_repair,0,76621424,2026-08-10T19:58:58.616182+00:00,1,1000,10000,0.004134178161621094,0.08702278137207031,0.14618706703186035,133.1381299495697,133.38097667694092,9,20,64,25,30,True,1000,1000,0,0,,,,,False,
64,32,127,0.05,0.2,3,1.2,3,local_search,induced_sd_repair,1,1089151539,2026-08-10T20:01:12.002663+00:00,1,1000,10000,0.004019975662231445,0.09109878540039062,0.14388775825500488,134.07355904579163,134.318101644516,10,19,64,25,30,True,1000,1000,0,0,,,,,False,
64,32,127,0.05,0.2,3,1.2,3,local_search,structured_sd_repair,0,459260183,2026-08-10T20:03:26.326206+00:00,1,1000,10000,0.004055976867675781,0.08718585968017578,0.14568114280700684,132.289048910141,132.53147530555725,7,20,64,25,30,True,1000,1000,0,0,,,,,False,
64,32,127,0.05,0.2,3,1.2,3,local_search,structured_sd_repair,1,968908167,2026-08-10T20:05:38.864310+00:00,1,1000,10000,0.004189252853393555,0.11144900321960449,0.14494085311889648,133.391695022583,133.65802097320557,11,19,64,25,30,True,1000,1000,0,0,,,,,False,
64,32,127,0.05,0.2,3,1.2,3,local_search,posterior_aware_prange_repair,0,751559251,2026-08-10T20:07:52.527654+00:00,1,1000,10000,0.0041010379791259766,0.08230900764465332,0.14411306381225586,132.16011881828308,132.39611864089966,6,22,64,25,30,True,1000,1000,0,0,,,,,False,
64,32,127,0.05,0.2,3,1.2,3,local_search,posterior_aware_prange_repair,1,539106056,2026-08-10T20:10:04.929118+00:00,1,1000,10000,0.004003763198852539,0.09956598281860352,0.14411115646362305,132.45169687271118,132.7046549320221,9,15,64,25,30,True,1000,1000,0,0,,,,,False,
64,32,127,0.05,0.2,3,1.3,3,random,induced_sd_repair,0,1729406115,2026-08-10T20:12:17.639358+00:00,1,1000,10000,0.004075050354003906,0.08823490142822266,0.14339184761047363,187.82755994796753,188.06861805915833,9,22,64,25,32,True,1000,0,0,0,26.999,29,0.0,,False,
64,32,127,0.05,0.2,3,1.3,3,random,induced_sd_repair,1,1965972985,2026-08-10T20:15:25.714301+00:00,1,1000,10000,0.00397181510925293,0.08787012100219727,0.2099628448486328,189.54178094863892,189.84967708587646,4,18,64,25,32,True,1000,0,0,0,29.753,31,0.0,,False,
64,32,127,0.05,0.2,3,1.3,3,random,structured_sd_repair,0,853344836,2026-08-10T20:18:35.569123+00:00,1,1000,10000,0.0039920806884765625,0.08301901817321777,0.14257216453552246,4412.181653022766,4412.41680431366,14,18,64,25,32,True,1000,0,0,0,25.314,27,0.0,,False,
64,32,127,0.05,0.2,3,1.3,3,random,structured_sd_repair,1,1786782659,2026-08-10T21:32:07.995245+00:00,1,1000,10000,0.004361152648925781,0.08837580680847168,0.14336633682250977,4436.26630282402,4436.50825881958,7,18,64,25,32,True,1000,0,0,0,27.983,31,0.0,,False,
64,32,127,0.05,0.2,3,1.3,3,random,posterior_aware_prange_repair,0,777732471,2026-08-10T22:46:04.510053+00:00,1,1000,10000,0.0043828487396240234,0.08408117294311523,0.1436901092529297,208.66620898246765,208.90399599075317,9,26,64,25,32,True,1000,0,0,0,25.905,28,0.0,,False,
64,32,127,0.05,0.2,3,1.3,3,random,posterior_aware_prange_repair,1,1365195150,2026-08-10T22:49:33.420353+00:00,1,1000,10000,0.0054781436920166016,0.08362007141113281,0.14434599876403809,207.65464282035828,207.89344382286072,7,14,64,25,32,True,1000,0,0,0,28.661,30,0.0,,False,
64,32,127,0.05,0.2,3,1.3,3,linear_combination,induced_sd_repair,0,646846653,2026-08-10T22:53:01.319435+00:00,1,1000,10000,0.004086017608642578,0.08393716812133789,0.14264822006225586,149.55426478385925,149.79074501991272,13,21,64,25,32,True,1000,1000,0,0,,,,,False,
64,32,127,0.05,0.2,3,1.3,3,linear_combination,induced_sd_repair,1,781814249,2026-08-10T22:55:31.115946+00:00,1,1000,10000,0.004187107086181641,0.08408403396606445,0.14320111274719238,147.73917198181152,147.97592997550964,10,11,64,25,32,True,1000,1000,0,0,,,,,False,
64,32,127,0.05,0.2,3,1.3,3,linear_combination,structured_sd_repair,0,2014675329,2026-08-10T22:57:59.097054+00:00,1,1000,10000,0.0041751861572265625,0.10055112838745117,0.1425800323486328,149.0477077960968,149.30042219161987,11,14,64,25,32,True,1000,1000,0,0,,,,,False,
64,32,127,0.05,0.2,3,1.3,3,linear_combination,structured_sd_repair,1,1872242116,2026-08-10T23:00:28.403474+00:00,1,1000,10000,0.00422978401184082,0.08352804183959961,0.14152002334594727,148.53525114059448,148.7698302268982,10,15,64,25,32,True,1000,1000,0,0,,,,,False,
64,32,127,0.05,0.2,3,1.3,3,linear_combination,posterior_aware_prange_repair,0,993640399,2026-08-10T23:02:57.178648+00:00,1,1000,10000,0.0041790008544921875,0.08656573295593262,0.14168906211853027,147.4120352268219,147.6497941017151,6,18,64,25,32,True,1000,1000,0,0,,,,,False,
64,32,127,0.05,0.2,3,1.3,3,linear_combination,posterior_aware_prange_repair,1,1064524150,2026-08-10T23:05:24.834528+00:00,1,1000,10000,0.004187107086181641,0.08770895004272461,0.15713095664978027,149.6795699596405,149.9340889453888,11,17,64,25,32,True,1000,1000,0,0,,,,,False,
64,32,127,0.05,0.2,3,1.3,3,local_search,induced_sd_repair,0,782660778,2026-08-10T23:07:54.774948+00:00,1,1000,10000,0.004155874252319336,0.09616279602050781,0.15421295166015625,133.31116199493408,133.57085299491882,4,7,64,25,32,True,1000,999,0,0,31.0,31,0.0,,False,
64,32,127,0.05,0.2,3,1.3,3,local_search,induced_sd_repair,1,1769833136,2026-08-10T23:10:08.351562+00:00,1,1000,10000,0.0042002201080322266,0.08380889892578125,0.14422607421875,134.74298691749573,134.98065495491028,6,21,64,25,32,True,1000,1000,0,0,,,,,False,
64,32,127,0.05,0.2,3,1.3,3,local_search,structured_sd_repair,0,1174546789,2026-08-10T23:12:23.340028+00:00,1,1000,10000,0.0045680999755859375,0.08513498306274414,0.14540982246398926,134.93861198425293,135.1794412136078,12,16,64,25,32,True,1000,1000,0,0,,,,,False,
64,32,127,0.05,0.2,3,1.3,3,local_search,structured_sd_repair,1,1769402611,2026-08-10T23:14:38.525538+00:00,1,1000,10000,0.004233121871948242,0.08470296859741211,0.1600940227508545,133.0360231399536,133.29063892364502,8,18,64,25,32,True,1000,1000,0,0,,,,,False,
64,32,127,0.05,0.2,3,1.3,3,local_search,posterior_aware_prange_repair,0,1575580110,2026-08-10T23:16:51.822069+00:00,1,1000,10000,0.004091978073120117,0.0838022232055664,0.1433570384979248,137.00311994552612,137.2398340702057,9,11,64,25,32,True,1000,1000,0,0,,,,,False,
64,32,127,0.05,0.2,3,1.3,3,local_search,posterior_aware_prange_repair,1,701678574,2026-08-10T23:19:09.068233+00:00,1,1000,10000,0.00422978401184082,0.08309078216552734,0.1421670913696289,134.18300199508667,134.4181661605835,16,16,64,25,32,True,1000,1000,0,0,,,,,False,
128,64,127,0.01,0.05,1,1.1,3,random,induced_sd_repair,0,2041202285,2026-08-10T23:21:23.491606+00:00,1,1000,10000,0.022578954696655273,0.28836989402770996,0.6174111366271973,606.7085061073303,607.6608300209045,87,21,128,49,54,True,1000,1000,0,0,,,,,False,
128,64,127,0.01,0.05,1,1.1,3,random,induced_sd_repair,1,1627374915,2026-08-10T23:31:31.180129+00:00,1,1000,10000,0.015537023544311523,0.31349706649780273,0.6923861503601074,601.2576248645782,602.3034698963165,73,26,128,49,54,True,1000,1000,0,0,,,,,False,
128,64,127,0.01,0.05,1,1.1,3,random,structured_sd_repair,0,1894825209,2026-08-10T23:41:33.504365+00:00,1,1000,10000,0.015304088592529297,0.33094191551208496,0.6707677841186523,604.2104017734528,605.2500839233398,96,19,128,49,54,True,1000,1000,0,0,,,,,False,
128,64,127,0.01,0.05,1,1.1,3,random,structured_sd_repair,1,682057545,2026-08-10T23:51:38.774787+00:00,1,1000,10000,0.01528620719909668,0.29389405250549316,0.6733388900756836,604.5841736793518,605.590026140213,91,31,128,49,54,True,1000,1000,0,0,,,,,False,
128,64,127,0.01,0.05,1,1.1,3,random,posterior_aware_prange_repair,0,1888061372,2026-08-11T00:01:44.386618+00:00,1,1000,10000,0.01512598991394043,0.30027294158935547,0.664222002029419,602.6093459129333,603.6112358570099,92,18,128,49,54,True,1000,1000,0,0,,,,,False,
128,64,127,0.01,0.05,1,1.1,3,random,posterior_aware_prange_repair,1,202009708,2026-08-11T00:11:48.025167+00:00,1,1000,10000,0.017143964767456055,0.3548910617828369,0.744365930557251,603.2439370155334,604.3829121589661,89,22,128,49,54,True,1000,1000,0,0,,,,,False,
128,64,127,0.01,0.05,1,1.1,3,linear_combination,induced_sd_repair,0,789163267,2026-08-11T00:21:52.438102+00:00,1,1000,10000,0.02825188636779785,0.2947671413421631,0.6118948459625244,264.52303409576416,265.48067021369934,83,18,128,49,54,True,1000,1000,0,0,,,,,False,
128,64,127,0.01,0.05,1,1.1,3,linear_combination,induced_sd_repair,1,75576256,2026-08-11T00:26:17.937937+00:00,1,1000,10000,0.015437126159667969,0.3059210777282715,0.6118929386138916,264.34261202812195,265.29838013648987,88,15,128,49,54,True,1000,1000,0,0,,,,,False,
128,64,127,0.01,0.05,1,1.1,3,linear_combination,structured_sd_repair,0,1402082599,2026-08-11T00:30:43.255394+00:00,1,1000,10000,0.015410900115966797,0.33051204681396484,0.613807201385498,264.27943897247314,265.2618169784546,98,20,128,49,54,True,1000,1000,0,0,,,,,False,
128,64,127,0.01,0.05,1,1.1,3,linear_combination,structured_sd_repair,1,1242648517,2026-08-11T00:35:08.540221+00:00,1,1000,10000,0.015987873077392578,0.34120821952819824,0.6296889781951904,263.01171803474426,264.0222542285919,97,26,128,49,54,True,1000,1000,0,0,,,,,False,
128,64,127,0.01,0.05,1,1.1,3,linear_combination,posterior_aware_prange_repair,0,1229505753,2026-08-11T00:39:32.582581+00:00,1,1000,10000,0.02566671371459961,0.2918667793273926,0.6494460105895996,263.0745930671692,264.06709814071655,85,28,128,49,54,True,1000,1000,0,0,,,,,False,
128,64,127,0.01,0.05,1,1.1,3,linear_combination,posterior_aware_prange_repair,1,565625999,2026-08-11T00:43:56.679790+00:00,1,1000,10000,0.018162965774536133,0.2880859375,0.6678130626678467,264.4457497596741,265.4453167915344,97,17,128,49,54,True,1000,1000,0,0,,,,,False,
128,64,127,0.01,0.05,1,1.1,3,local_search,induced_sd_repair,0,345850313,2026-08-11T00:48:22.154810+00:00,1,1000,10000,0.019888877868652344,0.3015611171722412,0.6453430652618408,251.06072115898132,252.04977583885193,78,22,128,49,54,True,1000,1000,0,0,,,,,False,
128,64,127,0.01,0.05,1,1.1,3,local_search,induced_sd_repair,1,158677358,2026-08-11T00:52:34.224820+00:00,1,1000,10000,0.015403032302856445,0.31711411476135254,0.6709580421447754,248.55916810035706,249.5863070487976,90,27,128,49,54,True,1000,1000,0,0,,,,,False,
128,64,127,0.01,0.05,1,1.1,3,local_search,structured_sd_repair,0,2075833426,2026-08-11T00:56:43.830376+00:00,1,1000,10000,0.015276193618774414,0.30864596366882324,0.6711530685424805,249.20581102371216,250.22328114509583,84,28,128,49,54,True,1000,1000,0,0,,,,,False,
128,64,127,0.01,0.05,1,1.1,3,local_search,structured_sd_repair,1,1199449381,2026-08-11T01:00:54.072542+00:00,1,1000,10000,0.015225887298583984,0.3095250129699707,0.6755800247192383,248.9749300479889,249.9980330467224,94,23,128,49,54,True,1000,1000,0,0,,,,,False,
128,64,127,0.01,0.05,1,1.1,3,local_search,posterior_aware_prange_repair,0,1646161677,2026-08-11T01:05:04.089988+00:00,1,1000,10000,0.01573920249938965,0.3281247615814209,0.6768062114715576,247.93923807144165,248.98244190216064,84,21,128,49,54,True,1000,1000,0,0,,,,,False,
128,64,127,0.01,0.05,1,1.1,3,local_search,posterior_aware_prange_repair,1,1544730170,2026-08-11T01:09:13.091371+00:00,1,1000,10000,0.015413999557495117,0.286959171295166,0.6213021278381348,248.08600401878357,249.0319628715515,89,17,128,49,54,True,1000,1000,0,0,,,,,False,
128,64,127,0.01,0.05,1,1.2,3,random,induced_sd_repair,0,264884851,2026-08-11T01:13:22.142591+00:00,1,1000,10000,0.015168905258178711,0.28983187675476074,0.6769568920135498,589.2270770072937,590.2331290245056,82,26,128,49,59,True,1000,1000,0,0,,,,,False,
128,64,127,0.01,0.05,1,1.2,3,random,induced_sd_repair,1,980054111,2026-08-11T01:23:12.394788+00:00,1,1000,10000,0.015326261520385742,0.30457186698913574,0.6974940299987793,591.4431521892548,592.4833998680115,105,16,128,49,59,True,1000,1000,0,0,,,,,False,
128,64,127,0.01,0.05,1,1.2,3,random,structured_sd_repair,0,1687266131,2026-08-11T01:33:04.897216+00:00,1,1000,10000,0.01522517204284668,0.290647029876709,0.6090092658996582,590.6612501144409,591.5985169410706,87,23,128,49,59,True,1000,1000,0,0,,,,,False,
128,64,127,0.01,0.05,1,1.2,3,random,structured_sd_repair,1,325675048,2026-08-11T01:42:56.514592+00:00,1,1000,10000,0.015224933624267578,0.2903468608856201,0.6666321754455566,590.3431620597839,591.3381991386414,80,23,128,49,59,True,1000,998,0,0,20.0,20,0.0,,False,
128,64,127,0.01,0.05,1,1.2,3,random,posterior_aware_prange_repair,0,1234775216,2026-08-11T01:52:47.871759+00:00,1,1000,10000,0.015053033828735352,0.31504201889038086,0.6088581085205078,590.5192520618439,591.4799602031708,83,21,128,49,59,True,1000,1000,0,0,,,,,False,
128,64,127,0.01,0.05,1,1.2,3,random,posterior_aware_prange_repair,1,1006177942,2026-08-11T02:02:39.370738+00:00,1,1000,10000,0.015091896057128906,0.28947925567626953,0.6633498668670654,592.8291280269623,593.8202338218689,88,20,128,49,59,True,1000,1000,0,0,,,,,False,
128,64,127,0.01,0.05,1,1.2,3,linear_combination,induced_sd_repair,0,1525122661,2026-08-11T02:12:33.215724+00:00,1,1000,10000,0.015107154846191406,0.28946709632873535,0.6110548973083496,261.4406690597534,262.37907099723816,89,31,128,49,59,True,1000,1000,0,0,,,,,False,
128,64,127,0.01,0.05,1,1.2,3,linear_combination,induced_sd_repair,1,1279186704,2026-08-11T02:16:55.613708+00:00,1,1000,10000,0.01544189453125,0.31508803367614746,0.686394214630127,261.5291862487793,262.5693418979645,112,16,128,49,59,True,1000,1000,0,0,,,,,False,
128,64,127,0.01,0.05,1,1.2,3,linear_combination,structured_sd_repair,0,1423156154,2026-08-11T02:21:18.202163+00:00,1,1000,10000,0.015352964401245117,0.30193185806274414,0.682236909866333,262.18705797195435,263.20894742012024,98,19,128,49,59,True,1000,1000,0,0,,,,,False,
128,64,127,0.01,0.05,1,1.2,3,linear_combination,structured_sd_repair,1,1278404337,2026-08-11T02:25:41.429941+00:00,1,1000,10000,0.015382051467895508,0.30167508125305176,0.6104938983917236,261.8885781764984,262.8388321399689,86,30,128,49,59,True,1000,1000,0,0,,,,,False,
128,64,127,0.01,0.05,1,1.2,3,linear_combination,posterior_aware_prange_repair,0,2077618679,2026-08-11T02:30:04.287686+00:00,1,1000,10000,0.01539301872253418,0.3032572269439697,0.670706033706665,261.8883922100067,262.899906873703,83,20,128,49,59,True,1000,1000,0,0,,,,,False,
128,64,127,0.01,0.05,1,1.2,3,linear_combination,posterior_aware_prange_repair,1,681386671,2026-08-11T02:34:27.206762+00:00,1,1000,10000,0.015187978744506836,0.3316810131072998,0.6673259735107422,265.97745299339294,267.0138192176819,92,15,128,49,59,True,1000,1000,0,0,,,,,False,
128,64,127,0.01,0.05,1,1.2,3,local_search,induced_sd_repair,0,1277671531,2026-08-11T02:38:54.243500+00:00,1,1000,10000,0.01526784896850586,0.3023402690887451,0.6777389049530029,250.0342309474945,251.0542049407959,97,12,128,49,59,True,1000,1000,0,0,,,,,False,
128,64,127,0.01,0.05,1,1.2,3,local_search,induced_sd_repair,1,1908199450,2026-08-11T02:43:05.316968+00:00,1,1000,10000,0.015438079833984375,0.28962206840515137,0.6882948875427246,251.07202410697937,252.08745098114014,90,24,128,49,59,True,1000,1000,0,0,,,,,False,
128,64,127,0.01,0.05,1,1.2,3,local_search,structured_sd_repair,0,12341835,2026-08-11T02:47:17.426650+00:00,1,1000,10000,0.015139102935791016,0.3157200813293457,0.6978092193603516,249.06499814987183,250.11620497703552,98,18,128,49,59,True,1000,1000,0,0,,,,,False,
128,64,127,0.01,0.05,1,1.2,3,local_search,structured_sd_repair,1,1635035124,2026-08-11T02:51:27.562395+00:00,1,1000,10000,0.015269994735717773,0.29053783416748047,0.6787581443786621,248.57656002044678,249.58400797843933,82,22,128,49,59,True,1000,1000,0,0,,,,,False,
128,64,127,0.01,0.05,1,1.2,3,local_search,posterior_aware_prange_repair,0,849199712,2026-08-11T02:55:37.165665+00:00,1,1000,10000,0.015064716339111328,0.2823760509490967,0.6141760349273682,248.23842692375183,249.17177414894104,85,18,128,49,59,True,1000,1000,0,0,,,,,False,
128,64,127,0.01,0.05,1,1.2,3,local_search,posterior_aware_prange_repair,1,1745811397,2026-08-11T02:59:46.356108+00:00,1,1000,10000,0.015168190002441406,0.282606840133667,0.653634786605835,248.18232679367065,249.15611600875854,87,27,128,49,59,True,1000,1000,0,0,,,,,False,
128,64,127,0.01,0.05,1,1.3,3,random,induced_sd_repair,0,887041688,2026-08-11T03:03:55.530806+00:00,1,1000,10000,0.015105962753295898,0.32654809951782227,0.6348719596862793,508.1012680530548,509.10764503479004,85,24,128,49,64,True,1000,0,0,0,22.169,24,0.0,,False,
128,64,127,0.01,0.05,1,1.3,3,random,induced_sd_repair,1,315093676,2026-08-11T03:12:24.657146+00:00,1,1000,10000,0.01487421989440918,0.2850370407104492,0.5997800827026367,508.67164516448975,509.5927588939667,84,17,128,49,64,True,1000,0,0,0,20.1,23,0.0,,False,
128,64,127,0.01,0.05,1,1.3,3,random,structured_sd_repair,0,1689823417,2026-08-11T03:20:54.269183+00:00,1,1000,10000,0.014918804168701172,0.29068803787231445,0.6607728004455566,24.593842029571533,25.58241605758667,89,27,128,49,64,True,1000,0,0,0,23.787,26,0.0,,False,
128,64,127,0.01,0.05,1,1.3,3,random,structured_sd_repair,1,842814419,2026-08-11T03:21:19.870208+00:00,1,1000,10000,0.01509714126586914,0.28626513481140137,0.603935956954956,21.457117795944214,22.384475231170654,90,22,128,49,64,True,1000,0,0,0,17.911,20,0.0,,False,
128,64,127,0.01,0.05,1,1.3,3,random,posterior_aware_prange_repair,0,1999987653,2026-08-11T03:21:42.273292+00:00,1,1000,10000,0.015110015869140625,0.28723621368408203,0.6044800281524658,553.802886724472,554.7313420772552,89,20,128,49,64,True,1000,0,0,0,17.209,19,0.0,,False,
128,64,127,0.01,0.05,1,1.3,3,random,posterior_aware_prange_repair,1,1143362085,2026-08-11T03:30:57.023957+00:00,1,1000,10000,0.014946937561035156,0.28847694396972656,0.6049880981445312,551.4418199062347,552.3729631900787,96,25,128,49,64,True,1000,0,0,0,14.908,17,0.0,,False,
128,64,127,0.01,0.05,1,1.3,3,linear_combination,induced_sd_repair,0,1453609559,2026-08-11T03:40:09.415663+00:00,1,1000,10000,0.015056133270263672,0.31452488899230957,0.6032230854034424,261.91905999183655,262.8733699321747,83,17,128,49,64,True,1000,1000,0,0,,,,,False,
128,64,127,0.01,0.05,1,1.3,3,linear_combination,induced_sd_repair,1,1522826919,2026-08-11T03:44:32.307920+00:00,1,1000,10000,0.015103816986083984,0.283128023147583,0.6118202209472656,262.0226249694824,262.9541869163513,83,22,128,49,64,True,1000,1000,0,0,,,,,False,
128,64,127,0.01,0.05,1,1.3,3,linear_combination,structured_sd_repair,0,1270342127,2026-08-11T03:48:55.282310+00:00,1,1000,10000,0.015300989151000977,0.2874279022216797,0.6073920726776123,261.2286238670349,262.1605749130249,84,20,128,49,64,True,1000,1000,0,0,,,,,False,
128,64,127,0.01,0.05,1,1.3,3,linear_combination,structured_sd_repair,1,1390591599,2026-08-11T03:53:17.462046+00:00,1,1000,10000,0.014965057373046875,0.31152796745300293,0.60555100440979,268.28230118751526,269.2370719909668,86,28,128,49,64,True,1000,1000,0,0,,,,,False,
128,64,127,0.01,0.05,1,1.3,3,linear_combination,posterior_aware_prange_repair,0,1950329878,2026-08-11T03:57:46.720865+00:00,1,1000,10000,0.015997886657714844,0.32074975967407227,0.8188250064849854,283.2839369773865,284.4685068130493,85,26,128,49,64,True,1000,1000,0,0,,,,,False,
128,64,127,0.01,0.05,1,1.3,3,linear_combination,posterior_aware_prange_repair,1,1840929684,2026-08-11T04:02:31.210949+00:00,1,1000,10000,0.016230106353759766,0.30547118186950684,0.6653540134429932,283.19833302497864,284.21018409729004,87,21,128,49,64,True,1000,1000,0,0,,,,,False,
128,64,127,0.01,0.05,1,1.3,3,local_search,induced_sd_repair,0,1646140827,2026-08-11T04:07:15.442411+00:00,1,1000,10000,0.016014814376831055,0.3215620517730713,0.8113319873809814,269.9625070095062,271.1405379772186,93,22,128,49,64,True,1000,1000,0,0,,,,,False,
128,64,127,0.01,0.05,1,1.3,3,local_search,induced_sd_repair,1,1612907997,2026-08-11T04:11:46.604589+00:00,1,1000,10000,0.01618194580078125,0.31572413444519043,0.6488997936248779,1129.636743068695,1130.641625881195,87,23,128,49,64,True,1000,1000,0,0,,,,,False,
128,64,127,0.01,0.05,1,1.3,3,local_search,structured_sd_repair,0,69443734,2026-08-11T04:30:37.341600+00:00,1,1000,10000,0.02473616600036621,0.30960607528686523,0.7597360610961914,280.6355490684509,281.7686278820038,81,28,128,49,64,True,1000,1000,0,0,,,,,False,
128,64,127,0.01,0.05,1,1.3,3,local_search,structured_sd_repair,1,873000568,2026-08-11T04:35:19.130701+00:00,1,1000,10000,0.017068862915039062,0.36687517166137695,0.9214169979095459,279.122633934021,280.4626359939575,100,21,128,49,64,True,1000,1000,0,0,,,,,False,
128,64,127,0.01,0.05,1,1.3,3,local_search,posterior_aware_prange_repair,0,1749558806,2026-08-11T04:39:59.613869+00:00,1,1000,10000,0.015821218490600586,0.310945987701416,0.6803872585296631,250.93246698379517,251.96210193634033,89,18,128,49,64,True,1000,1000,0,0,,,,,False,
128,64,127,0.01,0.05,1,1.3,3,local_search,posterior_aware_prange_repair,1,1403973445,2026-08-11T04:44:11.595385+00:00,1,1000,10000,0.015345096588134766,0.2999691963195801,0.6092641353607178,251.88477396965027,252.8317449092865,103,20,128,49,64,True,1000,1000,0,0,,,,,False,
128,64,127,0.01,0.05,2,1.1,3,random,induced_sd_repair,0,1332969958,2026-08-11T04:48:24.447685+00:00,1,1000,10000,0.015153169631958008,0.28926825523376465,0.6572637557983398,601.6271207332611,602.6111810207367,87,16,128,49,54,True,1000,1000,0,0,,,,,False,
128,64,127,0.01,0.05,2,1.1,3,random,induced_sd_repair,1,2131160645,2026-08-11T04:58:27.077873+00:00,1,1000,10000,0.015407085418701172,0.31595683097839355,0.6818311214447021,601.5263779163361,602.5616879463196,77,23,128,49,54,True,1000,1000,0,0,,,,,False,
128,64,127,0.01,0.05,2,1.1,3,random,structured_sd_repair,0,2071877623,2026-08-11T05:08:29.658661+00:00,1,1000,10000,0.015316963195800781,0.2900867462158203,0.6197819709777832,589.8315122127533,590.7788858413696,87,22,128,49,54,True,1000,1000,0,0,,,,,False,
128,64,127,0.01,0.05,2,1.1,3,random,structured_sd_repair,1,384344254,2026-08-11T05:18:20.457700+00:00,1,1000,10000,0.015173912048339844,0.2939488887786865,0.6758949756622314,595.932131767273,596.9399080276489,92,22,128,49,54,True,1000,1000,0,0,,,,,False,
128,64,127,0.01,0.05,2,1.1,3,random,posterior_aware_prange_repair,0,1711678717,2026-08-11T05:28:17.416761+00:00,1,1000,10000,0.01544499397277832,0.30167579650878906,0.7049281597137451,592.5924067497253,593.6370038986206,83,23,128,49,54,True,1000,1000,0,0,,,,,False,
128,64,127,0.01,0.05,2,1.1,3,random,posterior_aware_prange_repair,1,1071636649,2026-08-11T05:38:11.073141+00:00,1,1000,10000,0.015281915664672852,0.3022458553314209,0.6081578731536865,592.8228869438171,593.7719569206238,97,15,128,49,54,True,1000,1000,0,0,,,,,False,
128,64,127,0.01,0.05,2,1.1,3,linear_combination,induced_sd_repair,0,1011159586,2026-08-11T05:48:04.876426+00:00,1,1000,10000,0.015904664993286133,0.29356980323791504,0.6746900081634521,261.1183180809021,262.12497115135193,86,21,128,49,54,True,1000,1000,0,0,,,,,False,
128,64,127,0.01,0.05,2,1.1,3,linear_combination,induced_sd_repair,1,1644118729,2026-08-11T05:52:27.021200+00:00,1,1000,10000,0.015490055084228516,0.29994702339172363,0.6165828704833984,261.35213327407837,262.3059461116791,80,24,128,49,54,True,1000,1000,0,0,,,,,False,
128,64,127,0.01,0.05,2,1.1,3,linear_combination,structured_sd_repair,0,573255539,2026-08-11T05:56:49.347980+00:00,1,1000,10000,0.015156984329223633,0.31611108779907227,0.6756479740142822,261.37477803230286,262.40475392341614,83,24,128,49,54,True,1000,1000,0,0,,,,,False,
128,64,127,0.01,0.05,2,1.1,3,linear_combination,structured_sd_repair,1,902525712,2026-08-11T06:01:11.773392+00:00,1,1000,10000,0.015250205993652344,0.3031039237976074,0.6788971424102783,261.3828568458557,262.4023609161377,80,23,128,49,54,True,1000,1000,0,0,,,,,False,
128,64,127,0.01,0.05,2,1.1,3,linear_combination,posterior_aware_prange_repair,0,1063617703,2026-08-11T06:05:34.195737+00:00,1,1000,10000,0.015173196792602539,0.30378103256225586,0.6731612682342529,261.3779821395874,262.392972946167,95,25,128,49,54,True,1000,1000,0,0,,,,,False,
128,64,127,0.01,0.05,2,1.1,3,linear_combination,posterior_aware_prange_repair,1,2140916458,2026-08-11T06:09:56.608627+00:00,1,1000,10000,0.015253067016601562,0.3153419494628906,0.6901969909667969,261.25848603248596,262.30203104019165,94,18,128,49,54,True,1000,1000,0,0,,,,,False,
128,64,127,0.01,0.05,2,1.1,3,local_search,induced_sd_repair,0,61138234,2026-08-11T06:14:18.931658+00:00,1,1000,10000,0.015101909637451172,0.30568575859069824,0.6823601722717285,248.78532099723816,249.81048011779785,80,24,128,49,54,True,1000,1000,0,0,,,,,False,
128,64,127,0.01,0.05,2,1.1,3,local_search,induced_sd_repair,1,1528925677,2026-08-11T06:18:28.763639+00:00,1,1000,10000,0.015224933624267578,0.28832578659057617,0.6244800090789795,248.56557989120483,249.51640701293945,85,23,128,49,54,True,1000,1000,0,0,,,,,False,
128,64,127,0.01,0.05,2,1.1,3,local_search,structured_sd_repair,0,1547183363,2026-08-11T06:22:38.300653+00:00,1,1000,10000,0.01514887809753418,0.2905750274658203,0.6945741176605225,247.4288420677185,248.45156812667847,87,23,128,49,54,True,1000,1000,0,0,,,,,False,
128,64,127,0.01,0.05,2,1.1,3,local_search,structured_sd_repair,1,755741537,2026-08-11T06:26:46.770609+00:00,1,1000,10000,0.01512908935546875,0.317518949508667,0.6572649478912354,247.6476788520813,248.65937995910645,84,20,128,49,54,True,1000,1000,0,0,,,,,False,
128,64,127,0.01,0.05,2,1.1,3,local_search,posterior_aware_prange_repair,0,268674907,2026-08-11T06:30:55.449130+00:00,1,1000,10000,0.015287160873413086,0.29016900062561035,0.6243441104888916,248.30898523330688,249.26074814796448,76,25,128,49,54,True,1000,1000,0,0,,,,,False,
128,64,127,0.01,0.05,2,1.1,3,local_search,posterior_aware_prange_repair,1,2145101193,2026-08-11T06:35:04.728895+00:00,1,1000,10000,0.015215873718261719,0.2993500232696533,0.6691052913665771,247.3485550880432,248.3562150001526,85,23,128,49,54,True,1000,1000,0,0,,,,,False,
128,64,127,0.01,0.05,2,1.2,3,random,induced_sd_repair,0,330518631,2026-08-11T06:39:13.106391+00:00,1,1000,10000,0.015256881713867188,0.30230116844177246,0.6979882717132568,590.4124941825867,591.4509570598602,94,24,128,49,59,True,1000,1000,0,0,,,,,False,
128,64,127,0.01,0.05,2,1.2,3,random,induced_sd_repair,1,91617207,2026-08-11T06:49:04.577423+00:00,1,1000,10000,0.015032052993774414,0.29936790466308594,0.6703059673309326,591.1209511756897,592.1337988376617,91,22,128,49,59,True,1000,1000,0,0,,,,,False,
128,64,127,0.01,0.05,2,1.2,3,random,structured_sd_repair,0,2045916349,2026-08-11T06:58:56.731188+00:00,1,1000,10000,0.015321731567382812,0.3022000789642334,0.6736040115356445,589.6296031475067,590.6439490318298,96,22,128,49,59,True,1000,1000,0,0,,,,,False,
128,64,127,0.01,0.05,2,1.2,3,random,structured_sd_repair,1,2102006292,2026-08-11T07:08:47.394046+00:00,1,1000,10000,0.01518392562866211,0.30335283279418945,0.6762998104095459,589.3687889575958,590.3857641220093,73,34,128,49,59,True,1000,1000,0,0,,,,,False,
128,64,127,0.01,0.05,2,1.2,3,random,posterior_aware_prange_repair,0,1130004935,2026-08-11T07:18:37.799482+00:00,1,1000,10000,0.015279293060302734,0.3285682201385498,0.6773366928100586,590.0277528762817,591.0720009803772,93,22,128,49,59,True,1000,1000,0,0,,,,,False,
128,64,127,0.01,0.05,2,1.2,3,random,posterior_aware_prange_repair,1,1683501534,2026-08-11T07:28:28.892778+00:00,1,1000,10000,0.015192985534667969,0.3058900833129883,0.6064310073852539,590.2790558338165,591.228756904602,93,23,128,49,59,True,1000,1000,0,0,,,,,False,
128,64,127,0.01,0.05,2,1.2,3,linear_combination,induced_sd_repair,0,1095177972,2026-08-11T07:38:20.142849+00:00,1,1000,10000,0.015146017074584961,0.3020339012145996,0.6760959625244141,261.35563373565674,262.3719160556793,93,19,128,49,59,True,1000,1000,0,0,,,,,False,
128,64,127,0.01,0.05,2,1.2,3,linear_combination,induced_sd_repair,1,2108723834,2026-08-11T07:42:42.537459+00:00,1,1000,10000,0.015539884567260742,0.31270718574523926,0.6979591846466064,261.04076170921326,262.0896019935608,91,26,128,49,59,True,1000,1000,0,0,,,,,False,
128,64,127,0.01,0.05,2,1.2,3,linear_combination,structured_sd_repair,0,1553060865,2026-08-11T07:47:04.646044+00:00,1,1000,10000,0.015184879302978516,0.30367207527160645,0.6836998462677002,261.55853605270386,262.5831649303436,93,20,128,49,59,True,1000,1000,0,0,,,,,False,
128,64,127,0.01,0.05,2,1.2,3,linear_combination,structured_sd_repair,1,132827826,2026-08-11T07:51:27.248292+00:00,1,1000,10000,0.015167951583862305,0.30124902725219727,0.673516035079956,261.2813377380371,262.293781042099,100,14,128,49,59,True,1000,1000,0,0,,,,,False,
128,64,127,0.01,0.05,2,1.2,3,linear_combination,posterior_aware_prange_repair,0,1308692928,2026-08-11T07:55:49.562203+00:00,1,1000,10000,0.01538705825805664,0.3064289093017578,0.6813502311706543,261.7179961204529,262.74310517311096,87,18,128,49,59,True,1000,1000,0,0,,,,,False,
128,64,127,0.01,0.05,2,1.2,3,linear_combination,posterior_aware_prange_repair,1,1377165790,2026-08-11T08:00:12.324436+00:00,1,1000,10000,0.015901803970336914,0.32989001274108887,0.6716771125793457,261.4721748828888,262.51189494132996,82,24,128,49,59,True,1000,1000,0,0,,,,,False,
128,64,127,0.01,0.05,2,1.2,3,local_search,induced_sd_repair,0,104511881,2026-08-11T08:04:34.855670+00:00,1,1000,10000,0.015180826187133789,0.30495405197143555,0.6699802875518799,247.88438510894775,248.89723682403564,91,24,128,49,59,True,1000,1000,0,0,,,,,False,
128,64,127,0.01,0.05,2,1.2,3,local_search,induced_sd_repair,1,1350013177,2026-08-11T08:08:43.772371+00:00,1,1000,10000,0.015177011489868164,0.28899383544921875,0.6701362133026123,247.98114681243896,248.99753522872925,84,26,128,49,59,True,1000,1000,0,0,,,,,False,
128,64,127,0.01,0.05,2,1.2,3,local_search,structured_sd_repair,0,1202106614,2026-08-11T08:12:52.789107+00:00,1,1000,10000,0.016245126724243164,0.3099358081817627,0.7040131092071533,248.11204719543457,249.1646602153778,93,20,128,49,59,True,1000,1000,0,0,,,,,False,
128,64,127,0.01,0.05,2,1.2,3,local_search,structured_sd_repair,1,1790994912,2026-08-11T08:17:01.972641+00:00,1,1000,10000,0.015153884887695312,0.2865588665008545,0.6622419357299805,248.0624601840973,249.04956483840942,95,17,128,49,59,True,1000,1000,0,0,,,,,False,
128,64,127,0.01,0.05,2,1.2,3,local_search,posterior_aware_prange_repair,0,1535553847,2026-08-11T08:21:11.043300+00:00,1,1000,10000,0.015240192413330078,0.2890458106994629,0.6414861679077148,248.5883719921112,249.5689890384674,92,25,128,49,59,True,1000,1000,0,0,,,,,False,
128,64,127,0.01,0.05,2,1.2,3,local_search,posterior_aware_prange_repair,1,1940989024,2026-08-11T08:25:20.632343+00:00,1,1000,10000,0.015330076217651367,0.2885301113128662,0.6814990043640137,248.27706718444824,249.28622007369995,84,28,128,49,59,True,1000,1000,0,0,,,,,False,
128,64,127,0.01,0.05,2,1.3,3,random,induced_sd_repair,0,853676930,2026-08-11T08:29:29.937430+00:00,1,1000,10000,0.015268802642822266,0.31589293479919434,0.618602991104126,508.0114450454712,508.9838809967041,82,21,128,49,64,True,1000,0,0,0,30.594,33,0.0,,False,
128,64,127,0.01,0.05,2,1.3,3,random,induced_sd_repair,1,2108172180,2026-08-11T08:37:58.940533+00:00,1,1000,10000,0.01517796516418457,0.28940892219543457,0.6766829490661621,508.1565990447998,509.1607220172882,84,21,128,49,64,True,1000,0,0,0,23.798,26,0.0,,False,
128,64,127,0.01,0.05,2,1.3,3,random,structured_sd_repair,0,1763955739,2026-08-11T08:46:28.120384+00:00,1,1000,10000,0.015246868133544922,0.28906822204589844,0.6672399044036865,777.4611821174622,778.456573009491,87,20,128,49,64,True,1000,0,0,0,14.087,17,0.0,,False,
128,64,127,0.01,0.05,2,1.3,3,random,structured_sd_repair,1,1229844665,2026-08-11T08:59:26.595669+00:00,1,1000,10000,0.015195846557617188,0.3025970458984375,0.6585826873779297,781.3140938282013,782.3137881755829,89,16,128,49,64,True,1000,0,0,0,20.926,23,0.0,,False,
128,64,127,0.01,0.05,2,1.3,3,random,posterior_aware_prange_repair,0,2091387033,2026-08-11T09:12:28.928707+00:00,1,1000,10000,0.015250205993652344,0.30211305618286133,0.6698682308197021,553.9505541324615,554.9604179859161,91,23,128,49,64,True,1000,0,0,0,16.297,19,0.0,,False,
128,64,127,0.01,0.05,2,1.3,3,random,posterior_aware_prange_repair,1,843557708,2026-08-11T09:21:43.908218+00:00,1,1000,10000,0.01516103744506836,0.30321598052978516,0.6851940155029297,554.9257481098175,555.9516451358795,84,24,128,49,64,True,1000,0,0,0,25.713,28,0.0,,False,
128,64,127,0.01,0.05,2,1.3,3,linear_combination,induced_sd_repair,0,1981248249,2026-08-11T09:30:59.878761+00:00,1,1000,10000,0.015134811401367188,0.2889280319213867,0.6239850521087646,260.40688729286194,261.3571410179138,95,17,128,49,64,True,1000,1000,0,0,,,,,False,
128,64,127,0.01,0.05,2,1.3,3,linear_combination,induced_sd_repair,1,642555444,2026-08-11T09:35:21.254893+00:00,1,1000,10000,0.015027999877929688,0.2846088409423828,0.6982028484344482,260.5889570713043,261.60963773727417,86,27,128,49,64,True,1000,1000,0,0,,,,,False,
128,64,127,0.01,0.05,2,1.3,3,linear_combination,structured_sd_repair,0,352623539,2026-08-11T09:39:42.883516+00:00,1,1000,10000,0.015363216400146484,0.30246901512145996,0.6885087490081787,261.82056498527527,262.8502252101898,94,22,128,49,64,True,1000,1000,0,0,,,,,False,
128,64,127,0.01,0.05,2,1.3,3,linear_combination,structured_sd_repair,1,1459461055,2026-08-11T09:44:05.752698+00:00,1,1000,10000,0.015162944793701172,0.3087289333343506,0.7060120105743408,261.6165189743042,262.6691589355469,84,29,128,49,64,True,1000,1000,0,0,,,,,False,
128,64,127,0.01,0.05,2,1.3,3,linear_combination,posterior_aware_prange_repair,0,1062775007,2026-08-11T09:48:28.440863+00:00,1,1000,10000,0.015156030654907227,0.28908300399780273,0.6740291118621826,261.0412631034851,262.0422270298004,88,21,128,49,64,True,1000,1000,0,0,,,,,False,
128,64,127,0.01,0.05,2,1.3,3,linear_combination,posterior_aware_prange_repair,1,631937476,2026-08-11T09:52:50.501965+00:00,1,1000,10000,0.015111923217773438,0.2881810665130615,0.6091859340667725,261.52727794647217,262.46215987205505,93,22,128,49,64,True,1000,1000,0,0,,,,,False,
128,64,127,0.01,0.05,2,1.3,3,local_search,induced_sd_repair,0,1842586387,2026-08-11T09:57:12.983247+00:00,1,1000,10000,0.015313148498535156,0.2918727397918701,0.6829488277435303,248.4772698879242,249.49053716659546,92,16,128,49,64,True,1000,1000,0,0,,,,,False,
128,64,127,0.01,0.05,2,1.3,3,local_search,induced_sd_repair,1,1403911295,2026-08-11T10:01:22.492996+00:00,1,1000,10000,0.015028238296508789,0.3194739818572998,0.6293759346008301,248.39556574821472,249.38436579704285,95,29,128,49,64,True,1000,1000,0,0,,,,,False,
128,64,127,0.01,0.05,2,1.3,3,local_search,structured_sd_repair,0,1217158835,2026-08-11T10:05:31.898598+00:00,1,1000,10000,0.015443801879882812,0.2905898094177246,0.6385979652404785,248.2112331390381,249.17918729782104,96,22,128,49,64,True,1000,1000,0,0,,,,,False,
128,64,127,0.01,0.05,2,1.3,3,local_search,structured_sd_repair,1,438810676,2026-08-11T10:09:41.097311+00:00,1,1000,10000,0.01523590087890625,0.29216814041137695,0.6824188232421875,248.20963096618652,249.2220060825348,94,25,128,49,64,True,1000,1000,0,0,,,,,False,
128,64,127,0.01,0.05,2,1.3,3,local_search,posterior_aware_prange_repair,0,833361995,2026-08-11T10:13:50.340222+00:00,1,1000,10000,0.0151519775390625,0.2966439723968506,0.6268973350524902,248.41719579696655,249.37789106369019,82,19,128,49,64,True,1000,1000,0,0,,,,,False,
128,64,127,0.01,0.05,2,1.3,3,local_search,posterior_aware_prange_repair,1,1325713842,2026-08-11T10:17:59.737960+00:00,1,1000,10000,0.01510000228881836,0.31407904624938965,0.6709399223327637,248.64439392089844,249.66707015037537,97,17,128,49,64,True,1000,1000,0,0,,,,,False,
128,64,127,0.01,0.05,3,1.1,3,random,induced_sd_repair,0,1654103666,2026-08-11T10:22:09.424288+00:00,1,1000,10000,0.015233755111694336,0.2896239757537842,0.6614372730255127,590.0414731502533,591.031396150589,79,33,128,49,54,True,1000,1000,0,0,,,,,False,
128,64,127,0.01,0.05,3,1.1,3,random,induced_sd_repair,1,2083145420,2026-08-11T10:32:00.475257+00:00,1,1000,10000,0.015185356140136719,0.3048591613769531,0.6979808807373047,591.0266082286835,592.0665168762207,86,21,128,49,54,True,1000,1000,0,0,,,,,False,
128,64,127,0.01,0.05,3,1.1,3,random,structured_sd_repair,0,1648658755,2026-08-11T10:41:52.561110+00:00,1,1000,10000,0.015084981918334961,0.30692291259765625,0.6749351024627686,592.2944688796997,593.3147768974304,78,22,128,49,54,True,1000,1000,0,0,,,,,False,
128,64,127,0.01,0.05,3,1.1,3,random,structured_sd_repair,1,617214037,2026-08-11T10:51:45.894915+00:00,1,1000,10000,0.015311002731323242,0.3309187889099121,0.6755871772766113,590.2020311355591,591.246561050415,94,22,128,49,54,True,1000,1000,0,0,,,,,False,
128,64,127,0.01,0.05,3,1.1,3,random,posterior_aware_prange_repair,0,1637280599,2026-08-11T11:01:37.161053+00:00,1,1000,10000,0.015303850173950195,0.3016970157623291,0.6791198253631592,593.0660049915314,594.0850620269775,87,29,128,49,54,True,1000,1000,0,0,,,,,False,
128,64,127,0.01,0.05,3,1.1,3,random,posterior_aware_prange_repair,1,237575017,2026-08-11T11:11:31.265287+00:00,1,1000,10000,0.01513814926147461,0.3047001361846924,0.6692278385162354,593.0207979679108,594.0328760147095,91,23,128,49,54,True,1000,1000,0,0,,,,,False,
128,64,127,0.01,0.05,3,1.1,3,linear_combination,induced_sd_repair,0,900282941,2026-08-11T11:21:25.317223+00:00,1,1000,10000,0.01532292366027832,0.3302731513977051,0.6814651489257812,261.61188411712646,262.6609718799591,85,15,128,49,54,True,1000,1000,0,0,,,,,False,
128,64,127,0.01,0.05,3,1.1,3,linear_combination,induced_sd_repair,1,331756945,2026-08-11T11:25:47.997250+00:00,1,1000,10000,0.015386104583740234,0.29013586044311523,0.6856451034545898,261.0715591907501,262.0856010913849,89,28,128,49,54,True,1000,1000,0,0,,,,,False,
128,64,127,0.01,0.05,3,1.1,3,linear_combination,structured_sd_repair,0,1472995792,2026-08-11T11:30:10.102117+00:00,1,1000,10000,0.015091896057128906,0.29100894927978516,0.6836800575256348,261.5904083251953,262.6064908504486,104,16,128,49,54,True,1000,1000,0,0,,,,,False,
128,64,127,0.01,0.05,3,1.1,3,linear_combination,structured_sd_repair,1,1035711174,2026-08-11T11:34:32.727743+00:00,1,1000,10000,0.015195131301879883,0.30080199241638184,0.6817290782928467,262.1184358596802,263.1388669013977,94,24,128,49,54,True,1000,1000,0,0,,,,,False,
128,64,127,0.01,0.05,3,1.1,3,linear_combination,posterior_aware_prange_repair,0,1971725966,2026-08-11T11:38:55.885629+00:00,1,1000,10000,0.01690506935119629,0.30450010299682617,0.6851389408111572,261.62753891944885,262.6570601463318,94,23,128,49,54,True,1000,1000,0,0,,,,,False,
128,64,127,0.01,0.05,3,1.1,3,linear_combination,posterior_aware_prange_repair,1,2044939876,2026-08-11T11:43:18.561728+00:00,1,1000,10000,0.015197038650512695,0.29192113876342773,0.6876192092895508,260.4420952796936,261.4593460559845,91,19,128,49,54,True,1000,1000,0,0,,,,,False,
128,64,127,0.01,0.05,3,1.1,3,local_search,induced_sd_repair,0,2039552732,2026-08-11T11:47:40.040389+00:00,1,1000,10000,0.015329122543334961,0.298565149307251,0.6619110107421875,248.2158498764038,249.21611189842224,82,36,128,49,54,True,1000,1000,0,0,,,,,False,
128,64,127,0.01,0.05,3,1.1,3,local_search,induced_sd_repair,1,848066295,2026-08-11T11:51:49.275426+00:00,1,1000,10000,0.015293121337890625,0.3168830871582031,0.6796548366546631,248.47172498703003,249.50613713264465,88,28,128,49,54,True,1000,1000,0,0,,,,,False,
128,64,127,0.01,0.05,3,1.1,3,local_search,structured_sd_repair,0,1626647401,2026-08-11T11:55:58.800564+00:00,1,1000,10000,0.01531076431274414,0.28949499130249023,0.675029993057251,248.24016094207764,249.2428960800171,98,25,128,49,54,True,1000,1000,0,0,,,,,False,
128,64,127,0.01,0.05,3,1.1,3,local_search,structured_sd_repair,1,1115274268,2026-08-11T12:00:08.062517+00:00,1,1000,10000,0.01527714729309082,0.2900717258453369,0.6904947757720947,248.219083070755,249.23799300193787,91,17,128,49,54,True,1000,1000,0,0,,,,,False,
128,64,127,0.01,0.05,3,1.1,3,local_search,posterior_aware_prange_repair,0,2109612343,2026-08-11T12:04:17.319713+00:00,1,1000,10000,0.015130758285522461,0.31437206268310547,0.6987321376800537,248.39067912101746,249.44131803512573,84,23,128,49,54,True,1000,1000,0,0,,,,,False,
128,64,127,0.01,0.05,3,1.1,3,local_search,posterior_aware_prange_repair,1,2034471826,2026-08-11T12:08:26.780130+00:00,1,1000,10000,0.015147686004638672,0.29141974449157715,0.6821799278259277,247.60473895072937,248.61576509475708,87,19,128,49,54,True,1000,1000,0,0,,,,,False,
128,64,127,0.01,0.05,3,1.2,3,random,induced_sd_repair,0,1539951411,2026-08-11T12:12:35.415121+00:00,1,1000,10000,0.015206098556518555,0.2955129146575928,0.6688778400421143,591.3480460643768,592.3498768806458,77,31,128,49,59,True,1000,1000,0,0,,,,,False,
128,64,127,0.01,0.05,3,1.2,3,random,induced_sd_repair,1,1029379534,2026-08-11T12:22:27.784355+00:00,1,1000,10000,0.014943122863769531,0.2900722026824951,0.6898818016052246,591.2159359455109,592.2331130504608,86,20,128,49,59,True,1000,1000,0,0,,,,,False,
128,64,127,0.01,0.05,3,1.2,3,random,structured_sd_repair,0,796988524,2026-08-11T12:32:20.036756+00:00,1,1000,10000,0.015219926834106445,0.3162801265716553,0.6206450462341309,589.6133949756622,590.5883860588074,96,22,128,49,59,True,1000,1000,0,0,,,,,False,
128,64,127,0.01,0.05,3,1.2,3,random,structured_sd_repair,1,1749238085,2026-08-11T12:42:10.644171+00:00,1,1000,10000,0.015120983123779297,0.289337158203125,0.6240441799163818,590.4283919334412,591.3800718784332,85,26,128,49,59,True,1000,1000,0,0,,,,,False,
128,64,127,0.01,0.05,3,1.2,3,random,posterior_aware_prange_repair,0,721028284,2026-08-11T12:52:02.043987+00:00,1,1000,10000,0.015288829803466797,0.2927389144897461,0.6921341419219971,590.6864020824432,591.7163462638855,88,24,128,49,59,True,1000,1000,0,0,,,,,False,
128,64,127,0.01,0.05,3,1.2,3,random,posterior_aware_prange_repair,1,802174408,2026-08-11T13:01:53.779527+00:00,1,1000,10000,0.01526188850402832,0.3164958953857422,0.6918611526489258,590.2610728740692,591.3067119121552,83,25,128,49,59,True,1000,1000,0,0,,,,,False,
128,64,127,0.01,0.05,3,1.2,3,linear_combination,induced_sd_repair,0,1323690968,2026-08-11T13:11:45.104964+00:00,1,1000,10000,0.014972209930419922,0.2928740978240967,0.6388199329376221,262.1664650440216,263.1353647708893,90,24,128,49,59,True,1000,1000,0,0,,,,,False,
128,64,127,0.01,0.05,3,1.2,3,linear_combination,induced_sd_repair,1,1605689910,2026-08-11T13:16:08.259164+00:00,1,1000,10000,0.014966011047363281,0.2850010395050049,0.603410005569458,261.4131052494049,262.33820271492004,86,16,128,49,59,True,1000,1000,0,0,,,,,False,
128,64,127,0.01,0.05,3,1.2,3,linear_combination,structured_sd_repair,0,1987019596,2026-08-11T13:20:30.615832+00:00,1,1000,10000,0.015091180801391602,0.2848849296569824,0.6500060558319092,261.2533040046692,262.22585892677307,94,19,128,49,59,True,1000,1000,0,0,,,,,False,
128,64,127,0.01,0.05,3,1.2,3,linear_combination,structured_sd_repair,1,516375572,2026-08-11T13:24:52.860273+00:00,1,1000,10000,0.015027761459350586,0.3139379024505615,0.610274076461792,261.78842401504517,262.7498881816864,91,20,128,49,59,True,1000,1000,0,0,,,,,False,
128,64,127,0.01,0.05,3,1.2,3,linear_combination,posterior_aware_prange_repair,0,1129038210,2026-08-11T13:29:15.628574+00:00,1,1000,10000,0.014990091323852539,0.2843351364135742,0.6666171550750732,261.18845319747925,262.17673683166504,89,23,128,49,59,True,1000,1000,0,0,,,,,False,
128,64,127,0.01,0.05,3,1.2,3,linear_combination,posterior_aware_prange_repair,1,1011227320,2026-08-11T13:33:37.824104+00:00,1,1000,10000,0.015172243118286133,0.2917039394378662,0.6025688648223877,261.2341001033783,262.1656119823456,91,12,128,49,59,True,1000,1000,0,0,,,,,False,
128,64,127,0.01,0.05,3,1.2,3,local_search,induced_sd_repair,0,1116168962,2026-08-11T13:38:00.008444+00:00,1,1000,10000,0.014933109283447266,0.2974662780761719,0.6576929092407227,248.07462906837463,249.0760567188263,99,15,128,49,59,True,1000,1000,0,0,,,,,False,
128,64,127,0.01,0.05,3,1.2,3,local_search,induced_sd_repair,1,1954277647,2026-08-11T13:42:09.103120+00:00,1,1000,10000,0.015039920806884766,0.29233717918395996,0.6085710525512695,247.88435912132263,248.82203578948975,91,21,128,49,59,True,1000,1000,0,0,,,,,False,
128,64,127,0.01,0.05,3,1.2,3,local_search,structured_sd_repair,0,762965255,2026-08-11T13:46:17.943957+00:00,1,1000,10000,0.01507115364074707,0.29297900199890137,0.6491429805755615,247.87880301475525,248.85808300971985,90,21,128,49,59,True,1000,1000,0,0,,,,,False,
128,64,127,0.01,0.05,3,1.2,3,local_search,structured_sd_repair,1,2090529273,2026-08-11T13:50:26.820584+00:00,1,1000,10000,0.01508188247680664,0.28934502601623535,0.6450371742248535,248.100909948349,249.07333302497864,90,26,128,49,59,True,1000,1000,0,0,,,,,False,
128,64,127,0.01,0.05,3,1.2,3,local_search,posterior_aware_prange_repair,0,1989164805,2026-08-11T13:54:35.912805+00:00,1,1000,10000,0.015090227127075195,0.3182399272918701,0.6060609817504883,248.4042420387268,249.3656620979309,81,20,128,49,59,True,1000,1000,0,0,,,,,False,
128,64,127,0.01,0.05,3,1.2,3,local_search,posterior_aware_prange_repair,1,1023914186,2026-08-11T13:58:45.296818+00:00,1,1000,10000,0.015095949172973633,0.2838878631591797,0.6053462028503418,248.5869472026825,249.51265716552734,78,19,128,49,59,True,1000,1000,0,0,,,,,False,
128,64,127,0.01,0.05,3,1.3,3,random,induced_sd_repair,0,1010194998,2026-08-11T14:02:54.828380+00:00,1,1000,10000,0.015167951583862305,0.2854881286621094,0.6446430683135986,508.6234200000763,509.59107780456543,94,20,128,49,64,True,1000,0,0,0,15.786,18,0.0,,False,
128,64,127,0.01,0.05,3,1.3,3,random,induced_sd_repair,1,1752778738,2026-08-11T14:11:24.438112+00:00,1,1000,10000,0.015027999877929688,0.29625606536865234,0.6280112266540527,511.93775391578674,512.9011750221252,89,24,128,49,64,True,1000,0,0,0,19.768,22,0.0,,False,
128,64,127,0.01,0.05,3,1.3,3,random,structured_sd_repair,0,1146666949,2026-08-11T14:19:57.359098+00:00,1,1000,10000,0.015105009078979492,0.2888832092285156,0.7147841453552246,71122.78384709358,71123.83632278442,90,22,128,49,64,True,1000,0,0,0,16.922,19,0.0,,False,
